model,provider,tokens_prompt,tokens_completion,tokens_reasoning,finish_reason,generation_time_ms,cost_total
hearth-70b,Coreline,1778,256,0,stop,3197,1.773056
hearth-70b,NimbusServe,1437,309,0,stop,71880,1.544624
hearth-70b,Coreline,3023,222,5,stop,2238,2.721341
hearth-70b,NimbusServe,1924,332,0,stop,6566,1.981531
hearth-70b,NimbusServe,2685,218,0,stop,5155,2.591417
hearth-70b,Steadfast,2468,373,0,stop,2876,2.611728
hearth-70b,Fastori,2050,338,3,stop,1070,2.300114
hearth-70b,NimbusServe,1903,465,0,stop,6073,2.035849
hearth-70b,Fastori,3301,227,2,stop,1491,3.270606
hearth-70b,NimbusServe,1900,352,4,stop,6334,1.976599
hearth-70b,Coreline,3437,325,2,stop,2736,3.050048
hearth-70b,NimbusServe,1850,363,0,stop,5864,1.851588
hearth-70b,Steadfast,2198,228,4,stop,4091,2.025836
hearth-70b,Fastori,2610,327,0,stop,1827,2.669489
hearth-70b,NimbusServe,2132,326,3,stop,4158,2.151936
hearth-70b,Fastori,1992,387,0,stop,1431,2.295048
hearth-70b,Steadfast,2761,287,3,stop,3299,2.670668
hearth-70b,NimbusServe,2468,361,0,stop,4781,2.499586
hearth-70b,Coreline,1805,329,1,stop,2974,1.734045
hearth-70b,Coreline,1241,245,0,stop,2805,1.219987
hearth-70b,NimbusServe,2668,357,2,stop,6440,2.814077
hearth-70b,Steadfast,3083,319,0,stop,3880,3.176577
hearth-70b,Fastori,3162,223,0,stop,1648,3.167312
hearth-70b,Fastori,2925,315,4,stop,1496,2.675409
hearth-70b,Fastori,2537,252,3,stop,1603,2.643947
hearth-70b,Fastori,1569,332,3,stop,1400,1.745180
hearth-70b,Fastori,3038,321,0,stop,1487,3.148940
hearth-70b,Coreline,2732,274,1,stop,2150,2.481649
hearth-70b,NimbusServe,3307,298,0,stop,115729,3.189726
hearth-70b,Steadfast,3221,351,2,stop,3753,3.407982
hearth-70b,NimbusServe,2801,309,0,stop,6820,3.021546
hearth-70b,Coreline,1956,487,1,stop,2204,2.399024
hearth-70b,Steadfast,2742,350,0,stop,4059,2.509752
hearth-70b,Coreline,2598,269,0,stop,2178,2.718013
hearth-70b,Fastori,3030,290,0,stop,1123,3.202279
hearth-70b,Fastori,2519,254,0,stop,1431,2.321446
hearth-70b,Fastori,1953,389,0,stop,1563,1.944961
hearth-70b,Fastori,3350,248,4,stop,1815,2.999753
hearth-70b,Steadfast,2398,302,0,stop,3592,2.366274
hearth-70b,Fastori,2861,288,6,stop,1576,2.988698
hearth-70b,NimbusServe,3018,385,7,stop,5676,3.146811
hearth-70b,Coreline,3114,247,5,stop,2057,3.101609
hearth-70b,NimbusServe,2732,341,0,stop,6334,2.897446
hearth-70b,Coreline,2263,292,2,stop,2341,2.408401
hearth-70b,NimbusServe,2985,476,4,stop,6121,3.102443
hearth-70b,NimbusServe,1589,456,8,stop,5594,1.984105
hearth-70b,NimbusServe,2956,289,0,stop,67548,3.194909
hearth-70b,Fastori,2166,342,0,stop,1236,2.152044
hearth-70b,Steadfast,2331,259,1,stop,3328,2.508287
hearth-70b,NimbusServe,1667,343,1,stop,6808,1.943889
hearth-70b,Steadfast,2424,418,4,stop,3580,2.568921
hearth-70b,Fastori,2318,302,7,stop,1502,2.424500
hearth-70b,Fastori,2600,271,3,stop,1106,2.515670
hearth-70b,NimbusServe,2607,381,0,stop,74068,2.722819
hearth-70b,NimbusServe,2011,341,0,stop,5589,2.318663
hearth-70b,Fastori,2210,357,4,stop,1478,2.379680
hearth-70b,Steadfast,2411,368,0,stop,4252,2.688250
hearth-70b,Steadfast,2808,302,0,stop,4191,2.535696
hearth-70b,Steadfast,2519,279,4,stop,4283,2.582098
hearth-70b,Steadfast,2104,372,0,stop,3318,2.056899
hearth-70b,Fastori,2423,345,1,stop,1856,2.597391
hearth-70b,Steadfast,2423,336,2,stop,3855,2.239656
hearth-70b,NimbusServe,2199,373,0,stop,83636,2.230348
hearth-70b,Fastori,2181,292,0,stop,1521,2.045796
hearth-70b,Coreline,2454,386,0,stop,2006,2.649529
hearth-70b,Steadfast,2769,298,4,stop,4691,2.884479
hearth-70b,NimbusServe,2706,240,3,stop,6415,2.538257
hearth-70b,Steadfast,1623,292,0,stop,4132,1.880220
hearth-70b,Steadfast,1899,426,3,stop,4059,2.069797
hearth-70b,Fastori,2108,385,0,stop,1347,2.450851
hearth-70b,NimbusServe,2323,323,0,stop,5734,2.419058
hearth-70b,NimbusServe,1776,363,0,stop,58650,1.851169
hearth-70b,Fastori,2559,190,5,stop,1279,2.343146
hearth-70b,Steadfast,1817,290,2,stop,4283,1.724447
hearth-70b,Coreline,2146,316,0,stop,2031,2.285117
hearth-70b,Steadfast,2174,258,3,stop,4234,2.249309
hearth-70b,Fastori,2771,307,0,stop,1299,2.538358
hearth-70b,Fastori,1846,290,3,stop,1368,1.878251
hearth-70b,Coreline,2163,180,0,stop,2680,2.258394
hearth-70b,Steadfast,1789,303,8,stop,16114,1.813065
hearth-70b,NimbusServe,2574,258,0,stop,5208,2.800174
hearth-70b,Steadfast,2468,355,0,stop,3422,2.307488
hearth-70b,NimbusServe,2638,439,0,stop,106645,2.623955
hearth-70b,Fastori,1641,309,1,stop,1499,1.823191
hearth-70b,Fastori,2489,341,0,stop,1051,2.718900
hearth-70b,NimbusServe,3038,278,0,stop,7319,2.789865
hearth-70b,Fastori,2642,485,0,stop,1422,2.920396
hearth-70b,NimbusServe,2303,267,2,stop,7429,2.393823
hearth-70b,NimbusServe,1849,305,2,stop,5448,1.790545
hearth-70b,Fastori,2206,337,0,stop,1237,2.094027
hearth-70b,Steadfast,3035,260,0,stop,3728,2.923395
hearth-70b,Fastori,2322,258,3,stop,1435,2.130883
hearth-70b,Coreline,2877,212,3,stop,3132,2.810860
hearth-70b,NimbusServe,1766,386,0,stop,98225,1.971487
hearth-70b,Fastori,2585,417,3,stop,1373,2.674846
hearth-70b,NimbusServe,1531,328,0,stop,5201,1.614787
hearth-70b,Steadfast,2268,290,0,stop,4631,2.180190
hearth-70b,NimbusServe,2519,298,0,stop,6550,2.426941
hearth-70b,NimbusServe,2771,317,2,stop,7114,2.819821
hearth-70b,Steadfast,2623,431,0,stop,24701,2.851847
hearth-70b,NimbusServe,2853,196,0,stop,6649,2.552485
hearth-70b,Coreline,3505,257,2,stop,2871,3.263234
hearth-70b,Fastori,2049,270,0,stop,1457,1.889851
hearth-70b,Steadfast,2566,437,0,stop,3772,2.913973
hearth-70b,NimbusServe,2627,269,4,stop,5891,2.615291
hearth-70b,NimbusServe,1826,252,0,stop,5517,1.919671
hearth-70b,Steadfast,3361,389,5,stop,3317,3.498099
hearth-70b,Coreline,2973,262,0,stop,2080,2.790923
hearth-70b,NimbusServe,2232,222,0,stop,6674,2.390757
hearth-70b,Fastori,2156,293,0,stop,1380,2.073065
hearth-70b,NimbusServe,2243,300,0,stop,7648,2.104382
hearth-70b,NimbusServe,2105,388,4,stop,6684,2.153831
hearth-70b,NimbusServe,2309,322,0,stop,5506,2.504194
hearth-70b,Fastori,2535,370,10,stop,1386,2.540791
hearth-70b,Steadfast,3153,338,2,stop,4276,3.106568
hearth-70b,NimbusServe,2437,228,0,stop,4845,2.251348
hearth-70b,Fastori,1725,279,0,stop,1309,1.750068
hearth-70b,Fastori,2545,256,0,stop,1526,2.452905
hearth-70b,Steadfast,2606,375,0,stop,4788,2.464218
hearth-70b,NimbusServe,2018,254,1,stop,6636,1.892287
hearth-70b,Fastori,2615,420,0,stop,1738,2.868068
hearth-70b,Steadfast,1655,354,4,stop,2992,1.651894
hearth-70b,Coreline,2871,266,0,stop,2399,2.548829
hearth-70b,Coreline,1944,257,0,stop,2161,2.170455
hearth-70b,Steadfast,2413,363,0,stop,4701,2.692383
hearth-70b,Steadfast,2318,245,4,stop,3626,2.417000
hearth-70b,Fastori,2878,379,0,stop,1345,3.151036
hearth-70b,Coreline,2287,396,3,stop,2085,2.541043
hearth-70b,Steadfast,2846,391,8,stop,4599,3.105746
hearth-70b,Coreline,2188,294,6,stop,2094,2.414983
hearth-70b,Coreline,2647,368,0,stop,2752,2.602635
hearth-70b,NimbusServe,3094,207,1,stop,6040,3.091599
hearth-70b,NimbusServe,1981,285,5,stop,5479,2.065807
hearth-70b,Fastori,2298,323,2,stop,1291,2.234927
hearth-70b,Fastori,1722,233,0,stop,1509,1.670421
hearth-70b,Fastori,2108,235,1,stop,1114,2.120383
hearth-70b,Steadfast,2272,264,0,stop,16283,2.448669
hearth-70b,NimbusServe,1994,306,0,stop,6967,1.988306
hearth-70b,Fastori,3587,342,0,stop,1618,3.728604
hearth-70b,Coreline,3349,342,0,stop,2087,3.547204
hearth-70b,Steadfast,2899,304,0,stop,20030,2.740110
hearth-70b,Coreline,2440,244,3,stop,2481,2.401007
hearth-70b,NimbusServe,2139,339,0,stop,5564,2.319354
hearth-70b,Steadfast,3033,383,3,stop,4044,2.856854
hearth-70b,NimbusServe,2454,351,0,stop,6915,2.643985
hearth-70b,Fastori,2514,447,0,stop,1407,2.700896
hearth-70b,Steadfast,2028,247,0,stop,3679,2.079983
hearth-70b,Coreline,2995,307,5,stop,2305,2.723009
hearth-70b,Steadfast,3111,383,0,stop,4082,3.051788
hearth-70b,Fastori,3287,325,0,stop,1489,3.111493
hearth-70b,NimbusServe,1781,353,0,stop,5292,1.850948
hearth-70b,Coreline,2771,266,0,stop,2617,2.739249
hearth-70b,NimbusServe,2415,367,0,stop,7738,2.531447
hearth-70b,Fastori,1894,190,0,stop,951,1.961001
hearth-70b,Steadfast,2578,290,0,stop,4166,2.376078
hearth-70b,Steadfast,2574,313,5,stop,3475,2.513914
hearth-70b,Coreline,2006,354,0,stop,2523,2.045379
hearth-70b,Fastori,3152,367,0,stop,1487,2.945672
hearth-70b,NimbusServe,2078,393,0,stop,5862,2.209674
hearth-70b,Steadfast,2269,324,2,stop,4156,2.225210
hearth-70b,NimbusServe,3386,398,10,stop,6093,3.292053
hearth-70b,Fastori,1765,389,0,stop,1807,2.004582
hearth-70b,NimbusServe,1535,379,1,stop,6133,1.607875
hearth-70b,NimbusServe,1541,271,0,stop,95727,1.767233
hearth-70b,Steadfast,2948,306,3,stop,5047,3.013061
hearth-70b,NimbusServe,2024,295,1,stop,7676,1.937976
hearth-70b,Steadfast,2320,272,0,stop,3871,2.429965
hearth-70b,Coreline,2315,229,2,stop,2812,2.447036
hearth-70b,NimbusServe,3127,304,2,stop,7815,3.345584
hearth-70b,Fastori,2123,278,0,stop,1713,1.955425
hearth-70b,NimbusServe,2679,363,0,stop,50362,2.923659
hearth-70b,Fastori,2660,264,0,stop,1457,2.681502
hearth-70b,Steadfast,1801,374,0,stop,4089,2.131249
hearth-70b,Coreline,2787,249,4,stop,2559,2.859112
hearth-70b,NimbusServe,2207,365,0,stop,5445,2.500963
hearth-70b,Fastori,1653,351,2,stop,1604,1.701389
hearth-70b,Coreline,2901,319,0,stop,2777,3.090635
hearth-70b,Steadfast,2308,356,0,stop,4092,2.302553
hearth-70b,Fastori,2765,353,3,stop,1920,2.985756
hearth-70b,NimbusServe,2180,255,0,stop,6091,2.073513
hearth-70b,NimbusServe,3376,305,0,stop,5500,3.476245
hearth-70b,Coreline,2658,389,2,stop,2689,2.894369
hearth-70b,Coreline,2440,383,0,stop,2785,2.746864
hearth-70b,NimbusServe,2877,242,0,stop,6785,2.807134
hearth-70b,Steadfast,2541,363,0,stop,3594,2.733115
hearth-70b,Coreline,1573,360,0,stop,2593,1.627281
hearth-70b,Coreline,1397,303,0,stop,2532,1.405707
hearth-70b,NimbusServe,2089,291,8,stop,7748,2.016156
hearth-70b,Fastori,2242,260,0,stop,1548,2.219602
hearth-70b,NimbusServe,1524,376,0,stop,6479,1.554538
hearth-70b,Coreline,1949,404,0,stop,3013,1.972950
hearth-70b,Coreline,1797,458,8,stop,2553,2.224665
hearth-70b,NimbusServe,2469,286,0,stop,86906,2.657349
hearth-70b,NimbusServe,2920,276,0,stop,7586,2.608360
hearth-70b,Coreline,1602,243,0,stop,2547,1.815561
hearth-70b,NimbusServe,2302,322,0,stop,5960,2.469614
hearth-70b,Fastori,2673,259,0,stop,1229,2.761633
hearth-70b,Steadfast,1863,274,2,stop,3781,1.962527
hearth-70b,Coreline,1930,397,0,stop,2401,2.222236
hearth-70b,NimbusServe,2949,367,4,stop,78015,2.861597
hearth-70b,Coreline,2954,411,2,stop,1837,3.316013
hearth-70b,NimbusServe,1421,335,0,stop,5863,1.539170
hearth-70b,Steadfast,3277,299,0,stop,15208,3.009627
hearth-70b,NimbusServe,2674,432,5,stop,7945,2.819057
hearth-70b,Coreline,2019,295,0,stop,2626,2.110580
hearth-70b,Steadfast,3133,380,0,stop,4333,3.371305
hearth-70b,NimbusServe,1907,193,0,stop,72103,1.891238
hearth-70b,Coreline,2755,194,0,stop,2132,2.580322
hearth-70b,NimbusServe,2752,268,4,stop,6210,2.815975
hearth-70b,NimbusServe,2077,192,1,stop,5384,2.209691
hearth-70b,Coreline,2857,303,3,stop,2933,2.754760
hearth-70b,Fastori,2018,282,1,stop,1513,1.948254
hearth-70b,Steadfast,2069,241,2,stop,4099,2.278908
hearth-70b,Steadfast,2679,181,1,stop,25884,2.481756
hearth-70b,NimbusServe,2707,329,1,stop,5666,2.537144
hearth-70b,NimbusServe,2276,346,0,stop,55562,2.433124
hearth-70b,NimbusServe,2106,274,0,stop,7165,2.197369
hearth-70b,Steadfast,1741,273,0,stop,4511,1.808056
hearth-70b,Steadfast,2011,315,0,stop,4453,2.059920
hearth-70b,Coreline,3114,378,4,stop,3101,3.061127
hearth-70b,Steadfast,2143,313,3,stop,4002,2.300379
hearth-70b,Fastori,2643,389,0,stop,1037,2.960934
hearth-70b,NimbusServe,2195,351,0,stop,4747,2.117708
hearth-70b,Fastori,3159,318,0,stop,1221,2.893407
hearth-70b,NimbusServe,2679,344,0,stop,86688,2.478804
hearth-70b,NimbusServe,2403,390,1,stop,5916,2.680880
hearth-70b,Steadfast,2731,350,1,stop,5022,2.643934
hearth-70b,Steadfast,2067,250,4,stop,4292,1.948995
hearth-70b,Coreline,2935,451,0,stop,2668,2.930802
hearth-70b,NimbusServe,1786,479,5,stop,5461,2.154810
hearth-70b,Steadfast,1827,303,6,stop,3667,2.096178
hearth-70b,Fastori,1425,381,4,stop,1517,1.708924
hearth-70b,Coreline,2478,269,0,stop,2201,2.508395
hearth-70b,Steadfast,1829,278,0,stop,4508,2.072399
hearth-70b,Fastori,1896,335,5,stop,1800,2.116226
hearth-70b,NimbusServe,3221,270,3,stop,76369,3.003168
hearth-70b,Steadfast,2927,221,0,stop,4093,2.795278
hearth-70b,Steadfast,2723,402,0,stop,5255,2.693973
hearth-70b,Steadfast,2366,173,3,stop,4516,2.059052
hearth-70b,Coreline,2469,447,6,stop,2940,2.872364
hearth-70b,Steadfast,1724,394,6,stop,4065,1.819323
hearth-70b,Fastori,2236,287,4,stop,1430,2.433606
hearth-70b,Coreline,3068,316,0,stop,2264,3.165567
hearth-70b,Coreline,1935,281,0,stop,13003,1.929005
hearth-70b,Fastori,2855,442,0,stop,1639,3.072085
hearth-70b,NimbusServe,2215,271,2,stop,6325,2.078875
hearth-70b,NimbusServe,2568,244,2,stop,7208,2.294658
hearth-70b,NimbusServe,3059,374,0,stop,109278,3.182587
hearth-70b,NimbusServe,3244,218,5,stop,57744,3.429027
hearth-70b,NimbusServe,1613,278,1,stop,7049,1.712762
hearth-70b,Steadfast,1960,258,4,stop,4170,1.910375
hearth-70b,Coreline,2815,303,3,stop,2825,2.576645
hearth-70b,NimbusServe,1873,415,7,stop,5496,1.861959
hearth-70b,Fastori,1393,178,0,stop,1609,1.340045
hearth-70b,Steadfast,2457,360,2,stop,4542,2.463744
hearth-70b,Fastori,3086,409,0,stop,1380,3.323667
hearth-70b,NimbusServe,2493,409,0,stop,81259,2.619241
hearth-70b,Coreline,2964,369,0,stop,3339,2.819745
hearth-70b,Steadfast,3395,327,0,stop,3597,3.269166
hearth-70b,Fastori,1303,254,3,stop,1246,1.388041
hearth-70b,NimbusServe,2286,390,3,stop,6020,2.182668
hearth-70b,Steadfast,1157,298,0,stop,13679,1.364619
hearth-70b,Fastori,2517,366,0,stop,1240,2.453028
hearth-70b,Steadfast,3073,227,0,stop,4584,2.966915
hearth-70b,Steadfast,2946,346,1,stop,3801,3.127630
hearth-70b,Fastori,2047,409,10,stop,1333,2.245507
hearth-70b,Steadfast,1869,288,0,stop,4534,1.849650
hearth-70b,Coreline,2408,402,0,stop,1873,2.453309
hearth-70b,NimbusServe,3539,356,9,stop,5694,3.848567
hearth-70b,Coreline,1978,422,0,length,2169,2.040159
hearth-70b,Coreline,2799,377,5,stop,2647,2.728360
hearth-70b,NimbusServe,1742,270,0,stop,6506,1.703257
hearth-70b,NimbusServe,2486,437,4,stop,6900,2.419837
hearth-70b,NimbusServe,2002,418,0,stop,6877,2.240290
hearth-70b,Coreline,2939,365,3,stop,2794,2.958859
hearth-70b,Coreline,1733,284,0,stop,2636,1.762315
hearth-70b,Fastori,1177,203,0,stop,1380,1.167143
hearth-70b,NimbusServe,1453,393,5,stop,6773,1.721549
hearth-70b,NimbusServe,2323,282,0,stop,5282,2.127881
hearth-70b,NimbusServe,2901,275,0,stop,5946,2.750429
hearth-70b,Steadfast,1955,308,0,stop,3449,1.995607
hearth-70b,Fastori,2618,334,0,stop,1083,2.597637
hearth-70b,Fastori,3065,344,0,stop,1326,2.880934
hearth-70b,NimbusServe,2007,314,5,stop,5468,2.066301
hearth-70b,NimbusServe,3508,426,0,stop,7834,3.759279
hearth-70b,NimbusServe,2759,362,2,stop,7520,2.549575
hearth-70b,NimbusServe,2058,344,0,stop,4957,2.331342
hearth-70b,NimbusServe,1536,301,0,stop,4956,1.499147
hearth-70b,Steadfast,2223,407,2,stop,4148,2.370448
hearth-70b,Fastori,1813,407,7,stop,1580,1.906285
hearth-70b,Steadfast,2429,237,0,stop,4475,2.385586
hearth-70b,Coreline,1921,319,0,stop,2580,2.207414
hearth-70b,Steadfast,2038,261,2,stop,4215,2.059636
hearth-70b,Steadfast,2349,275,0,stop,4734,2.287383
hearth-70b,Steadfast,1593,272,3,stop,4329,1.563406
hearth-70b,Coreline,3065,229,0,stop,2237,2.977869
hearth-70b,NimbusServe,3058,277,0,stop,6569,3.113954
hearth-70b,Coreline,2338,309,0,stop,2254,2.362753
hearth-70b,Steadfast,2250,385,0,stop,19224,2.598825
hearth-70b,Steadfast,2115,330,3,stop,3824,2.217705
hearth-70b,NimbusServe,2196,345,2,stop,4510,2.370913
hearth-70b,NimbusServe,2298,289,6,stop,7590,2.166998
hearth-70b,Coreline,3543,217,0,stop,2574,3.463577
hearth-70b,NimbusServe,1887,347,0,stop,6983,1.831898
hearth-70b,Coreline,2053,405,0,stop,2892,2.430797
hearth-70b,Coreline,2382,252,1,stop,2761,2.426097
hearth-70b,Fastori,2403,316,0,stop,1487,2.250242
hearth-70b,Coreline,2285,246,1,stop,2512,2.144263
hearth-70b,NimbusServe,2220,242,0,stop,5496,2.332973
hearth-70b,Coreline,2564,458,0,stop,2714,2.585132
hearth-70b,NimbusServe,2057,339,0,stop,6942,2.334427
hearth-70b,NimbusServe,1568,348,0,stop,7211,1.625043
hearth-70b,Fastori,1519,350,1,stop,1271,1.646680
hearth-70b,Steadfast,3314,368,1,stop,22873,3.322175
hearth-70b,Fastori,2485,351,0,stop,1474,2.328379
hearth-70b,Fastori,2394,279,1,stop,1456,2.435168
hearth-70b,Steadfast,2054,256,0,stop,3735,2.166046
hearth-70b,NimbusServe,2900,244,0,stop,5162,2.681492
hearth-70b,Steadfast,2457,386,0,stop,4886,2.400622
hearth-70b,Coreline,2599,425,0,stop,1625,2.560710
hearth-70b,Fastori,2461,274,1,stop,1310,2.322595
hearth-70b,NimbusServe,2663,234,0,stop,5550,2.444085
hearth-70b,Fastori,1763,450,11,stop,1625,2.137020
hearth-70b,NimbusServe,1880,281,1,stop,6785,1.956114
hearth-70b,Steadfast,2221,309,1,stop,3920,2.196539
hearth-70b,NimbusServe,2367,376,6,stop,5570,2.347221
hearth-70b,NimbusServe,2674,285,2,stop,5533,2.827567
hearth-70b,Steadfast,2709,255,0,stop,3080,2.750333
hearth-70b,Fastori,2654,288,0,stop,1648,2.702110
hearth-70b,NimbusServe,2744,175,0,stop,6525,2.705905
hearth-70b,NimbusServe,1674,321,0,stop,4888,1.900530
hearth-70b,Steadfast,3039,391,0,stop,4635,2.803057
hearth-70b,Coreline,2665,323,0,stop,3067,2.522328
hearth-70b,NimbusServe,2394,424,0,stop,5537,2.772007
hearth-70b,Fastori,2339,349,0,stop,1368,2.480676
hearth-70b,NimbusServe,1974,345,2,stop,6218,2.210986
hearth-70b,Coreline,2578,314,0,stop,2449,2.780782
hearth-70b,NimbusServe,2076,277,0,stop,6370,1.918140
hearth-70b,Fastori,2027,347,0,stop,1476,1.978563
hearth-70b,Fastori,2015,304,1,stop,1697,1.907407
hearth-70b,Steadfast,1424,366,0,stop,3335,1.539723
hearth-70b,NimbusServe,2251,453,0,stop,5579,2.541465
hearth-70b,NimbusServe,1612,295,0,stop,6024,1.779927
hearth-70b,Coreline,2209,445,6,stop,2244,2.169447
hearth-70b,Coreline,914,303,2,stop,2953,1.191240
hearth-70b,Fastori,2992,363,4,stop,1838,2.808429
hearth-70b,Coreline,2881,379,3,stop,2619,3.131333
hearth-70b,Coreline,2458,381,4,stop,1835,2.477022
hearth-70b,Coreline,2405,324,0,stop,2607,2.415393
hearth-70b,Coreline,2356,324,10,stop,2138,2.545655
hearth-70b,Fastori,1905,363,0,stop,1600,2.243576
hearth-70b,Coreline,1905,276,0,stop,3081,1.801992
hearth-70b,NimbusServe,2359,295,0,stop,4770,2.315018
hearth-70b,Coreline,3470,321,6,stop,1967,3.519606
hearth-70b,NimbusServe,1245,234,0,stop,5684,1.352608
hearth-70b,Coreline,2053,262,4,stop,2397,2.195495
hearth-70b,NimbusServe,2742,247,3,stop,6422,2.423543
hearth-70b,Steadfast,2495,335,0,stop,4858,2.570794
hearth-70b,Coreline,3384,265,0,stop,2762,3.079162
hearth-70b,NimbusServe,1890,395,0,stop,116855,1.920785
hearth-70b,NimbusServe,3407,278,0,stop,6609,3.454355
hearth-70b,Steadfast,2872,294,0,stop,3727,3.112515
hearth-70b,Fastori,2725,368,0,stop,1481,2.718112
hearth-70b,NimbusServe,1717,397,0,stop,7295,2.046696
hearth-70b,NimbusServe,1975,266,0,stop,5741,2.075737
hearth-70b,NimbusServe,2259,349,0,stop,6988,2.218397
hearth-70b,Coreline,2233,350,4,stop,3303,2.378979
hearth-70b,Fastori,2201,347,0,stop,1621,2.300545
hearth-70b,Fastori,2021,400,2,stop,1578,2.244852
hearth-70b,NimbusServe,1929,329,5,stop,6497,2.095033
hearth-70b,Coreline,1339,315,0,stop,2628,1.547623
hearth-70b,Coreline,1977,269,4,stop,2347,1.987944
hearth-70b,Steadfast,2412,409,2,stop,3792,2.786715
hearth-70b,Fastori,1901,207,0,stop,1578,1.762374
hearth-70b,Coreline,1666,275,1,stop,2322,1.682613
hearth-70b,Steadfast,2581,303,6,stop,3689,2.380610
hearth-70b,Fastori,1917,263,4,stop,1414,1.990931
hearth-70b,NimbusServe,2696,370,1,stop,5001,2.735064
hearth-70b,NimbusServe,1588,315,0,stop,5546,1.567896
hearth-70b,Steadfast,2382,393,4,stop,4489,2.703138
hearth-70b,Steadfast,2346,291,4,stop,4515,2.212527
hearth-70b,Fastori,2192,241,0,stop,1368,2.394475
hearth-70b,NimbusServe,1997,252,7,stop,6617,2.130067
hearth-70b,Steadfast,3384,301,0,stop,3410,3.118909
hearth-70b,Coreline,2958,315,0,stop,1717,3.006790
hearth-70b,NimbusServe,2680,417,3,stop,6145,2.565554
hearth-70b,Fastori,2428,360,0,stop,1522,2.270651
hearth-70b,NimbusServe,3134,408,0,stop,4838,3.368587
hearth-70b,Fastori,2690,217,0,stop,10203,2.822552
hearth-70b,Fastori,1962,202,0,stop,1245,1.774499
hearth-70b,Coreline,3058,326,0,stop,2273,2.833111
hearth-70b,NimbusServe,2637,330,1,stop,6269,2.502371
hearth-70b,Steadfast,2953,294,2,stop,4011,3.095891
hearth-70b,Coreline,2759,329,6,stop,3152,2.582982
hearth-70b,Steadfast,2085,294,0,stop,5030,2.096321
hearth-70b,NimbusServe,2362,408,9,stop,4579,2.574272
hearth-70b,NimbusServe,2093,260,0,stop,5408,2.101710
hearth-70b,Steadfast,1429,424,0,stop,3015,1.639362
hearth-70b,Steadfast,2629,276,4,stop,4909,2.495472
hearth-70b,Steadfast,2504,300,0,stop,4648,2.280151
hearth-70b,Coreline,2896,398,5,stop,2607,3.211625
hearth-70b,Fastori,2222,421,0,stop,1562,2.162650
hearth-70b,NimbusServe,2586,427,1,stop,5643,2.769231
hearth-70b,NimbusServe,2425,254,0,stop,6014,2.355803
hearth-70b,NimbusServe,1772,392,2,stop,50670,2.018740
hearth-70b,Fastori,2416,440,13,stop,1553,2.560534
hearth-70b,NimbusServe,1583,280,1,stop,5894,1.515480
hearth-70b,NimbusServe,2172,329,4,stop,6959,2.303921
hearth-70b,Fastori,1592,315,2,stop,1813,1.802712
hearth-70b,Steadfast,1453,362,0,stop,3837,1.567914
hearth-70b,NimbusServe,2053,285,4,stop,6507,2.226110
hearth-70b,Steadfast,1880,290,0,stop,4152,2.105158
hearth-70b,Coreline,1959,352,2,stop,3134,2.015684
hearth-70b,Steadfast,3112,324,0,stop,2486,3.376009
hearth-70b,NimbusServe,2750,301,3,stop,6130,2.951047
hearth-70b,Fastori,2484,263,3,stop,1312,2.248553
hearth-70b,Fastori,3636,233,2,stop,1182,3.203159
hearth-70b,Steadfast,2460,257,0,stop,4486,2.520236
hearth-70b,NimbusServe,1905,237,2,stop,5784,2.029980
hearth-70b,NimbusServe,3103,259,2,stop,6187,3.064289
hearth-70b,Steadfast,2483,256,1,stop,4253,2.448757
hearth-70b,Steadfast,2335,362,0,stop,4196,2.372463
hearth-70b,Coreline,2771,335,7,stop,2926,3.074211
hearth-70b,Fastori,2505,469,2,stop,1598,2.452729
hearth-70b,Steadfast,3755,336,1,stop,3409,3.365862
hearth-70b,NimbusServe,2603,223,0,stop,5265,2.745934
hearth-70b,Steadfast,1901,310,0,stop,3595,1.942668
hearth-70b,Fastori,2869,303,0,stop,1350,2.775881
hearth-70b,Coreline,2104,248,0,stop,2600,2.051638
hearth-70b,Coreline,3133,362,0,stop,2739,3.064136
hearth-70b,Steadfast,2472,260,0,stop,4443,2.586543
hearth-70b,Coreline,3000,349,4,stop,2453,2.743085
hearth-70b,NimbusServe,2427,359,0,stop,6843,2.389791
hearth-70b,NimbusServe,2093,291,4,stop,6491,2.345555
hearth-70b,Fastori,1822,255,1,stop,1321,1.953108
hearth-70b,Steadfast,2430,411,4,stop,3261,2.804981
hearth-70b,Steadfast,2003,317,0,stop,4200,2.276482
hearth-70b,Coreline,1954,281,4,stop,2531,1.866228
hearth-70b,Steadfast,2969,286,0,stop,4152,3.061925
hearth-70b,Fastori,2734,272,0,stop,1468,2.648300
hearth-70b,NimbusServe,1720,390,0,stop,6846,1.744451
hearth-70b,Fastori,1760,322,0,stop,1633,1.798192
hearth-70b,NimbusServe,2634,303,0,stop,5816,2.846376
hearth-70b,Coreline,1448,247,3,stop,2276,1.628871
hearth-70b,Steadfast,2628,332,0,stop,3945,2.821449
hearth-70b,Coreline,2118,272,0,stop,1900,2.030747
hearth-70b,Fastori,2133,240,1,stop,1449,1.994689
hearth-70b,Coreline,2462,270,0,stop,2489,2.477120
hearth-70b,Steadfast,2053,249,0,stop,4023,1.978769
hearth-70b,NimbusServe,1936,356,2,stop,6622,1.940598
hearth-70b,Fastori,2543,349,2,stop,1007,2.458045
hearth-70b,Steadfast,1662,265,0,stop,3493,1.877675
hearth-70b,Steadfast,2363,268,4,stop,4432,2.163255
hearth-70b,NimbusServe,2083,334,8,stop,7265,2.037793
hearth-70b,Steadfast,2348,287,2,stop,4161,2.337293
hearth-70b,Fastori,3182,272,1,stop,1521,2.899397
hearth-70b,Steadfast,1896,382,1,stop,2657,2.213891
hearth-70b,Steadfast,2114,271,0,stop,3660,2.256693
hearth-70b,Fastori,1035,287,0,stop,1508,1.291889
hearth-70b,Coreline,1941,231,0,stop,2654,1.839311
hearth-70b,Coreline,2805,377,2,stop,2076,3.148465
hearth-70b,Steadfast,2161,395,0,stop,3933,2.280950
hearth-70b,NimbusServe,1900,363,0,stop,7206,2.038393
hearth-70b,Steadfast,2835,314,0,stop,4762,3.078828
hearth-70b,Coreline,1635,284,2,stop,2496,1.616788
hearth-70b,NimbusServe,2603,238,0,stop,6377,2.764690
hearth-70b,Steadfast,1269,276,0,stop,4315,1.331516
hearth-70b,NimbusServe,2381,317,3,stop,6387,2.270648
hearth-70b,NimbusServe,2982,329,3,stop,5102,2.690536
hearth-70b,Fastori,1814,368,0,stop,973,1.767663
hearth-70b,Fastori,1986,371,0,stop,1182,2.089268
hearth-70b,Fastori,3506,323,0,stop,1522,3.727452
hearth-70b,NimbusServe,2088,343,0,stop,97176,2.164823
hearth-70b,Fastori,1852,356,0,stop,1491,2.129931
hearth-70b,Steadfast,2840,347,1,stop,3719,2.961582
hearth-70b,Coreline,2557,315,0,stop,2941,2.718666
hearth-70b,Fastori,2046,199,1,stop,1246,2.096625
hearth-70b,Coreline,3061,289,0,stop,2183,3.103491
hearth-70b,Coreline,2894,391,0,stop,2174,3.023799
hearth-70b,Fastori,2543,342,0,stop,1354,2.778473
hearth-70b,Fastori,2254,327,0,stop,1622,2.094665
hearth-70b,Coreline,1911,263,1,stop,2722,2.141112
hearth-70b,Coreline,2695,425,6,stop,3406,2.883969
hearth-70b,NimbusServe,2497,217,2,stop,4447,2.469867
hearth-70b,Steadfast,3201,363,0,stop,3071,3.475995
hearth-70b,Fastori,1597,299,3,stop,1518,1.666984
hearth-70b,Coreline,2097,333,0,stop,1912,2.107931
hearth-70b,Coreline,1237,313,2,stop,2151,1.270899
hearth-70b,Coreline,2515,308,0,stop,3137,2.651736
hearth-70b,Fastori,1624,376,8,stop,1427,1.779887
hearth-70b,NimbusServe,2921,378,2,stop,7545,2.756437
hearth-70b,Fastori,2598,338,3,stop,1438,2.832517
hearth-70b,Steadfast,2354,378,0,stop,2996,2.438489
hearth-70b,Coreline,2885,258,0,stop,2979,2.997375
hearth-70b,NimbusServe,1605,386,0,stop,7822,1.947141
hearth-70b,NimbusServe,3011,266,4,stop,5056,3.181131
hearth-70b,Steadfast,2071,229,0,stop,2529,1.903289
hearth-70b,NimbusServe,2222,376,7,stop,78690,2.419536
hearth-70b,Fastori,2471,314,5,stop,1459,2.524694
hearth-70b,Steadfast,3220,403,0,stop,4472,3.428140
hearth-70b,Steadfast,2240,265,0,stop,4873,2.051569
hearth-70b,Steadfast,2240,448,5,stop,3275,2.304199
hearth-70b,Fastori,2473,250,0,stop,1243,2.364698
hearth-70b,Coreline,2467,284,1,stop,2263,2.531200
hearth-70b,NimbusServe,1457,355,0,stop,6547,1.638298
hearth-70b,Steadfast,2334,337,1,stop,4406,2.287670
hearth-70b,Coreline,2676,353,3,stop,2794,2.529378
hearth-70b,Steadfast,2467,426,0,stop,4169,2.768981
hearth-70b,Fastori,2633,369,2,stop,1299,2.532297
hearth-70b,Fastori,2740,364,4,stop,1383,2.559830
hearth-70b,Fastori,1874,304,0,stop,1604,1.864526
hearth-70b,Steadfast,2134,357,3,stop,4462,2.454908
hearth-70b,Coreline,2399,321,2,stop,2607,2.398457
hearth-70b,Fastori,1730,426,3,stop,1224,1.892860
hearth-70b,Steadfast,2420,248,1,stop,3977,2.429630
hearth-70b,Steadfast,2287,295,8,stop,3658,2.337406
hearth-70b,Coreline,3760,387,1,stop,2512,3.445616
hearth-70b,Steadfast,2774,204,5,stop,3655,2.932870
hearth-70b,Coreline,1528,382,0,stop,1632,1.711332
hearth-70b,Coreline,1425,322,5,stop,2373,1.537635
hearth-70b,Coreline,1828,341,2,stop,2460,1.762566
hearth-70b,Steadfast,2275,455,0,stop,3559,2.477683
hearth-70b,Coreline,3128,290,0,stop,2622,3.104104
hearth-70b,Steadfast,2329,329,0,stop,3434,2.466324
hearth-70b,Coreline,2344,362,0,stop,2105,2.530757
hearth-70b,Steadfast,2631,300,0,stop,4505,2.445214
hearth-70b,NimbusServe,2118,318,2,stop,78337,2.009410
hearth-70b,Coreline,2303,243,0,stop,2299,2.298309
hearth-70b,NimbusServe,3644,280,2,stop,4417,3.188313
hearth-70b,Steadfast,2653,436,5,stop,4409,2.557044
hearth-70b,Steadfast,2805,220,1,stop,4157,2.609529
hearth-70b,Steadfast,2073,226,1,stop,4731,2.128569
hearth-70b,NimbusServe,2653,404,0,stop,6105,2.920811
hearth-70b,NimbusServe,1693,230,0,stop,5604,1.774360
hearth-70b,Steadfast,3113,449,3,stop,3891,3.482350
hearth-70b,Fastori,2610,431,6,stop,1256,2.856031
hearth-70b,Fastori,1970,348,5,stop,1245,1.939795
hearth-70b,Fastori,2519,292,0,stop,1207,2.330883
hearth-70b,Coreline,1669,317,2,stop,2494,1.642533
hearth-70b,NimbusServe,1385,301,2,stop,70039,1.399513
hearth-70b,NimbusServe,2905,268,0,stop,5742,2.770726
hearth-70b,NimbusServe,2316,346,0,stop,5464,2.278620
hearth-70b,NimbusServe,2970,451,3,stop,5260,3.270585
hearth-70b,Steadfast,2691,393,0,stop,3922,2.902685
hearth-70b,Coreline,2635,383,0,stop,2842,2.672093
hearth-70b,Fastori,3125,406,2,stop,1736,3.391763
hearth-70b,Coreline,2414,220,5,stop,2109,2.453903
hearth-70b,NimbusServe,2986,345,0,stop,118244,3.175285
hearth-70b,Steadfast,2323,278,0,stop,4450,2.404279
hearth-70b,NimbusServe,2662,240,0,stop,96309,2.830365
hearth-70b,Fastori,3404,329,0,stop,1244,3.092834
hearth-70b,NimbusServe,3016,241,3,stop,6451,3.018208
hearth-70b,Steadfast,2588,308,0,stop,3396,2.464138
hearth-70b,Coreline,2154,259,1,stop,2049,1.977595
hearth-70b,Fastori,1507,377,6,stop,1475,1.604269
hearth-70b,NimbusServe,2306,296,3,stop,7431,2.190226
hearth-70b,NimbusServe,1722,327,3,stop,6464,1.934588
hearth-70b,Coreline,2840,321,0,stop,2419,2.922730
hearth-70b,NimbusServe,2265,347,5,stop,5163,2.342919
hearth-70b,NimbusServe,2603,328,1,stop,6452,2.391525
hearth-70b,Fastori,2692,397,0,stop,1191,2.923754
hearth-70b,Coreline,2081,284,0,stop,2291,2.141016
hearth-70b,Fastori,1982,285,0,stop,1726,2.141329
hearth-70b,Coreline,1791,304,1,stop,3276,2.050384
hearth-70b,Steadfast,3457,285,5,stop,3962,3.399182
hearth-70b,Steadfast,3067,291,1,stop,3750,3.233534
hearth-70b,Fastori,3011,192,2,stop,1506,2.969549
hearth-70b,Fastori,3176,233,3,stop,1616,3.254155
hearth-70b,NimbusServe,2368,317,0,stop,103944,2.632817
hearth-70b,Coreline,1978,347,0,stop,2253,2.018924
hearth-70b,Coreline,1940,297,0,stop,2964,2.192148
hearth-70b,Fastori,3266,373,2,stop,1551,3.559297
hearth-70b,NimbusServe,3159,269,2,stop,6124,3.166662
hearth-70b,NimbusServe,3226,277,3,stop,6895,2.999257
hearth-70b,Coreline,1976,273,3,stop,2587,2.200793
hearth-70b,Coreline,2727,235,0,stop,2574,2.780154
hearth-70b,NimbusServe,2486,390,7,stop,100858,2.689052
hearth-70b,NimbusServe,2320,331,2,stop,6100,2.560883
hearth-70b,Fastori,1797,327,0,stop,1496,1.842147
hearth-70b,NimbusServe,1958,326,0,stop,98540,2.214212
hearth-70b,Steadfast,2789,203,0,stop,4141,2.925724
hearth-70b,NimbusServe,1407,209,1,stop,6582,1.533112
hearth-70b,NimbusServe,2541,222,0,stop,6328,2.685824
hearth-70b,Fastori,1918,231,2,stop,1037,1.996278
hearth-70b,Coreline,2842,224,0,stop,2248,3.012765
hearth-70b,NimbusServe,1822,375,0,stop,5330,1.937542
hearth-70b,Fastori,1925,343,1,stop,1057,2.095212
hearth-70b,Fastori,2062,385,0,stop,1105,2.386978
hearth-70b,Fastori,1439,416,0,stop,1694,1.669181
hearth-70b,NimbusServe,2688,268,0,stop,4923,2.484591
hearth-70b,Steadfast,3019,367,0,stop,3638,2.803504
hearth-70b,NimbusServe,2038,247,0,stop,50183,1.955177
hearth-70b,Steadfast,2447,321,1,stop,3290,2.681383
hearth-70b,Fastori,2678,179,2,stop,1441,2.549053
hearth-70b,Coreline,2364,326,0,stop,2792,2.569928
hearth-70b,NimbusServe,2522,309,0,stop,5193,2.741268
hearth-70b,Steadfast,3061,350,0,stop,4185,3.178013
hearth-70b,Fastori,2056,309,0,stop,1350,1.966071
hearth-70b,Steadfast,2566,274,1,stop,4229,2.554917
hearth-70b,Coreline,1229,312,0,stop,2891,1.432700
hearth-70b,NimbusServe,2361,304,4,stop,7832,2.486289
hearth-70b,NimbusServe,3363,293,1,stop,7531,3.149707
hearth-70b,NimbusServe,2538,263,7,stop,5795,2.593586
hearth-70b,NimbusServe,2242,278,0,stop,7046,2.318598
hearth-70b,Fastori,2414,243,1,stop,1439,2.361663
hearth-70b,NimbusServe,3312,353,0,stop,6223,3.437926
hearth-70b,Coreline,2623,382,3,stop,1880,2.810638
hearth-70b,Fastori,2605,357,0,stop,1609,2.549127
hearth-70b,Steadfast,2768,239,4,stop,4409,2.970508
hearth-70b,Coreline,2289,361,0,stop,2312,2.458562
hearth-70b,Steadfast,2545,318,0,stop,3220,2.772930
hearth-70b,Fastori,1970,221,1,stop,1130,1.833437
hearth-70b,Coreline,2077,329,5,stop,2715,2.167133
hearth-70b,NimbusServe,2322,252,2,stop,5265,2.468376
hearth-70b,Fastori,1830,324,0,stop,1534,1.768013
hearth-70b,Fastori,2239,350,6,stop,1501,2.149442
hearth-70b,NimbusServe,2335,336,0,stop,6539,2.391516
hearth-70b,NimbusServe,2419,183,0,stop,5618,2.213293
hearth-70b,Fastori,2290,369,4,stop,1374,2.503925
hearth-70b,Fastori,2270,446,0,stop,1483,2.226578
hearth-70b,Steadfast,1014,326,4,stop,3239,1.325111
hearth-70b,Coreline,2047,473,4,stop,2527,2.273646
hearth-70b,Steadfast,2648,245,2,stop,4166,2.367067
hearth-70b,Fastori,2157,359,0,stop,1256,2.246532
hearth-70b,NimbusServe,2922,304,0,stop,5915,2.914141
hearth-70b,Fastori,1911,295,0,stop,1414,2.132724
hearth-70b,Coreline,1885,277,0,stop,2758,1.920235
hearth-70b,NimbusServe,2669,325,0,stop,5402,2.627239
hearth-70b,Coreline,2127,312,0,stop,2769,2.180270
hearth-70b,Coreline,2030,304,5,stop,2684,2.119747
hearth-70b,NimbusServe,3051,290,0,stop,96902,3.287289
hearth-70b,NimbusServe,3554,310,3,stop,6259,3.531104
hearth-70b,Steadfast,2148,368,1,stop,3753,2.464825
hearth-70b,NimbusServe,2387,342,3,stop,5198,2.648689
hearth-70b,Steadfast,1738,435,4,stop,3711,1.906552
hearth-70b,NimbusServe,3261,377,2,stop,61415,2.970037
hearth-70b,Steadfast,1305,327,0,stop,3987,1.410187
hearth-70b,Fastori,2038,338,3,stop,1046,2.274400
hearth-70b,Coreline,1912,336,2,stop,2415,1.836388
hearth-70b,Steadfast,2194,362,0,stop,4342,2.375239
hearth-70b,NimbusServe,3582,345,1,stop,7061,3.635853
hearth-70b,Fastori,2832,249,0,stop,1472,2.661504
hearth-70b,NimbusServe,1730,325,0,stop,5018,1.822397
hearth-70b,Coreline,2017,306,0,stop,3062,2.287989
hearth-70b,Fastori,1994,346,5,stop,1618,1.948872
hearth-70b,Fastori,2578,315,0,stop,1307,2.703376
hearth-70b,Coreline,2008,248,0,stop,3076,1.892873
hearth-70b,Steadfast,2308,330,4,stop,3815,2.482914
hearth-70b,Coreline,2882,426,0,stop,2366,3.091554
hearth-70b,Fastori,2811,268,1,stop,8252,2.648619
hearth-70b,Fastori,2095,376,0,stop,1615,2.401800
hearth-70b,Steadfast,2026,286,0,stop,4126,2.048710
hearth-70b,Fastori,2751,296,0,stop,1270,2.536852
hearth-70b,Fastori,1849,278,1,stop,1711,1.850506
hearth-70b,Coreline,2036,406,0,stop,3042,2.011191
hearth-70b,Fastori,2382,322,0,stop,1352,2.378472
hearth-70b,Steadfast,2895,512,0,stop,4220,2.782467
hearth-70b,Steadfast,2080,373,2,stop,3522,2.014959
hearth-70b,Coreline,2594,203,0,stop,1844,2.365536
hearth-70b,Coreline,1753,351,4,stop,2934,1.926236
hearth-70b,Steadfast,2605,359,0,stop,4240,2.532341
hearth-70b,Steadfast,2390,403,0,stop,3638,2.761419
hearth-70b,Fastori,3402,251,6,stop,1326,3.402647
hearth-70b,Steadfast,2215,430,6,stop,4593,2.459588
hearth-70b,Fastori,2267,412,0,stop,1823,2.217718
hearth-70b,Fastori,1923,346,4,stop,1615,1.972532
hearth-70b,Steadfast,2642,382,0,stop,25684,2.455305
hearth-70b,Steadfast,2380,330,7,stop,4360,2.315896
hearth-70b,Coreline,2148,340,2,stop,2573,2.262177
hearth-70b,Steadfast,3094,381,0,stop,3473,2.841232
hearth-70b,NimbusServe,2819,427,1,stop,84064,2.903491
hearth-70b,Coreline,3151,342,0,stop,2686,3.313372
hearth-70b,Steadfast,2277,315,0,stop,3960,2.105929
hearth-70b,Coreline,2786,305,0,stop,2042,2.652553
hearth-70b,Coreline,1614,377,3,stop,2199,1.641767
hearth-70b,Steadfast,2722,275,5,stop,5360,2.841299
hearth-70b,Fastori,2306,319,0,stop,1116,2.347597
hearth-70b,NimbusServe,2245,270,0,stop,5970,2.431405
hearth-70b,Coreline,3013,430,1,stop,2497,3.141273
hearth-70b,Coreline,1966,368,4,stop,2846,2.031541
hearth-70b,NimbusServe,2255,242,4,stop,6147,2.449982
hearth-70b,Steadfast,2261,328,0,stop,4176,2.401949
hearth-70b,Coreline,1770,318,0,stop,2776,1.901736
hearth-70b,Steadfast,2776,213,0,stop,4023,2.530596
hearth-70b,Coreline,3431,295,0,stop,2742,3.489985
hearth-70b,Coreline,1853,368,6,stop,2845,2.043029
hearth-70b,NimbusServe,1964,377,0,stop,4206,2.288595
hearth-70b,Coreline,2510,381,5,stop,2904,2.573690
hearth-70b,Fastori,3310,249,0,stop,1233,3.446830
hearth-70b,NimbusServe,1796,411,0,stop,91490,1.869043
hearth-70b,Fastori,1913,263,0,stop,1339,1.847456
hearth-70b,Steadfast,3168,268,5,stop,4373,3.293901
hearth-70b,Fastori,2761,288,0,stop,1676,2.550102
hearth-70b,Steadfast,2094,332,1,stop,3303,2.150839
hearth-70b,Coreline,1986,405,0,stop,2259,2.084355
hearth-70b,NimbusServe,2822,251,0,stop,5216,2.725007
hearth-70b,NimbusServe,2174,371,5,stop,8046,2.077174
hearth-70b,Coreline,2253,406,5,stop,2661,2.355290
hearth-70b,Fastori,1728,347,2,stop,1680,1.822797
hearth-70b,Steadfast,1634,331,4,stop,5590,1.786245
hearth-70b,Fastori,1636,289,0,stop,1215,1.673179
hearth-70b,Fastori,2513,359,0,stop,1359,2.592761
hearth-70b,NimbusServe,2370,346,1,stop,90771,2.664416
hearth-70b,Steadfast,2090,271,1,stop,4317,2.289337
hearth-70b,Steadfast,1951,339,10,stop,3625,1.948040
hearth-70b,NimbusServe,2783,236,0,stop,96958,2.537998
hearth-70b,NimbusServe,1579,208,4,stop,4979,1.545875
hearth-70b,NimbusServe,2827,367,0,stop,5607,2.675464
hearth-70b,Coreline,2455,330,3,stop,3110,2.358451
hearth-70b,NimbusServe,1765,231,0,stop,4670,1.762333
hearth-70b,Steadfast,2159,421,0,stop,3855,2.246427
hearth-70b,NimbusServe,1462,299,0,stop,6566,1.708616
hearth-70b,Steadfast,2348,404,0,stop,3605,2.548163
hearth-70b,NimbusServe,2179,199,0,stop,8131,1.943983
hearth-70b,Fastori,3127,253,0,stop,1650,3.296723
hearth-70b,Coreline,3064,330,0,stop,2765,3.227261
hearth-70b,NimbusServe,2418,311,1,stop,4675,2.285384
hearth-70b,NimbusServe,2981,313,0,stop,4599,3.077050
hearth-70b,Fastori,2325,336,7,stop,1186,2.589256
hearth-70b,Steadfast,2849,269,0,stop,4201,2.937561
hearth-70b,Fastori,1163,323,8,stop,1692,1.366502
hearth-70b,Coreline,2790,378,1,stop,2171,2.731635
hearth-70b,Steadfast,2665,225,0,stop,3934,2.785805
hearth-70b,Fastori,3374,347,0,stop,1257,3.679188
hearth-70b,Steadfast,2032,317,0,stop,4631,2.023571
hearth-70b,Coreline,2433,239,4,stop,2092,2.530203
hearth-70b,Fastori,2602,333,4,stop,1508,2.444636
hearth-70b,NimbusServe,3108,326,0,stop,108564,3.098377
hearth-70b,Fastori,2493,366,0,stop,1346,2.423130
hearth-70b,Fastori,1264,345,0,stop,1880,1.578663
hearth-70b,NimbusServe,2268,328,0,stop,7594,2.347887
hearth-70b,Coreline,1963,328,0,stop,2108,1.859824
hearth-70b,Coreline,2502,293,0,stop,2449,2.542251
hearth-70b,Coreline,3335,218,0,stop,2359,2.903891
hearth-70b,Fastori,2048,271,0,stop,1582,2.095841
hearth-70b,Fastori,2942,384,0,stop,1499,3.235991
hearth-70b,NimbusServe,2109,202,0,stop,6588,2.039953
hearth-70b,Coreline,2553,375,2,stop,2449,2.694681
hearth-70b,Steadfast,1677,226,2,stop,3754,1.549657
hearth-70b,NimbusServe,1035,243,0,stop,50647,1.194350
hearth-70b,Steadfast,1686,240,0,stop,4332,1.862164
hearth-70b,Fastori,2897,309,0,stop,1531,3.051593
hearth-70b,NimbusServe,1837,399,3,stop,5371,1.927551
hearth-70b,Fastori,3159,340,0,stop,1261,3.255158
hearth-70b,Steadfast,1523,221,1,stop,5283,1.474980
hearth-70b,Coreline,3155,290,0,stop,2549,3.334065
hearth-70b,NimbusServe,2247,362,4,stop,6520,2.244185
hearth-70b,Fastori,2913,358,2,stop,1521,3.199313
hearth-70b,Fastori,2871,310,10,stop,1645,2.961927
hearth-70b,NimbusServe,2355,463,0,stop,6454,2.469992
hearth-70b,Steadfast,1959,278,1,stop,3296,1.931003
hearth-70b,Fastori,3412,395,0,stop,1521,3.688881
hearth-70b,NimbusServe,2198,330,0,stop,5720,2.151190
hearth-70b,Fastori,1822,340,6,stop,8468,1.852363
hearth-70b,Steadfast,2280,377,0,stop,3865,2.206393
hearth-70b,Steadfast,2061,327,8,stop,3309,2.210258
hearth-70b,Steadfast,2235,382,1,stop,3042,2.328989
hearth-70b,Fastori,2784,426,0,stop,1273,3.121628
hearth-70b,Fastori,2725,332,0,stop,1352,2.906596
hearth-70b,NimbusServe,2218,253,1,stop,6047,2.022802
hearth-70b,NimbusServe,2439,276,0,stop,112049,2.355112
hearth-70b,Steadfast,2545,354,6,stop,4598,2.719370
hearth-70b,Fastori,2663,421,0,stop,1369,2.877698
hearth-70b,Coreline,2078,395,4,stop,2091,2.449895
hearth-70b,Coreline,2456,362,1,stop,2384,2.351535
hearth-70b,Steadfast,2042,297,0,stop,3743,2.031240
hearth-70b,NimbusServe,2712,262,0,stop,6516,2.909590
hearth-70b,Steadfast,1819,329,1,stop,3698,1.764173
hearth-70b,Coreline,2016,355,0,stop,2550,2.325689
hearth-70b,Coreline,2689,351,7,stop,2380,2.782245
hearth-70b,Coreline,2793,283,0,stop,2547,2.973559
hearth-70b,Fastori,2593,377,0,stop,1518,2.940120
hearth-70b,Coreline,2018,466,4,stop,2845,2.445844
hearth-70b,Coreline,2540,342,0,stop,2424,2.390619
hearth-70b,Steadfast,2673,313,0,stop,3905,2.907722
hearth-70b,Steadfast,2137,431,0,stop,4578,2.317457
hearth-70b,Coreline,3132,310,3,stop,2400,2.956412
hearth-70b,Coreline,2208,386,0,stop,2928,2.398837
hearth-70b,Coreline,2210,395,9,stop,2737,2.321445
hearth-70b,Steadfast,1760,271,2,stop,2993,1.940162
hearth-70b,Steadfast,1492,360,0,stop,4405,1.753216
hearth-70b,Coreline,2067,160,2,stop,2433,1.882074
hearth-70b,Fastori,1990,282,0,stop,1334,2.116772
hearth-70b,NimbusServe,3490,271,1,stop,86718,3.221073
hearth-70b,Coreline,2582,328,2,stop,2333,2.725178
hearth-70b,Coreline,2963,405,0,stop,2277,2.813885
hearth-70b,Steadfast,2780,338,0,stop,5114,3.054832
hearth-70b,Fastori,2219,207,1,stop,1208,2.335213
hearth-70b,NimbusServe,2431,241,0,stop,6775,2.297236
hearth-70b,Coreline,1586,298,0,stop,2529,1.826429
hearth-70b,Fastori,2597,305,0,stop,1594,2.393854
hearth-70b,Fastori,2769,231,0,stop,1092,2.664101
hearth-70b,NimbusServe,2603,337,2,stop,5971,2.543064
hearth-70b,Steadfast,2876,269,0,stop,18929,2.751467
hearth-70b,NimbusServe,2604,320,1,stop,6850,2.678229
hearth-70b,Steadfast,2211,287,5,stop,3126,2.071546
hearth-70b,Coreline,2142,374,5,stop,2411,2.160671
hearth-70b,Fastori,3224,311,0,stop,1177,3.097263
hearth-70b,NimbusServe,2343,266,2,stop,5784,2.421891
hearth-70b,Steadfast,2271,316,0,stop,4801,2.394930
hearth-70b,Steadfast,3003,334,8,stop,4069,2.968142
hearth-70b,NimbusServe,2726,289,0,stop,6696,2.598226
hearth-70b,Fastori,1993,399,0,stop,1508,2.277770
hearth-70b,NimbusServe,2372,352,0,stop,4783,2.579473
hearth-70b,NimbusServe,2704,389,0,stop,67832,2.929013
hearth-70b,NimbusServe,2201,319,1,stop,7296,2.049213
hearth-70b,Coreline,2860,306,3,stop,2633,2.622654
hearth-70b,NimbusServe,2114,303,0,stop,72266,2.385246
hearth-70b,NimbusServe,2253,341,4,stop,5049,2.440994
hearth-70b,Coreline,2385,333,4,stop,8568,2.236470
hearth-70b,Steadfast,2791,329,0,stop,4896,2.840113
hearth-70b,NimbusServe,3106,361,0,stop,4878,3.175681
hearth-70b,Steadfast,3431,367,2,stop,3712,3.481673
hearth-70b,Coreline,2772,235,0,stop,2683,2.560418
hearth-70b,Fastori,2451,279,3,stop,1479,2.250327
hearth-70b,Coreline,2135,326,0,stop,3164,2.369748
hearth-70b,Steadfast,3364,327,1,stop,4427,3.446838
hearth-70b,NimbusServe,2571,174,0,stop,5539,2.254529
hearth-70b,Fastori,1440,275,1,stop,1397,1.448886
hearth-70b,Fastori,2519,308,1,stop,1110,2.393771
hearth-70b,Fastori,2359,309,0,stop,1769,2.243274
hearth-70b,Fastori,2519,363,0,stop,1349,2.536139
hearth-70b,Fastori,2527,302,0,stop,1568,2.627203
hearth-70b,NimbusServe,1949,271,2,stop,67128,1.899671
hearth-70b,Steadfast,1862,352,0,stop,4044,2.102084
hearth-70b,Coreline,2527,281,0,stop,2318,2.295132
hearth-70b,Fastori,2893,418,0,stop,1315,2.774530
hearth-70b,Fastori,1607,253,0,stop,1566,1.634833
hearth-70b,NimbusServe,1730,282,0,stop,5947,1.937203
hearth-70b,Coreline,1707,320,0,stop,2947,2.006464
hearth-70b,Fastori,2525,377,0,stop,1357,2.649123
hearth-70b,Steadfast,2709,282,1,stop,2862,2.893792
hearth-70b,Fastori,3517,399,2,stop,1073,3.189955
hearth-70b,NimbusServe,1592,240,2,stop,6718,1.614246
hearth-70b,Coreline,2395,342,0,stop,2121,2.668041
hearth-70b,Steadfast,1893,282,1,stop,2897,2.065055
hearth-70b,Coreline,2442,320,2,stop,2797,2.348124
hearth-70b,Fastori,1785,365,5,stop,1218,1.888739
hearth-70b,Fastori,2705,349,1,stop,1692,2.858191
hearth-70b,Steadfast,2070,362,0,stop,4441,2.305521
hearth-70b,Fastori,2230,353,0,stop,1233,2.148597
hearth-70b,NimbusServe,2419,278,2,stop,84448,2.338670
hearth-70b,Fastori,1969,348,6,stop,1253,2.028123
hearth-70b,NimbusServe,1426,332,3,stop,4399,1.463751
hearth-70b,NimbusServe,2639,381,2,stop,5484,2.704070
hearth-70b,NimbusServe,2334,332,6,stop,6428,2.392524
hearth-70b,Fastori,1852,193,0,stop,1463,2.015180
hearth-70b,Coreline,2476,329,0,stop,2019,2.570988
hearth-70b,Steadfast,3018,302,0,stop,4621,3.082417
hearth-70b,NimbusServe,2753,399,4,stop,4335,2.834849
hearth-70b,Coreline,2266,285,2,stop,2935,2.322796
hearth-70b,Coreline,2185,381,0,stop,3014,2.417274
hearth-70b,NimbusServe,1738,262,2,stop,6076,1.664281
hearth-70b,Coreline,2605,391,0,stop,2235,2.637322
hearth-70b,Coreline,3214,317,1,stop,2241,3.224466
hearth-70b,Coreline,1954,389,0,stop,2278,2.275527
hearth-70b,Steadfast,1436,222,0,stop,3977,1.490649
hearth-70b,Fastori,2258,335,0,stop,1336,2.450867
hearth-70b,NimbusServe,2328,273,0,stop,5476,2.246423
hearth-70b,Steadfast,2620,198,1,stop,3122,2.639718
hearth-70b,Coreline,2655,366,0,stop,2386,2.615394
hearth-70b,Fastori,2578,223,5,stop,1320,2.323275
hearth-70b,Coreline,2079,218,2,stop,2628,2.266698
hearth-70b,Coreline,2276,256,2,stop,2608,2.264839
hearth-70b,Coreline,2873,203,2,stop,2444,2.995545
hearth-70b,Coreline,2840,295,0,stop,3130,3.006259
hearth-70b,NimbusServe,2325,295,0,stop,5314,2.410743
hearth-70b,Coreline,1892,281,2,stop,2743,1.998677
hearth-70b,NimbusServe,2276,355,0,stop,6589,2.365565
hearth-70b,NimbusServe,3215,414,0,stop,6006,3.296440
hearth-70b,NimbusServe,2526,196,1,stop,5999,2.424859
hearth-70b,Fastori,2213,363,0,stop,1551,2.363860
hearth-70b,Steadfast,2333,421,0,stop,4093,2.557775
hearth-70b,Steadfast,1926,209,0,stop,3348,1.940092
hearth-70b,Coreline,3230,267,5,stop,2369,3.452448
hearth-70b,NimbusServe,2566,298,1,stop,5812,2.823049
hearth-70b,Fastori,2684,317,0,stop,1321,2.771686
hearth-70b,Fastori,2371,326,0,stop,1369,2.599543
hearth-70b,Steadfast,2350,329,3,stop,5307,2.246290
hearth-70b,Fastori,2159,276,2,stop,1114,2.060327
hearth-70b,Coreline,2518,426,0,stop,2809,2.751656
hearth-70b,Coreline,2633,257,1,stop,2984,2.595918
hearth-70b,NimbusServe,1266,373,1,stop,5773,1.381269
hearth-70b,Steadfast,3110,288,0,stop,3874,2.954973
hearth-70b,NimbusServe,1920,396,5,stop,5925,2.163287
hearth-70b,NimbusServe,3078,200,0,stop,60563,3.212911
hearth-70b,Fastori,2228,337,0,stop,1452,2.135312
hearth-70b,NimbusServe,2496,329,0,stop,4635,2.297997
hearth-70b,NimbusServe,3056,316,10,stop,6527,3.257009
hearth-70b,NimbusServe,2375,431,0,stop,5615,2.621040
hearth-70b,Fastori,2763,283,0,stop,1437,2.721065
hearth-70b,Fastori,2945,351,0,stop,1475,2.776833
hearth-70b,Steadfast,2712,265,0,stop,3597,2.522747
hearth-70b,Coreline,2708,255,2,stop,2885,2.617169
hearth-70b,Fastori,2480,303,3,stop,1174,2.297907
hearth-70b,Steadfast,2139,418,7,stop,3256,2.467822
hearth-70b,Steadfast,2362,295,0,stop,3746,2.344594
hearth-70b,Fastori,2464,358,4,stop,1274,2.468727
hearth-70b,Coreline,2288,331,2,stop,2840,2.532610
hearth-70b,Coreline,1782,314,0,stop,2712,1.852158
hearth-70b,Fastori,1732,294,5,stop,1505,1.679938
hearth-70b,NimbusServe,2717,348,1,stop,4727,2.546076
hearth-70b,Steadfast,3795,341,0,stop,4607,4.036765
hearth-70b,Fastori,2600,379,8,stop,1354,2.580855
hearth-70b,Fastori,1653,392,3,stop,1411,1.826901
hearth-70b,Steadfast,2087,329,0,stop,3816,2.042148
hearth-70b,Steadfast,2734,352,0,stop,4091,2.841847
hearth-70b,NimbusServe,1734,345,0,stop,7234,2.042539
hearth-70b,Steadfast,2585,297,0,stop,3799,2.409217
hearth-70b,NimbusServe,2898,320,0,stop,5706,2.971024
hearth-70b,Steadfast,1744,256,1,stop,15049,1.959504
hearth-70b,Steadfast,2486,326,0,stop,3969,2.623479
hearth-70b,NimbusServe,2158,410,0,stop,6258,2.095768
hearth-70b,Steadfast,2449,368,1,stop,4240,2.710399
hearth-70b,Fastori,2139,241,0,stop,1766,2.027708
hearth-70b,Steadfast,2307,388,0,stop,3831,2.490926
hearth-70b,Coreline,3226,299,0,stop,1961,3.368609
hearth-70b,Steadfast,2553,369,2,stop,3547,2.684630
hearth-70b,Steadfast,2597,268,0,stop,4750,2.448208
hearth-70b,NimbusServe,2494,295,2,stop,5395,2.664485
hearth-70b,Fastori,1616,359,0,stop,1439,1.814002
hearth-70b,NimbusServe,1983,344,0,stop,7350,2.241243
hearth-70b,Fastori,1640,343,4,stop,1069,1.923559
hearth-70b,Fastori,2853,392,0,stop,1124,2.874033
hearth-70b,NimbusServe,2922,247,0,stop,59569,3.039162
hearth-70b,NimbusServe,2347,372,0,stop,92143,2.552394
hearth-70b,NimbusServe,2050,208,2,stop,100436,1.922939
hearth-70b,Coreline,2472,378,0,stop,2358,2.810766
hearth-70b,Fastori,2633,284,0,stop,996,2.404572
hearth-70b,Fastori,2743,292,3,stop,1638,2.819103
hearth-70b,Coreline,2494,347,0,stop,2714,2.411699
hearth-70b,Fastori,1626,240,0,stop,1309,1.586080
hearth-70b,NimbusServe,2555,304,0,stop,72414,2.590986
hearth-70b,Coreline,2495,337,0,stop,2613,2.537076
hearth-70b,Steadfast,2951,234,1,stop,2551,2.905768
hearth-70b,NimbusServe,2792,311,0,stop,5116,2.622624
hearth-70b,Fastori,3063,432,4,stop,1104,3.232222
hearth-70b,Fastori,2772,320,3,stop,1704,2.805960
hearth-70b,Steadfast,1870,348,0,stop,5031,2.169079
hearth-70b,Coreline,2148,247,0,stop,2670,2.255606
hearth-70b,NimbusServe,2194,388,0,stop,6186,2.226335
hearth-70b,Coreline,2648,315,1,stop,2231,2.801154
hearth-70b,NimbusServe,3075,271,4,stop,5752,3.046129
hearth-70b,Fastori,2144,321,6,stop,1232,2.065963
hearth-70b,Coreline,1676,396,4,stop,2524,1.896891
hearth-70b,Coreline,2253,364,4,stop,2380,2.534878
hearth-70b,Steadfast,2897,308,0,stop,3489,2.617456
hearth-70b,Coreline,2813,364,0,stop,3028,3.078201
hearth-70b,Steadfast,2184,238,0,stop,4047,2.221506
hearth-70b,Steadfast,2653,263,3,stop,4829,2.791075
hearth-70b,Fastori,2950,205,0,stop,1335,3.102726
hearth-70b,NimbusServe,1999,416,0,stop,4631,2.031602
hearth-70b,Steadfast,2466,258,0,stop,3650,2.619643
hearth-70b,NimbusServe,2964,281,5,stop,48220,2.817024
hearth-70b,Steadfast,3216,173,0,stop,3775,3.007591
hearth-70b,Fastori,2584,351,4,stop,11134,2.391030
hearth-70b,Fastori,1993,429,0,stop,1606,2.085554
hearth-70b,Steadfast,2224,354,0,stop,4110,2.301530
hearth-70b,Coreline,2806,362,2,stop,2393,2.764063
hearth-70b,Steadfast,3269,490,0,stop,3016,3.378227
hearth-70b,Coreline,3288,288,8,stop,2168,3.432244
hearth-70b,Fastori,2874,315,3,stop,1416,2.989107
hearth-70b,NimbusServe,2578,317,2,stop,5196,2.504322
hearth-70b,Coreline,2866,359,3,stop,2922,2.822691
hearth-70b,Fastori,1418,300,0,stop,1444,1.479389
hearth-70b,Steadfast,1464,246,0,stop,3411,1.537050
hearth-70b,NimbusServe,3370,408,0,stop,7103,3.581434
hearth-70b,Steadfast,2220,350,0,stop,4639,2.295640
hearth-70b,Coreline,2383,189,0,stop,2606,2.137931
hearth-70b,Fastori,2428,404,0,stop,1730,2.381440
hearth-70b,Steadfast,2233,324,0,stop,3637,2.114755
hearth-70b,Steadfast,2450,376,12,stop,3517,2.430381
hearth-70b,Fastori,2096,259,0,stop,1818,2.044651
hearth-70b,Fastori,2366,432,0,stop,1450,2.462594
hearth-70b,Fastori,1002,391,2,stop,1142,1.142466
hearth-70b,Fastori,2548,395,0,stop,1382,2.680293
hearth-70b,Coreline,2099,371,0,stop,3061,2.217653
hearth-70b,Fastori,1947,328,0,stop,1449,2.176179
hearth-70b,Coreline,2998,388,2,stop,2924,2.984719
hearth-70b,Fastori,2277,344,1,stop,1638,2.484356
hearth-70b,Steadfast,2863,302,8,stop,4205,2.585428
hearth-70b,Steadfast,2939,376,0,stop,3955,3.059152
hearth-70b,Steadfast,1715,294,5,stop,3828,1.837996
hearth-70b,Steadfast,2811,234,0,stop,3927,2.663747
hearth-70b,Coreline,3298,359,3,stop,3048,3.283802
hearth-70b,Coreline,1663,281,5,stop,1965,1.828950
hearth-70b,Coreline,2359,233,0,stop,2375,2.270751
hearth-70b,NimbusServe,3057,253,0,stop,63014,2.692973
hearth-70b,Steadfast,3075,305,2,stop,4050,2.749595
hearth-70b,Coreline,2056,232,0,stop,1986,1.942745
hearth-70b,Coreline,2096,405,0,stop,2408,2.468778
hearth-70b,Steadfast,2776,265,0,stop,3820,2.730025
hearth-70b,Fastori,2898,411,7,stop,1087,3.058560
hearth-70b,Coreline,1702,238,0,stop,14189,1.788416
hearth-70b,NimbusServe,2120,296,1,stop,6643,1.971154
hearth-70b,Coreline,1980,358,0,stop,2365,2.204636
hearth-70b,Coreline,3127,266,0,stop,1982,2.783161
hearth-70b,Steadfast,2674,219,0,stop,3454,2.673330
hearth-70b,NimbusServe,2546,401,6,stop,7316,2.716000
hearth-70b,Steadfast,2959,320,0,stop,3706,2.850956
hearth-70b,Coreline,3038,367,0,stop,1740,2.804257
hearth-70b,Fastori,2672,299,2,stop,1458,2.783396
hearth-70b,Fastori,1595,246,0,stop,7561,1.671252
hearth-70b,Coreline,2804,299,2,stop,2873,3.055103
hearth-70b,Coreline,3155,240,0,stop,2100,3.137523
hearth-70b,Fastori,2019,442,0,stop,1448,2.428964
hearth-70b,Coreline,1591,313,3,stop,2557,1.681379
hearth-70b,NimbusServe,1547,317,4,stop,6484,1.769625
hearth-70b,Fastori,2439,224,3,stop,1397,2.456813
hearth-70b,Coreline,2351,286,0,stop,2159,2.229270
hearth-70b,Steadfast,2887,232,0,stop,4053,2.877625
hearth-70b,Fastori,1539,307,0,stop,1471,1.506094
hearth-70b,Steadfast,2177,363,1,stop,4246,2.302967
hearth-70b,NimbusServe,2224,415,0,stop,5385,2.458973
hearth-70b,Coreline,2626,199,0,stop,2805,2.512636
hearth-70b,Steadfast,3679,326,4,stop,3054,3.843186
hearth-70b,Coreline,2735,313,1,stop,2848,2.590078
hearth-70b,Coreline,2265,202,1,stop,2287,2.077028
hearth-70b,Coreline,2046,387,0,stop,2837,2.000513
hearth-70b,Fastori,2571,365,0,stop,1285,2.790668
hearth-70b,NimbusServe,2576,224,1,stop,4986,2.355898
hearth-70b,Steadfast,2538,276,0,stop,4253,2.579988
hearth-70b,NimbusServe,2143,347,0,stop,7604,2.220761
hearth-70b,NimbusServe,2747,199,0,stop,6730,2.574009
hearth-70b,Coreline,1760,379,0,stop,2410,1.793530
hearth-70b,NimbusServe,2811,324,1,stop,4612,2.750232
hearth-70b,Steadfast,2283,403,0,stop,4549,2.307699
hearth-70b,NimbusServe,1765,301,0,stop,6650,1.828687
hearth-70b,Steadfast,2570,322,2,stop,4325,2.669667
hearth-70b,NimbusServe,1950,339,0,stop,6031,1.992949
hearth-70b,Steadfast,2117,349,0,stop,2549,2.186138
hearth-70b,NimbusServe,2918,264,0,stop,6188,2.887317
hearth-70b,Fastori,2582,333,0,stop,1242,2.384593
hearth-70b,Steadfast,2302,400,4,stop,4585,2.232583
hearth-70b,Steadfast,2840,376,0,stop,4554,2.958407
hearth-70b,Fastori,3398,363,0,stop,1142,3.087222
hearth-70b,Steadfast,1724,371,0,stop,4787,1.899630
hearth-70b,Fastori,2698,320,1,stop,1445,2.853483
hearth-70b,NimbusServe,2274,408,0,stop,5545,2.534712
hearth-70b,NimbusServe,2824,286,0,stop,5252,3.012327
hearth-70b,Coreline,2740,271,0,stop,2414,2.720043
hearth-70b,Steadfast,2028,397,0,stop,4300,2.031709
hearth-70b,Steadfast,2106,235,3,stop,4749,2.214693
hearth-70b,Steadfast,2080,291,4,stop,3804,1.965690
hearth-70b,Coreline,2406,309,4,stop,2275,2.526798
hearth-70b,NimbusServe,2548,456,0,stop,5993,2.536923
hearth-70b,NimbusServe,1848,417,8,stop,5534,2.141539
hearth-70b,Fastori,2394,313,0,stop,1548,2.593953
hearth-70b,Steadfast,2961,259,1,stop,4804,2.993412
hearth-70b,Coreline,2199,338,0,stop,2905,2.412525
hearth-70b,Coreline,1593,186,0,stop,2531,1.686494
hearth-70b,Fastori,2685,304,0,stop,1151,2.807648
hearth-70b,Steadfast,2065,329,2,stop,4103,2.104930
hearth-70b,NimbusServe,2200,330,0,stop,4520,2.213821
hearth-70b,Coreline,2678,309,2,stop,2858,2.513617
hearth-70b,Steadfast,2740,287,0,stop,3778,2.992141
hearth-70b,Fastori,2012,365,0,stop,1253,1.964616
hearth-70b,Fastori,2407,210,3,stop,1387,2.278888
hearth-70b,Coreline,1857,350,0,stop,2546,2.110399
hearth-70b,Fastori,2318,263,0,stop,1401,2.258211
hearth-70b,Coreline,1837,407,0,stop,2794,2.181694
hearth-70b,Steadfast,3286,429,0,stop,4130,3.645711
hearth-70b,NimbusServe,2111,376,0,stop,6125,2.270665
hearth-70b,Coreline,1556,331,0,stop,2891,1.861303
hearth-70b,Steadfast,2862,399,2,stop,3462,2.724504
hearth-70b,NimbusServe,1703,237,0,stop,6601,1.778732
hearth-70b,Fastori,2462,275,0,stop,1279,2.338333
hearth-70b,NimbusServe,3449,457,8,stop,5728,3.214574
hearth-70b,NimbusServe,1881,344,0,stop,7442,1.851039
hearth-70b,Steadfast,2263,393,9,stop,4054,2.545626
hearth-70b,NimbusServe,3253,283,3,stop,5179,3.101228
hearth-70b,Coreline,2711,254,3,stop,11852,2.767965
hearth-70b,Steadfast,1499,259,0,stop,4447,1.719157
hearth-70b,Coreline,2336,342,0,stop,2866,2.490546
hearth-70b,NimbusServe,1960,212,0,stop,6368,1.819898
hearth-70b,Coreline,3212,324,0,stop,2740,2.913298
hearth-70b,Steadfast,2303,471,9,stop,3101,2.470803
hearth-70b,Coreline,2072,355,0,stop,3304,2.334503
hearth-70b,Fastori,1768,304,0,stop,1334,1.796223
hearth-70b,Coreline,2323,336,7,stop,2585,2.630400
hearth-70b,NimbusServe,1817,399,0,stop,4873,2.095072
hearth-70b,Steadfast,2220,286,0,stop,4633,2.162358
hearth-70b,Fastori,2446,280,3,stop,1345,2.263881
hearth-70b,NimbusServe,1701,357,7,stop,5998,1.812737
hearth-70b,NimbusServe,2862,221,0,stop,84270,2.899722
hearth-70b,NimbusServe,2637,410,0,stop,6198,2.938709
hearth-70b,NimbusServe,3075,274,0,stop,5354,3.236538
hearth-70b,Fastori,1889,320,0,stop,1715,1.822490
hearth-70b,Coreline,1993,333,0,stop,2203,2.166621
hearth-70b,Coreline,2183,278,2,stop,2779,2.315928
hearth-70b,NimbusServe,2186,366,4,stop,7423,2.298472
hearth-70b,Fastori,2736,382,0,stop,1390,2.966362
hearth-70b,Coreline,2751,172,0,stop,2152,2.729455
hearth-70b,Coreline,2733,368,3,stop,2603,3.005689
hearth-70b,Coreline,2152,292,0,stop,2558,2.110201
hearth-70b,Steadfast,1974,311,0,stop,4629,2.030013
hearth-70b,Coreline,2960,282,0,stop,3058,2.859841
hearth-70b,Coreline,2686,237,0,stop,3000,2.515320
hearth-70b,NimbusServe,1792,328,0,stop,4631,1.986536
hearth-70b,Coreline,2397,399,0,stop,2618,2.449377
hearth-70b,Fastori,2571,379,0,stop,1403,2.584431
hearth-70b,Steadfast,1505,316,0,stop,3983,1.693292
hearth-70b,Steadfast,1558,395,3,stop,3168,1.600609
hearth-70b,Coreline,2937,244,3,stop,2457,2.818218
hearth-70b,Coreline,2029,252,4,stop,2855,2.000634
hearth-70b,Coreline,1263,412,0,stop,2965,1.612384
hearth-70b,NimbusServe,2007,377,0,stop,5912,2.149703
hearth-70b,Steadfast,1932,296,0,stop,4773,2.174589
hearth-70b,Fastori,3363,311,0,stop,1831,3.443762
hearth-70b,Steadfast,2334,277,1,stop,3946,2.247968
hearth-70b,Coreline,1506,403,1,stop,2654,1.813804
hearth-70b,Steadfast,2760,393,1,stop,3254,2.889442
hearth-70b,Fastori,2480,359,3,stop,1376,2.432713
hearth-70b,Fastori,3039,289,0,stop,1702,2.828286
hearth-70b,NimbusServe,2693,355,0,stop,5726,2.740219
hearth-70b,Coreline,3153,326,0,stop,2154,3.204589
hearth-70b,Fastori,1237,336,2,stop,1308,1.522052
hearth-70b,Steadfast,2019,359,0,stop,4193,2.093166
hearth-70b,NimbusServe,3185,377,0,stop,5928,3.255968
hearth-70b,Fastori,1697,394,0,stop,1063,1.773176
hearth-70b,Coreline,2217,333,0,stop,2281,2.108848
hearth-70b,Coreline,1720,245,1,stop,2426,1.789007
hearth-70b,Steadfast,2299,299,0,stop,3417,2.300157
hearth-70b,Coreline,2349,290,0,stop,3103,2.398207
hearth-70b,Fastori,2328,256,5,stop,1178,2.155526
hearth-70b,NimbusServe,2844,363,0,stop,5370,3.118864
hearth-70b,Steadfast,1784,259,1,stop,3888,1.952260
hearth-70b,NimbusServe,1542,460,0,stop,89785,1.885475
hearth-70b,NimbusServe,2908,310,4,stop,7106,2.964490
hearth-70b,NimbusServe,1540,414,4,stop,5894,1.738779
hearth-70b,NimbusServe,2192,409,0,stop,7458,2.291965
hearth-70b,Steadfast,1863,374,0,stop,4883,2.118067
hearth-70b,NimbusServe,1826,269,0,stop,6495,2.057691
hearth-70b,NimbusServe,1956,357,0,stop,6125,2.058863
hearth-70b,Fastori,2362,331,0,stop,1279,2.654277
hearth-70b,Fastori,2871,346,0,stop,1195,2.686429
hearth-70b,Coreline,1452,407,0,stop,2066,1.582614
hearth-70b,Coreline,2022,313,2,stop,2804,2.174383
hearth-70b,Coreline,2307,349,0,stop,2724,2.316766
hearth-70b,Fastori,2095,268,3,stop,1398,2.307087
hearth-70b,NimbusServe,2771,313,0,stop,85308,2.957387
hearth-70b,Steadfast,2345,212,4,stop,4255,2.488973
hearth-70b,NimbusServe,2759,256,0,stop,6056,2.734634
hearth-70b,NimbusServe,1278,246,3,stop,110772,1.365072
hearth-70b,NimbusServe,2530,299,1,stop,8015,2.601578
hearth-70b,Steadfast,2511,330,0,stop,3690,2.313899
hearth-70b,Steadfast,2762,307,1,stop,3499,2.488863
hearth-70b,Coreline,2524,284,0,stop,2769,2.774439
hearth-70b,Coreline,2815,341,0,stop,2625,2.785575
hearth-70b,NimbusServe,1898,269,1,stop,5047,1.999729
hearth-70b,Coreline,2404,260,0,stop,2894,2.159139
hearth-70b,NimbusServe,1645,370,8,stop,5009,1.899997
hearth-70b,Fastori,2548,324,0,stop,1202,2.719777
hearth-70b,NimbusServe,2093,397,5,stop,5595,2.022647
hearth-70b,NimbusServe,3290,274,1,stop,5468,3.440774
hearth-70b,Fastori,2191,392,0,stop,1649,2.362163
hearth-70b,Steadfast,2015,420,9,stop,4108,2.004113
hearth-70b,Coreline,2090,284,0,stop,2635,2.031408
hearth-70b,Fastori,3689,309,2,stop,1267,3.775030
hearth-70b,Fastori,1332,274,0,stop,1178,1.473774
hearth-70b,Fastori,2717,298,1,stop,1375,2.518626
hearth-70b,NimbusServe,2563,347,0,stop,5816,2.527666
hearth-70b,Steadfast,2298,386,6,stop,3624,2.480278
hearth-70b,Steadfast,3189,326,8,stop,3823,3.001448
hearth-70b,Coreline,1831,247,0,stop,2970,1.890505
hearth-70b,Fastori,3605,255,0,stop,1726,3.186582
hearth-70b,Steadfast,2603,352,0,stop,4527,2.872332
hearth-70b,Steadfast,2866,331,0,stop,4131,2.988851
hearth-70b,NimbusServe,3280,300,2,stop,5482,3.229554
hearth-70b,Coreline,1698,365,2,stop,2761,1.678075
hearth-70b,NimbusServe,1245,299,2,stop,4314,1.366544
hearth-70b,Coreline,2684,255,0,stop,3443,2.838449
hearth-70b,Fastori,2777,388,0,stop,1489,2.820740
hearth-70b,Fastori,2006,378,0,stop,1367,2.238989
hearth-70b,NimbusServe,2435,454,0,stop,7229,2.748249
hearth-70b,NimbusServe,3044,367,1,stop,6213,2.774704
hearth-70b,Coreline,3279,353,0,stop,3326,3.180118
hearth-70b,NimbusServe,2721,278,4,stop,6253,2.560698
hearth-70b,Fastori,2298,387,1,stop,1381,2.613965
hearth-70b,Coreline,1896,330,3,stop,2818,2.094394
hearth-70b,Fastori,1817,267,3,stop,1300,1.743888
hearth-70b,NimbusServe,3084,346,0,stop,5589,3.356990
hearth-70b,Fastori,1810,386,1,stop,1421,1.967832
hearth-70b,Fastori,2054,352,0,stop,1565,2.103172
hearth-70b,Steadfast,2529,296,1,stop,4924,2.618514
hearth-70b,Steadfast,2678,279,3,stop,4267,2.837031
hearth-70b,Coreline,3067,274,1,stop,2540,2.899549
hearth-70b,Fastori,2337,431,0,stop,1461,2.501688
hearth-70b,Steadfast,2743,274,0,stop,3248,2.517260
hearth-70b,Steadfast,2055,207,3,stop,3345,2.054712
hearth-70b,Coreline,1912,234,0,stop,1950,2.075829
hearth-70b,Fastori,1899,378,4,stop,1321,1.939899
hearth-70b,Steadfast,1483,340,0,stop,3108,1.538636
hearth-70b,Fastori,1615,288,2,stop,1618,1.885112
hearth-70b,Coreline,2911,459,0,stop,2570,2.783953
hearth-70b,Steadfast,2779,388,3,stop,3613,3.019028
hearth-70b,Steadfast,1907,347,0,stop,4304,2.177941
hearth-70b,Coreline,3066,186,3,stop,2833,3.209590
hearth-70b,Coreline,2529,306,0,stop,2436,2.468589
hearth-70b,NimbusServe,2685,376,2,stop,5890,2.493337
hearth-70b,NimbusServe,2512,257,0,stop,7870,2.524258
hearth-70b,NimbusServe,3172,410,0,stop,7459,3.042907
hearth-70b,Steadfast,3542,266,4,stop,3849,3.747591
hearth-70b,Coreline,1915,285,0,stop,2429,2.073618
hearth-70b,Fastori,2759,354,0,stop,1538,2.674316
hearth-70b,Steadfast,1756,381,1,stop,4783,2.042157
hearth-70b,Coreline,3040,400,0,stop,2356,3.205961
hearth-70b,Steadfast,2264,320,0,stop,3571,2.557683
hearth-70b,NimbusServe,2326,243,4,stop,5160,2.440297
hearth-70b,Steadfast,2981,386,0,stop,4225,3.125507
hearth-70b,Coreline,2242,218,0,stop,2299,2.411918
hearth-70b,Coreline,2576,297,3,stop,2482,2.471736
hearth-70b,Fastori,1122,355,0,stop,1508,1.273365
hearth-70b,Fastori,2591,203,4,stop,1459,2.382447
hearth-70b,Fastori,1996,175,1,stop,1281,1.914202
hearth-70b,Fastori,2015,284,1,stop,1354,2.054717
hearth-70b,Coreline,1978,297,1,stop,2633,2.086499
hearth-70b,Steadfast,2468,309,0,stop,5188,2.698909
hearth-70b,Fastori,2740,236,0,stop,1125,2.596813
hearth-70b,Steadfast,1798,284,0,stop,3920,1.743255
hearth-70b,Coreline,2031,401,0,stop,2408,2.060348
hearth-70b,Coreline,2090,237,2,stop,2020,1.950219
hearth-70b,Steadfast,1948,361,0,stop,2469,1.907740
hearth-70b,Fastori,2796,272,0,stop,1434,2.644101
hearth-70b,Coreline,2143,279,0,stop,2290,2.231652
hearth-70b,Coreline,2156,349,0,stop,2568,2.309762
hearth-70b,NimbusServe,1462,334,0,stop,4473,1.537788
hearth-70b,NimbusServe,2111,325,0,stop,6495,2.234834
hearth-70b,Coreline,3074,300,2,stop,2491,3.263283
hearth-70b,Fastori,1817,350,0,stop,1119,1.892709
hearth-70b,Steadfast,2030,232,0,stop,13603,2.094630
hearth-70b,Fastori,2023,418,0,stop,760,2.068977
hearth-70b,Fastori,2089,351,0,stop,1223,2.155063
hearth-70b,Fastori,1987,315,2,stop,1156,2.202020
hearth-70b,Coreline,2737,286,0,stop,3157,2.597402
hearth-70b,NimbusServe,2101,335,0,stop,70191,2.201298
hearth-70b,Steadfast,1884,356,3,stop,4151,2.084241
hearth-70b,Coreline,1863,229,0,stop,2357,1.781179
hearth-70b,Steadfast,3522,270,0,stop,4390,3.322587
hearth-70b,NimbusServe,2954,328,1,stop,6220,3.128926
hearth-70b,Steadfast,2564,256,0,stop,4599,2.508849
hearth-70b,Coreline,1750,399,0,stop,2564,1.799801
hearth-70b,Steadfast,3019,285,0,stop,3446,2.680057
hearth-70b,Coreline,2657,387,1,stop,2048,2.808953
hearth-70b,NimbusServe,2321,442,6,stop,94286,2.318211
hearth-70b,NimbusServe,2453,347,3,stop,5642,2.285427
hearth-70b,NimbusServe,2289,350,0,stop,5309,2.483382
hearth-70b,Fastori,2210,279,0,stop,1552,2.151061
hearth-70b,Steadfast,2608,303,0,stop,3846,2.453764
hearth-70b,Steadfast,1891,475,0,stop,3782,2.017807
hearth-70b,Coreline,1793,384,0,stop,2191,1.828198
hearth-70b,Fastori,2579,357,0,stop,1511,2.691477
hearth-70b,Steadfast,2613,296,3,stop,4001,2.786362
hearth-70b,Coreline,2878,245,4,stop,2346,2.794822
hearth-70b,Steadfast,1674,304,0,stop,4309,1.683833
hearth-70b,NimbusServe,2537,277,0,stop,5191,2.763645
hearth-70b,Fastori,2584,241,1,stop,1474,2.450872
hearth-70b,Coreline,2254,184,1,stop,3133,2.261469
hearth-70b,Steadfast,3076,349,1,stop,4225,3.144510
hearth-70b,Coreline,3343,249,1,stop,1828,3.155022
hearth-70b,Fastori,2415,328,0,stop,1121,2.469326
hearth-70b,Coreline,2679,303,4,stop,2030,2.733324
hearth-70b,Fastori,2495,359,1,stop,1284,2.703234
hearth-70b,Steadfast,1756,435,0,stop,4302,2.051322
hearth-70b,NimbusServe,2631,346,6,stop,6340,2.464937
hearth-70b,Coreline,1795,397,1,stop,2262,1.809889
hearth-70b,Fastori,3044,338,0,stop,1223,2.911451
hearth-70b,Steadfast,2782,277,0,stop,4728,2.707816
hearth-70b,NimbusServe,2488,342,0,stop,5445,2.711338
hearth-70b,Coreline,2645,282,0,stop,2709,2.648698
hearth-70b,Fastori,2825,433,0,stop,1580,2.931328
hearth-70b,Coreline,2571,333,10,stop,2725,2.738148
hearth-70b,Coreline,2668,311,3,stop,2839,2.783886
hearth-70b,Coreline,2460,383,0,stop,2330,2.372388
hearth-70b,NimbusServe,2205,447,0,stop,6042,2.495251
hearth-70b,Fastori,3533,381,7,stop,1630,3.285847
hearth-70b,Steadfast,3222,249,5,stop,3872,3.060342
hearth-70b,Coreline,2637,340,0,stop,2505,2.728192
hearth-70b,Fastori,2851,353,0,stop,1112,2.896645
hearth-70b,Steadfast,2152,308,7,stop,3811,2.234880
hearth-70b,Coreline,2756,339,5,stop,3218,2.681355
hearth-70b,Coreline,2958,389,2,stop,1963,2.813038
hearth-70b,Coreline,3098,322,0,stop,2510,2.953875
hearth-70b,Steadfast,2164,304,3,stop,4234,2.141843
hearth-70b,Fastori,1702,427,2,stop,1435,1.953072
hearth-70b,Fastori,3168,373,1,stop,1571,2.900807
hearth-70b,Steadfast,2370,296,2,stop,4305,2.430664
hearth-70b,Coreline,2475,396,0,stop,2638,2.666537
hearth-70b,NimbusServe,2046,291,0,stop,5574,2.126766
hearth-70b,Coreline,1692,351,0,stop,2507,1.925111
hearth-70b,Coreline,2218,316,1,stop,2078,2.285024
hearth-70b,Coreline,1811,351,0,stop,2550,1.798088
hearth-70b,NimbusServe,1570,245,0,stop,5310,1.544032
hearth-70b,Fastori,2342,286,0,stop,1489,2.339295
hearth-70b,Steadfast,2733,389,1,stop,2739,2.996755
hearth-70b,NimbusServe,2936,391,0,stop,6192,3.115296
hearth-70b,NimbusServe,1002,353,0,stop,5338,1.244537
hearth-70b,NimbusServe,3168,370,2,stop,100552,3.167793
hearth-70b,Coreline,2605,313,0,stop,3118,2.596758
hearth-70b,Steadfast,2056,311,0,stop,4758,2.045084
hearth-70b,Steadfast,2129,191,3,stop,3690,1.924248
hearth-70b,NimbusServe,1549,382,2,stop,4455,1.760348
hearth-70b,NimbusServe,1851,476,1,stop,7494,2.233881
hearth-70b,NimbusServe,1913,337,0,stop,6359,1.996296
hearth-70b,Steadfast,2760,263,0,stop,3990,2.699019
hearth-70b,Steadfast,2845,350,5,stop,3786,2.933975
hearth-70b,Steadfast,2888,282,1,stop,4440,2.914450
hearth-70b,Coreline,2333,412,0,stop,2690,2.518756
hearth-70b,Steadfast,1778,279,5,stop,4064,1.794380
hearth-70b,Steadfast,2662,275,1,stop,4511,2.695583
hearth-70b,Steadfast,3186,378,8,stop,3256,3.046703
hearth-70b,NimbusServe,1683,300,4,stop,6942,1.903385
hearth-70b,NimbusServe,2581,344,2,stop,6391,2.586243
hearth-70b,Coreline,3116,330,0,stop,2797,3.065162
hearth-70b,Fastori,2048,354,0,stop,1159,2.009696
hearth-70b,Fastori,2219,344,5,stop,1271,2.527602
hearth-70b,Steadfast,2885,271,0,stop,3930,2.979522
hearth-70b,NimbusServe,3154,197,2,stop,5556,3.144039
hearth-70b,Coreline,1803,313,0,stop,3075,1.973526
hearth-70b,Coreline,1691,324,7,stop,2733,1.669028
hearth-70b,NimbusServe,2745,306,0,stop,6587,2.579939
hearth-70b,NimbusServe,2203,255,0,stop,6039,2.342610
hearth-70b,Coreline,3733,231,0,stop,2182,3.285540
hearth-70b,NimbusServe,2878,250,4,stop,4474,2.806621
hearth-70b,NimbusServe,2110,349,4,stop,95970,2.432533
hearth-70b,NimbusServe,3206,292,1,stop,7899,3.400589
hearth-70b,Fastori,1473,375,0,stop,1751,1.622391
hearth-70b,NimbusServe,2929,238,0,stop,6824,2.795771
hearth-70b,NimbusServe,1262,233,0,stop,74496,1.281190
hearth-70b,Coreline,2136,239,3,stop,1573,2.347272
hearth-70b,Fastori,2160,301,0,stop,1668,2.368944
hearth-70b,NimbusServe,2269,314,2,stop,7591,2.189207
hearth-70b,NimbusServe,1490,463,0,stop,5332,1.669364
hearth-70b,Steadfast,1626,406,0,stop,3926,1.992112
hearth-70b,Fastori,3362,276,2,stop,1024,3.048112
hearth-70b,Coreline,1867,213,3,stop,2300,1.817374
hearth-70b,Steadfast,3264,347,1,stop,3718,3.307405
hearth-70b,Fastori,2287,428,5,stop,1313,2.314557
hearth-70b,Fastori,2238,251,1,stop,1293,2.128054
hearth-70b,NimbusServe,2445,318,0,stop,5500,2.719921
hearth-70b,Fastori,2392,324,3,stop,1026,2.376453
hearth-70b,Coreline,3164,359,3,stop,2347,2.935986
hearth-70b,Steadfast,2919,367,0,stop,4098,2.864706
hearth-70b,NimbusServe,1334,320,0,stop,6073,1.560228
hearth-70b,Coreline,2006,307,0,stop,2288,2.006504
hearth-70b,Steadfast,3238,327,0,stop,4425,3.160586
hearth-70b,Fastori,2750,368,0,stop,1409,3.083112
hearth-70b,Coreline,2600,381,8,stop,2034,2.600147
hearth-70b,NimbusServe,1926,278,0,stop,94496,2.084730
hearth-70b,Fastori,2125,308,4,stop,1227,2.030334
hearth-70b,Coreline,3376,223,0,length,2759,3.554436
hearth-70b,Fastori,2180,433,0,stop,1622,2.441815
hearth-70b,Coreline,1976,408,0,stop,3213,2.058894
hearth-70b,Fastori,1629,359,0,stop,1559,1.741472
hearth-70b,Steadfast,2166,276,0,stop,4379,2.086047
hearth-70b,Coreline,2441,223,0,stop,2520,2.609493
hearth-70b,Fastori,2747,263,1,stop,9075,2.810030
hearth-70b,Fastori,2451,207,1,stop,1215,2.440826
hearth-70b,Steadfast,1982,313,0,stop,3728,2.140176
hearth-70b,Fastori,1853,308,0,stop,1513,2.087606
hearth-70b,NimbusServe,2220,469,0,stop,52065,2.219759
hearth-70b,Fastori,3267,263,0,stop,1458,2.973823
hearth-70b,Coreline,2436,222,0,stop,2603,2.351682
hearth-70b,Steadfast,2492,383,6,stop,3594,2.813152
hearth-70b,Fastori,2174,456,0,stop,1679,2.404734
hearth-70b,Steadfast,1493,299,1,stop,4424,1.631461
hearth-70b,NimbusServe,2804,226,3,stop,5730,2.795527
hearth-70b,Steadfast,2315,303,1,stop,3766,2.263377
hearth-70b,Coreline,2021,389,0,stop,2877,2.164754
hearth-70b,Coreline,1905,258,1,stop,2682,1.856096
hearth-70b,Fastori,2786,289,0,stop,1490,2.651403
hearth-70b,Fastori,3173,385,2,stop,1152,2.954375
hearth-70b,Fastori,2445,253,0,stop,1340,2.336844
hearth-70b,Steadfast,2687,345,1,stop,3864,2.859264
hearth-70b,Steadfast,2849,343,1,stop,4079,3.051773
hearth-70b,Fastori,2686,317,0,stop,1435,2.672633
hearth-70b,Fastori,1776,332,5,stop,1503,1.809896
hearth-70b,NimbusServe,2417,459,0,stop,5488,2.533926
hearth-70b,Fastori,3013,267,0,stop,1354,2.935336
hearth-70b,Steadfast,2193,381,1,stop,4239,2.152988
hearth-70b,Fastori,2083,267,1,stop,1175,2.169554
hearth-70b,Fastori,2210,358,0,stop,1190,2.081353
hearth-70b,Steadfast,1681,397,0,stop,4317,2.011826
hearth-70b,Fastori,2073,316,0,stop,1131,2.157005
hearth-70b,NimbusServe,1718,326,2,stop,5140,1.786790
hearth-70b,NimbusServe,1956,294,2,stop,6210,2.147658
hearth-70b,Fastori,1977,412,5,stop,1516,2.050653
hearth-70b,NimbusServe,1378,290,2,stop,5974,1.458965
hearth-70b,Fastori,1700,330,4,stop,1594,2.008353
hearth-70b,Steadfast,2222,332,2,stop,4712,2.528932
hearth-70b,NimbusServe,1644,399,0,stop,5674,1.692786
hearth-70b,Fastori,2320,267,3,stop,1397,2.197654
hearth-70b,Fastori,2191,349,2,stop,1453,2.388506
hearth-70b,NimbusServe,1700,382,0,stop,88310,1.884905
hearth-70b,Fastori,1395,271,3,stop,1375,1.557012
hearth-70b,Coreline,2655,225,0,stop,3235,2.376357
hearth-70b,Steadfast,2799,346,0,stop,4484,2.718186
hearth-70b,Fastori,1782,300,0,stop,1332,1.929161
hearth-70b,Fastori,2682,232,6,stop,1399,2.716338
hearth-70b,Fastori,1937,318,0,stop,1243,2.096539
hearth-70b,Fastori,2094,299,9,stop,1494,2.133382
hearth-70b,NimbusServe,2008,359,0,stop,6846,2.291362
hearth-70b,NimbusServe,2587,286,0,stop,6893,2.541367
hearth-70b,NimbusServe,1718,269,0,stop,6195,1.772681
hearth-70b,Coreline,2725,320,1,stop,2185,2.558178
hearth-70b,Steadfast,2334,371,4,stop,2708,2.678135
hearth-70b,NimbusServe,1264,291,0,stop,105891,1.351831
hearth-70b,Steadfast,1558,316,0,stop,4784,1.762988
hearth-70b,Steadfast,3225,337,0,stop,3765,2.970814
hearth-70b,Coreline,2525,319,4,stop,2456,2.484821
hearth-70b,Coreline,2934,441,0,stop,2179,3.120376
hearth-70b,Steadfast,2041,422,0,stop,4234,2.031252
hearth-70b,Coreline,2129,302,3,stop,2842,2.140968
hearth-70b,NimbusServe,1527,373,5,stop,6477,1.775988
hearth-70b,Coreline,2529,357,0,stop,2768,2.802457
hearth-70b,Fastori,2323,482,2,stop,1233,2.710945
hearth-70b,Steadfast,2341,340,2,stop,4799,2.184243
hearth-70b,Steadfast,2821,278,0,stop,3678,2.572568
hearth-70b,Fastori,2306,397,4,stop,929,2.539316
hearth-70b,Coreline,3528,286,4,stop,2543,3.255534
hearth-70b,Coreline,2700,266,2,stop,2404,2.589611
hearth-70b,Steadfast,2513,264,2,stop,3878,2.387188
hearth-70b,Coreline,2428,352,3,stop,1779,2.702123
hearth-70b,Steadfast,2180,302,3,stop,3804,2.291720
hearth-70b,Coreline,2348,375,0,stop,2280,2.399189
hearth-70b,Steadfast,1947,299,1,stop,4227,1.829507
hearth-70b,Steadfast,2714,302,0,stop,4141,2.532784
hearth-70b,Coreline,2155,248,2,stop,2668,2.030349
hearth-70b,NimbusServe,2489,316,0,stop,78805,2.491136
hearth-70b,Fastori,1908,222,2,stop,1926,2.025946
hearth-70b,Coreline,2384,289,3,stop,2470,2.265226
hearth-70b,Fastori,2863,314,3,stop,1475,3.073835
hearth-70b,NimbusServe,3219,345,2,stop,57670,2.921447
hearth-70b,Coreline,2754,335,0,stop,2102,2.898930
hearth-70b,Fastori,2543,357,1,stop,1278,2.438316
hearth-70b,Coreline,1403,268,0,stop,2121,1.631062
hearth-70b,Coreline,3198,363,0,stop,2151,3.063168
hearth-70b,Coreline,1504,338,2,stop,2455,1.825527
hearth-70b,Coreline,2981,371,1,stop,2154,2.957088
hearth-70b,Fastori,2747,237,1,stop,1465,2.661679
hearth-70b,Fastori,1940,202,4,stop,1385,1.755698
hearth-70b,NimbusServe,2453,288,0,stop,5400,2.631032
hearth-70b,NimbusServe,2484,190,0,stop,8123,2.532234
hearth-70b,Coreline,2324,299,1,stop,2426,2.336594
hearth-70b,Coreline,1216,331,0,stop,2857,1.341234
hearth-70b,NimbusServe,2641,233,0,stop,5960,2.357176
hearth-70b,Steadfast,2294,283,5,stop,4150,2.485543
hearth-70b,Fastori,2962,319,1,stop,1587,2.877821
hearth-70b,Steadfast,2578,346,0,stop,4025,2.712262
hearth-70b,Coreline,3526,449,4,stop,2615,3.634608
hearth-70b,NimbusServe,2499,307,3,stop,5818,2.428593
hearth-70b,Fastori,2490,273,0,stop,1203,2.370515
hearth-70b,NimbusServe,2828,353,0,stop,5960,2.792281
hearth-70b,Steadfast,1511,366,0,stop,4333,1.847547
hearth-70b,Coreline,2664,270,3,stop,2285,2.727193
hearth-70b,Coreline,1631,278,2,stop,2833,1.626518
hearth-70b,NimbusServe,2328,450,3,stop,6051,2.646239
hearth-70b,Coreline,1392,277,0,stop,2610,1.636122
hearth-70b,Coreline,1880,356,0,stop,9988,2.005104
hearth-70b,Coreline,2408,237,2,stop,2230,2.512137
hearth-70b,Coreline,3077,309,0,stop,1902,2.960798
hearth-70b,Coreline,2731,396,2,stop,3060,2.747705
hearth-70b,NimbusServe,2635,387,0,stop,98805,2.784559
hearth-70b,Steadfast,2456,387,2,stop,4565,2.549278
hearth-70b,NimbusServe,2351,396,0,stop,5651,2.291616
hearth-70b,Fastori,1818,370,0,stop,1222,2.065066
hearth-70b,Coreline,2770,262,5,stop,2804,2.810986
hearth-70b,Steadfast,2311,314,0,stop,4172,2.409331
hearth-70b,Fastori,2747,267,1,stop,1247,2.843477
hearth-70b,Steadfast,2467,331,0,stop,4349,2.607048
hearth-70b,Steadfast,2071,283,1,stop,3105,2.051569
hearth-70b,Fastori,2509,191,3,stop,1198,2.299352
hearth-70b,Coreline,2466,385,0,stop,2366,2.426608
hearth-70b,NimbusServe,2561,228,5,stop,5442,2.655432
hearth-70b,Coreline,2165,401,5,stop,3140,2.352076
hearth-70b,Coreline,2226,211,0,stop,2515,1.983333
hearth-70b,Coreline,2671,349,3,stop,1927,2.501045
hearth-70b,Steadfast,2524,289,2,stop,4033,2.588508
hearth-70b,Coreline,2848,354,1,stop,2025,2.814129
hearth-70b,NimbusServe,2152,348,0,stop,64558,2.172851
hearth-70b,Steadfast,2152,302,0,stop,4260,2.093155
hearth-70b,Coreline,2926,359,8,stop,2499,2.784288
hearth-70b,Fastori,2728,287,1,stop,1311,2.708028
hearth-70b,NimbusServe,2837,398,0,stop,77814,2.957112
hearth-70b,NimbusServe,2173,285,1,stop,7002,2.154561
hearth-70b,NimbusServe,2220,384,1,stop,4474,2.574880
hearth-70b,NimbusServe,1194,417,0,stop,6803,1.552212
hearth-70b,Steadfast,2912,393,4,stop,3091,3.248098
hearth-70b,NimbusServe,2042,323,0,stop,6032,2.264358
hearth-70b,NimbusServe,2862,388,0,stop,6421,2.740939
hearth-70b,Coreline,3021,338,2,stop,3025,3.120493
hearth-70b,NimbusServe,1773,269,0,stop,4593,2.013458
hearth-70b,NimbusServe,2753,317,0,stop,5781,2.648116
hearth-70b,Fastori,2745,349,0,stop,1600,2.961372
hearth-70b,NimbusServe,2369,381,0,stop,6264,2.411177
hearth-70b,Coreline,2081,238,0,stop,2403,2.076688
hearth-70b,Coreline,2830,328,1,stop,2503,2.578220
hearth-70b,Coreline,2572,235,1,stop,2224,2.694954
hearth-70b,NimbusServe,2593,345,0,stop,66440,2.619780
hearth-70b,NimbusServe,3269,391,5,stop,95938,3.609791
hearth-70b,Fastori,2483,264,0,stop,953,2.603697
hearth-70b,NimbusServe,2572,246,0,stop,79741,2.512501
hearth-70b,Coreline,1581,384,2,stop,2219,1.734113
hearth-70b,Coreline,2074,285,5,stop,2648,2.274344
hearth-70b,Coreline,1913,429,1,stop,2832,2.013354
hearth-70b,Steadfast,1781,382,5,stop,3703,1.955014
hearth-70b,NimbusServe,2053,232,1,stop,4681,2.009926
hearth-70b,Steadfast,2276,300,0,stop,4564,2.382526
hearth-70b,NimbusServe,3137,287,4,stop,93120,3.270107
hearth-70b,NimbusServe,1487,375,0,stop,5783,1.702393
hearth-70b,NimbusServe,2594,297,0,stop,6397,2.626054
hearth-70b,Steadfast,2924,250,0,stop,4443,2.793187
hearth-70b,NimbusServe,2019,374,0,stop,71195,1.962629
hearth-70b,Steadfast,3004,206,0,stop,3796,2.752421
hearth-70b,Steadfast,2150,387,0,stop,3782,2.376737
hearth-70b,NimbusServe,3225,419,0,stop,75562,3.147588
hearth-70b,NimbusServe,1884,341,0,stop,4334,1.974067
hearth-70b,NimbusServe,1643,313,5,stop,5567,1.755067
hearth-70b,Coreline,1854,263,1,stop,2341,1.924897
hearth-70b,NimbusServe,2128,446,10,stop,5701,2.094213
hearth-70b,Steadfast,1638,241,2,stop,4754,1.746446
hearth-70b,NimbusServe,2137,217,0,stop,5440,2.062360
hearth-70b,NimbusServe,2958,217,0,stop,5854,2.912764
hearth-70b,NimbusServe,3513,315,3,stop,6368,3.514349
hearth-70b,Coreline,2461,323,1,stop,2869,2.484538
hearth-70b,Coreline,2255,296,0,stop,1964,2.232253
hearth-70b,Fastori,1911,282,0,stop,1065,1.918094
hearth-70b,Steadfast,2457,274,4,stop,4429,2.525029
hearth-70b,Fastori,2626,299,4,stop,1391,2.409139
hearth-70b,NimbusServe,1996,264,3,stop,6321,1.903953
hearth-70b,Steadfast,2703,279,0,stop,3981,2.611688
hearth-70b,Coreline,2695,280,2,stop,3079,2.412599
hearth-70b,NimbusServe,1542,368,0,stop,6954,1.554675
hearth-70b,Coreline,2644,260,3,stop,2926,2.596301
hearth-70b,Steadfast,2797,417,0,stop,3953,2.617553
hearth-70b,Coreline,1469,409,0,stop,2422,1.792807
hearth-70b,Fastori,2522,268,3,stop,1660,2.758203
hearth-70b,NimbusServe,2721,216,0,stop,5238,2.416055
hearth-70b,NimbusServe,2690,303,0,stop,5376,2.763731
hearth-70b,Fastori,1702,371,0,stop,1239,1.972045
hearth-70b,Fastori,2794,340,0,stop,1419,3.055956
hearth-70b,Fastori,1899,270,1,stop,1602,2.114135
hearth-70b,Coreline,3244,376,0,stop,2579,3.142799
hearth-70b,Coreline,3002,273,0,stop,2927,3.141284
hearth-70b,Steadfast,3274,230,2,stop,2771,2.977823
hearth-70b,NimbusServe,2550,278,1,stop,6268,2.721246
hearth-70b,Steadfast,3659,284,0,stop,3899,3.267912
hearth-70b,Coreline,2346,254,0,stop,2714,2.302069
hearth-70b,Steadfast,1843,328,1,stop,4779,1.909692
hearth-70b,NimbusServe,2290,392,0,stop,96971,2.647531
hearth-70b,Coreline,1878,420,0,stop,1999,2.043475
hearth-70b,NimbusServe,3168,447,10,stop,5818,2.972084
hearth-70b,Fastori,2428,193,0,stop,1483,2.458081
hearth-70b,NimbusServe,2872,326,0,stop,61109,2.966960
hearth-70b,Steadfast,3245,295,0,stop,4372,3.496447
hearth-70b,Coreline,1825,286,0,stop,2648,1.798334
hearth-70b,Coreline,1677,342,4,stop,2632,1.704188
hearth-70b,Fastori,3093,299,0,stop,6736,3.054050
hearth-70b,Steadfast,2461,335,2,stop,3829,2.742329
hearth-70b,Fastori,1688,345,0,stop,1059,1.939998
hearth-70b,Fastori,2927,406,1,stop,1127,3.097579
hearth-70b,Steadfast,2863,417,3,stop,4099,2.861721
hearth-70b,NimbusServe,2646,413,6,stop,5637,2.824758
hearth-70b,Coreline,2573,418,5,stop,2374,2.609990
hearth-70b,Coreline,2883,393,1,stop,1930,2.698694
hearth-70b,NimbusServe,2730,319,0,stop,6791,2.501748
hearth-70b,Coreline,2978,289,5,stop,2629,3.216756
hearth-70b,Fastori,3325,332,0,stop,1277,3.489672
hearth-70b,Steadfast,2962,397,8,stop,3873,2.926901
hearth-70b,Steadfast,2703,326,1,stop,3690,2.848609
hearth-70b,Coreline,2333,330,0,stop,2649,2.603194
hearth-70b,Steadfast,2604,322,5,stop,20677,2.742177
hearth-70b,Coreline,2045,296,7,stop,2830,2.145924
hearth-70b,Coreline,2921,292,0,stop,2894,2.745845
hearth-70b,Fastori,2183,301,0,stop,8030,2.326393
hearth-70b,Coreline,2322,257,6,stop,2317,2.280116
hearth-70b,NimbusServe,1597,341,0,stop,5582,1.652964
hearth-70b,Steadfast,1676,455,4,stop,4425,1.833747
hearth-70b,Fastori,2939,252,0,stop,1428,2.793170
hearth-70b,Steadfast,1692,311,1,stop,4663,1.881467
hearth-70b,Coreline,2444,338,4,stop,2048,2.266526
hearth-70b,Coreline,2555,265,1,stop,2714,2.309144
hearth-70b,NimbusServe,1958,205,0,stop,4340,1.803656
hearth-70b,Coreline,2190,337,0,stop,2821,2.169211
hearth-70b,Coreline,2547,277,0,stop,2718,2.560953
hearth-70b,NimbusServe,3046,338,0,stop,5597,2.847280
hearth-70b,Steadfast,2350,379,5,stop,2712,2.535405
hearth-70b,Fastori,2225,465,1,stop,1374,2.597859
hearth-70b,NimbusServe,2237,273,0,stop,6630,2.044357
hearth-70b,Coreline,2832,244,2,stop,2935,2.811194
hearth-70b,Steadfast,2568,317,0,stop,4417,2.414883
hearth-70b,Coreline,1425,321,0,stop,2739,1.634344
hearth-70b,Fastori,2894,396,0,stop,1310,2.868671
hearth-70b,Steadfast,1318,401,2,stop,2908,1.498546
hearth-70b,NimbusServe,2998,297,4,stop,5524,3.203593
hearth-70b,Fastori,2960,429,3,stop,1387,2.962678
hearth-70b,Steadfast,2264,354,0,stop,4461,2.484286
hearth-70b,NimbusServe,2047,260,0,stop,6038,2.016556
hearth-70b,Steadfast,1841,301,0,stop,4654,2.016875
hearth-70b,Coreline,2777,295,0,stop,2174,2.745314
hearth-70b,Coreline,3762,398,0,stop,2670,3.777914
hearth-70b,Coreline,2282,377,3,stop,2825,2.413982
hearth-70b,Fastori,2407,211,0,stop,1453,2.141358
hearth-70b,Steadfast,1510,447,0,stop,3705,1.674884
hearth-70b,Fastori,3057,361,0,stop,862,3.096647
hearth-70b,NimbusServe,3039,283,1,stop,5586,2.691932
hearth-70b,Steadfast,2267,419,0,stop,4355,2.596780
hearth-70b,NimbusServe,2683,313,0,stop,7291,2.883963
hearth-70b,Steadfast,2314,154,1,stop,3260,2.318566
hearth-70b,Coreline,2739,306,5,stop,3106,2.659193
hearth-70b,Coreline,2166,299,0,stop,2844,2.327168
hearth-70b,Fastori,3800,330,4,stop,1132,3.793283
hearth-70b,Coreline,2893,353,0,stop,1953,2.656502
hearth-70b,Steadfast,1597,323,0,stop,2951,1.687160
hearth-70b,Steadfast,1910,239,3,stop,4655,1.906013
hearth-70b,Fastori,2166,286,4,stop,1211,2.278618
hearth-70b,Fastori,1796,249,0,stop,1505,1.709447
hearth-70b,Fastori,2701,478,3,stop,1181,3.073649
hearth-70b,Fastori,2607,347,0,stop,1402,2.717648
hearth-70b,Coreline,2227,296,0,stop,1858,2.404093
hearth-70b,Fastori,2261,224,0,stop,1554,2.082199
hearth-70b,Fastori,2556,440,5,stop,1681,2.434862
hearth-70b,Steadfast,1310,328,5,stop,5107,1.453030
hearth-70b,Steadfast,2637,281,4,stop,3838,2.784883
hearth-70b,NimbusServe,2616,280,5,stop,6242,2.864708
hearth-70b,Fastori,2455,372,4,stop,1194,2.432089
hearth-70b,NimbusServe,1764,284,3,stop,5560,1.994364
hearth-70b,NimbusServe,1902,277,0,stop,6820,2.030526
hearth-70b,Steadfast,2607,351,0,stop,3367,2.643179
hearth-70b,Fastori,1808,318,0,stop,1574,1.810050
hearth-70b,Coreline,1682,359,0,stop,2541,1.785557
hearth-70b,Coreline,3541,400,0,stop,2398,3.421310
hearth-70b,Steadfast,2469,258,2,stop,4384,2.585303
hearth-70b,Steadfast,1772,252,4,stop,3931,1.859623
hearth-70b,Fastori,2329,334,1,stop,1590,2.627865
hearth-70b,Coreline,2077,435,0,stop,2722,2.445480
hearth-70b,Fastori,2762,316,7,stop,1317,2.981782
hearth-70b,Fastori,2411,362,5,stop,1317,2.644139
hearth-70b,NimbusServe,3049,371,1,stop,4623,2.934023
hearth-70b,Fastori,2369,291,0,stop,1514,2.160468
hearth-70b,NimbusServe,3108,306,1,stop,6002,3.267314
hearth-70b,Coreline,2082,294,0,stop,2202,2.272483
hearth-70b,Fastori,2699,326,7,stop,1272,2.484524
hearth-70b,Coreline,1793,276,2,stop,2425,2.012735
hearth-70b,Coreline,1644,205,0,stop,2675,1.612500
hearth-70b,Coreline,2248,285,1,stop,2171,2.385830
hearth-70b,Steadfast,2048,318,0,stop,4233,2.288609
hearth-70b,Coreline,3021,381,1,stop,2199,3.351867
hearth-70b,Steadfast,3594,294,0,stop,2693,3.588470
hearth-70b,Steadfast,2783,284,0,stop,3876,2.889587
hearth-70b,Coreline,2174,346,0,stop,1915,2.410249
hearth-70b,NimbusServe,2689,278,0,stop,5316,2.810727
hearth-70b,Coreline,3522,342,0,stop,2181,3.609500
hearth-70b,Coreline,1743,285,0,stop,2408,1.710541
hearth-70b,Fastori,2426,389,0,stop,1442,2.559856
hearth-70b,Steadfast,2724,352,0,stop,4089,2.495165
hearth-70b,Coreline,2837,271,2,stop,1853,2.920762
hearth-70b,Fastori,2041,407,0,stop,1332,2.249319
hearth-70b,NimbusServe,2488,305,4,stop,6876,2.471988
hearth-70b,Fastori,2264,239,3,stop,1383,2.400294
hearth-70b,Coreline,2563,250,2,stop,2687,2.671105
hearth-70b,Coreline,3335,310,0,stop,2598,3.251342
hearth-70b,Coreline,2769,369,0,stop,2405,3.104864
hearth-70b,Coreline,2640,447,0,stop,1984,2.847741
hearth-70b,Fastori,3684,170,0,stop,1437,3.758564
hearth-70b,Coreline,1915,344,0,stop,3045,2.065632
hearth-70b,Fastori,3596,311,0,stop,1523,3.524863
hearth-70b,Steadfast,2398,345,0,stop,4243,2.580328
hearth-70b,Fastori,1860,371,4,stop,1103,2.020024
hearth-70b,Coreline,2424,313,2,stop,2456,2.446656
hearth-70b,Steadfast,1943,292,1,stop,4093,1.888337
hearth-70b,Steadfast,2592,307,0,stop,4806,2.570730
hearth-70b,Steadfast,1191,307,1,stop,3534,1.473804
hearth-70b,Steadfast,1764,264,3,stop,3913,1.979869
hearth-70b,NimbusServe,2770,368,7,stop,4991,3.026607
hearth-70b,Fastori,1750,220,0,stop,1376,1.908757
hearth-70b,Coreline,3214,286,0,stop,2766,3.103900
hearth-70b,Steadfast,3037,370,4,stop,4153,3.097876
hearth-70b,Coreline,2066,176,0,stop,2945,1.999801
hearth-70b,Coreline,3128,406,7,stop,2965,3.362327
hearth-70b,Steadfast,2421,438,0,stop,2854,2.655666
hearth-70b,NimbusServe,3300,394,0,stop,104853,3.517325
hearth-70b,Coreline,2001,294,0,stop,3062,2.175782
hearth-70b,Coreline,2100,336,3,stop,2953,1.986262
hearth-70b,Fastori,1910,229,2,stop,1285,2.041361
hearth-70b,NimbusServe,3683,308,6,stop,5739,3.263166
hearth-70b,NimbusServe,2759,297,0,stop,5564,2.826839
hearth-70b,Coreline,2517,351,0,stop,2476,2.456967
hearth-70b,NimbusServe,1982,256,0,stop,6041,2.053369
hearth-70b,Coreline,3434,297,0,stop,2692,3.323491
hearth-70b,NimbusServe,3178,219,1,stop,7566,2.851141
hearth-70b,NimbusServe,2273,255,0,stop,5326,2.384233
hearth-70b,Coreline,3152,439,3,stop,3200,3.104848
hearth-70b,Steadfast,2637,312,0,stop,3564,2.397109
hearth-70b,Steadfast,3125,306,6,stop,4262,3.009689
hearth-70b,Fastori,2446,237,0,stop,1727,2.448089
hearth-70b,Steadfast,3269,227,1,stop,5359,3.292610
hearth-70b,NimbusServe,3816,286,0,stop,7969,3.916113
hearth-70b,Coreline,2675,272,3,stop,2386,2.525483
hearth-70b,Fastori,2814,362,0,stop,1569,2.870298
hearth-70b,Fastori,2936,394,0,stop,1350,3.191374
hearth-70b,Coreline,2235,288,3,stop,2351,2.232340
hearth-70b,NimbusServe,2166,250,0,stop,5038,2.363691
hearth-70b,NimbusServe,2489,297,4,stop,5098,2.442100
hearth-70b,Fastori,2619,305,3,stop,920,2.371568
hearth-70b,Steadfast,3121,435,0,stop,3471,3.080146
hearth-70b,Steadfast,2592,331,0,stop,3295,2.870387
hearth-70b,Coreline,2497,268,0,stop,2556,2.414444
hearth-70b,Coreline,2899,327,0,stop,2485,2.929200
hearth-70b,Steadfast,2996,318,1,stop,5015,2.987520
hearth-70b,Steadfast,1727,350,0,stop,4159,1.968287
hearth-70b,Steadfast,3044,367,0,stop,5101,2.886924
hearth-70b,Steadfast,2983,255,0,stop,4434,2.653159
hearth-70b,Fastori,2794,383,0,stop,1129,3.122889
hearth-70b,Coreline,2500,308,5,stop,2437,2.293561
hearth-70b,Coreline,2656,406,0,stop,2252,2.735549
hearth-70b,Coreline,2993,344,0,stop,3252,2.801915
hearth-70b,NimbusServe,2816,380,0,stop,7150,2.737011
hearth-70b,Fastori,2383,311,1,stop,1227,2.399756
hearth-70b,NimbusServe,2489,240,0,stop,5734,2.434883
hearth-70b,Fastori,2025,261,2,stop,1449,2.052719
hearth-70b,Coreline,2175,349,5,stop,3351,2.097978
hearth-70b,Coreline,2544,358,0,stop,2065,2.832273
hearth-70b,Fastori,2267,293,0,stop,1273,2.454283
hearth-70b,Coreline,2878,377,0,stop,3059,3.141924
hearth-70b,Fastori,1383,273,0,stop,1323,1.538156
hearth-70b,NimbusServe,2327,234,0,stop,6307,2.421764
hearth-70b,Coreline,2874,331,0,stop,2951,2.859994
hearth-70b,Fastori,3238,335,0,stop,1052,2.969411
hearth-70b,Steadfast,2774,269,1,stop,5163,2.530933
hearth-70b,NimbusServe,2584,380,0,stop,5744,2.421076
hearth-70b,Coreline,2824,403,0,stop,2477,3.038464
hearth-70b,NimbusServe,2424,288,0,stop,5680,2.473171
hearth-70b,Steadfast,2449,394,0,stop,4318,2.473519
hearth-70b,Coreline,1647,359,5,stop,2669,1.918644
hearth-70b,Coreline,2300,339,0,stop,2489,2.406392
hearth-70b,Steadfast,1723,349,0,stop,4751,1.787281
hearth-70b,Steadfast,1872,391,0,stop,3935,2.036725
hearth-70b,Coreline,2062,339,0,stop,2755,1.996008
hearth-70b,Fastori,2599,425,0,stop,1287,2.562013
hearth-70b,Coreline,2880,317,0,stop,2659,3.091045
hearth-70b,Steadfast,1663,163,1,stop,2814,1.600930
hearth-70b,NimbusServe,2729,355,0,stop,5125,2.525986
hearth-70b,Coreline,1378,446,0,stop,2180,1.526675
hearth-70b,Fastori,2467,269,2,stop,1572,2.697308
hearth-70b,Steadfast,1828,348,3,stop,4095,2.082397
hearth-70b,NimbusServe,2693,331,0,stop,5832,2.761012
hearth-70b,Coreline,2209,284,0,stop,2465,2.332790
hearth-70b,NimbusServe,2816,289,4,stop,5046,2.972546
hearth-70b,Fastori,2760,240,2,stop,1397,2.461670
hearth-70b,NimbusServe,2526,365,7,stop,6799,2.562344
hearth-70b,NimbusServe,3273,340,0,stop,4024,3.124213
hearth-70b,Fastori,3903,289,1,stop,1329,3.629310
hearth-70b,Coreline,1795,328,8,stop,2403,1.943487
hearth-70b,Fastori,1893,430,3,stop,1458,1.910452
hearth-70b,Fastori,2333,372,0,stop,1729,2.221282
hearth-70b,NimbusServe,2601,308,5,stop,6107,2.495411
hearth-70b,Steadfast,2708,180,4,stop,4734,2.714268
hearth-70b,NimbusServe,2979,364,0,stop,66634,3.058513
hearth-70b,Steadfast,1234,285,0,stop,3342,1.299500
hearth-70b,Fastori,1819,232,5,stop,1775,1.905908
hearth-70b,Fastori,2366,389,0,stop,1198,2.705093
hearth-70b,Fastori,3548,342,0,stop,1245,3.842251
hearth-70b,NimbusServe,1294,359,0,stop,4548,1.410954
hearth-70b,NimbusServe,2348,260,0,stop,6527,2.564058
hearth-70b,Fastori,2328,317,5,stop,994,2.435183
hearth-70b,NimbusServe,1849,399,0,stop,77585,2.170759
hearth-70b,Coreline,2661,302,3,stop,2650,2.778672
hearth-70b,Fastori,2328,263,0,stop,9643,2.385184
hearth-70b,NimbusServe,2699,306,3,stop,6031,2.960222
hearth-70b,Coreline,2954,376,6,stop,2275,3.136345
hearth-70b,Steadfast,1694,384,7,stop,4185,1.713007
hearth-70b,Steadfast,2381,435,1,stop,4684,2.661188
hearth-70b,Coreline,1822,339,0,stop,2265,2.101975
hearth-70b,NimbusServe,2176,322,0,stop,48257,2.318055
hearth-70b,Coreline,1538,295,0,stop,1895,1.698856
hearth-70b,Steadfast,1386,322,2,stop,3837,1.608660
hearth-70b,NimbusServe,1596,189,7,stop,114738,1.598120
hearth-70b,Fastori,1931,355,0,stop,1570,2.057151
hearth-70b,NimbusServe,1956,406,0,stop,6588,2.229257
hearth-70b,Steadfast,1289,202,0,stop,4720,1.463680
hearth-70b,Coreline,2565,279,0,stop,2091,2.794527
hearth-70b,Steadfast,2424,244,0,stop,3466,2.636662
hearth-70b,NimbusServe,1796,440,0,stop,48047,2.059891
hearth-70b,Fastori,2304,298,0,stop,1331,2.132858
hearth-70b,Steadfast,1798,257,0,stop,13804,1.898552
hearth-70b,Steadfast,2505,396,0,stop,4064,2.838877
hearth-70b,Steadfast,2897,373,5,stop,3621,2.937448
hearth-70b,Steadfast,2103,371,3,stop,3488,2.257722
hearth-70b,Fastori,1814,300,1,stop,1538,1.889347
hearth-70b,Steadfast,1890,341,3,stop,3529,1.944446
hearth-70b,Steadfast,2367,376,0,stop,4857,2.657045
hearth-70b,Coreline,2138,369,5,stop,2723,2.103048
hearth-70b,NimbusServe,2807,273,0,stop,6351,2.524741
hearth-70b,Steadfast,3059,299,8,stop,3940,3.068411
hearth-70b,Coreline,2724,353,0,stop,2234,2.885897
hearth-70b,Steadfast,1983,270,0,stop,3684,2.091461
hearth-70b,Steadfast,1554,243,3,stop,3182,1.522711
hearth-70b,Steadfast,1223,272,6,stop,4885,1.314947
hearth-70b,Fastori,2963,284,0,stop,996,2.982280
hearth-70b,NimbusServe,2818,325,0,stop,6399,2.612716
hearth-70b,Coreline,2378,279,0,stop,2024,2.450560
hearth-70b,NimbusServe,2412,292,4,stop,4836,2.463300
hearth-70b,Coreline,2575,316,0,stop,2342,2.470743
hearth-70b,Fastori,1995,406,0,stop,1720,2.112082
hearth-70b,NimbusServe,2570,333,2,stop,5518,2.801902
hearth-70b,Coreline,2529,319,0,stop,2700,2.771849
hearth-70b,Steadfast,1938,206,2,stop,3832,1.748234
hearth-70b,Steadfast,2788,255,2,stop,4830,2.860748
hearth-70b,NimbusServe,2010,202,4,stop,94886,1.988794
hearth-70b,Steadfast,2342,308,7,stop,4753,2.444849
hearth-70b,Coreline,2411,304,0,stop,2060,2.677284
hearth-70b,Fastori,2299,343,3,stop,1328,2.406015
hearth-70b,NimbusServe,2667,247,0,stop,5393,2.579948
hearth-70b,Coreline,1998,290,0,stop,2983,2.034303
hearth-70b,Fastori,1867,210,1,stop,1116,1.783908
hearth-70b,Coreline,1422,367,0,stop,1784,1.753020
hearth-70b,Fastori,1827,394,5,stop,1461,1.946091
hearth-70b,NimbusServe,3336,319,0,stop,6860,3.519965
hearth-70b,NimbusServe,2627,253,7,stop,5808,2.716824
hearth-70b,Steadfast,3022,331,0,stop,4402,3.115753
hearth-70b,NimbusServe,2656,254,0,stop,76661,2.390376
hearth-70b,Coreline,2064,417,0,stop,2638,2.081353
hearth-70b,Coreline,2315,186,4,stop,2246,2.369591
hearth-70b,Steadfast,2056,188,2,stop,3312,2.061348
hearth-70b,Steadfast,3609,304,2,stop,3720,3.486093
hearth-70b,NimbusServe,3049,298,0,stop,5759,2.943518
hearth-70b,Fastori,1975,226,0,stop,8755,1.936647
hearth-70b,Fastori,3477,327,0,stop,1543,3.619759
hearth-70b,Fastori,2637,271,1,stop,911,2.727543
hearth-70b,Coreline,2623,314,0,stop,1935,2.589270
hearth-70b,Fastori,2875,332,1,stop,1379,2.627079
hearth-70b,Coreline,1891,322,8,stop,2997,2.176059
hearth-70b,NimbusServe,3144,369,7,stop,6157,3.442962
hearth-70b,Fastori,1303,320,0,stop,1382,1.436428
hearth-70b,NimbusServe,2336,287,1,stop,52282,2.145878
hearth-70b,Steadfast,1986,302,0,stop,4680,1.902853
hearth-70b,NimbusServe,2199,323,0,stop,5699,2.346632
hearth-70b,Fastori,3247,316,0,stop,1240,3.487259
hearth-70b,Steadfast,2406,262,0,stop,4628,2.358015
hearth-70b,Steadfast,2423,428,5,stop,4517,2.549841
hearth-70b,Steadfast,3179,352,0,stop,4252,3.371114
hearth-70b,NimbusServe,2499,391,0,stop,5038,2.508639
hearth-70b,Coreline,2023,391,0,stop,3290,2.289453
hearth-70b,Fastori,2217,263,0,stop,1455,2.252211
hearth-70b,NimbusServe,1638,404,0,stop,5040,1.776311
hearth-70b,Fastori,1687,218,0,stop,1251,1.696550
hearth-70b,Steadfast,3321,315,0,stop,4787,3.332422
hearth-70b,Steadfast,2416,325,0,stop,4669,2.698650
hearth-70b,NimbusServe,2373,287,1,stop,5443,2.601217
hearth-70b,Fastori,1976,303,2,stop,1648,1.865819
hearth-70b,NimbusServe,2784,487,8,stop,4695,2.752999
hearth-70b,NimbusServe,2592,326,0,stop,6404,2.713260
hearth-70b,Coreline,2307,398,0,stop,1780,2.381328
hearth-70b,Coreline,2822,421,0,stop,2929,2.937366
hearth-70b,Fastori,3195,352,7,stop,1514,3.250195
hearth-70b,NimbusServe,1708,335,4,stop,5633,1.769550
hearth-70b,NimbusServe,2924,425,2,stop,5149,3.067444
hearth-70b,Steadfast,1987,267,1,stop,4401,2.038805
hearth-70b,Fastori,3095,408,0,stop,1428,2.886735
hearth-70b,Coreline,1934,323,3,stop,2837,2.014805
hearth-70b,Fastori,2918,354,1,stop,1530,3.161340
hearth-70b,Steadfast,2199,256,2,stop,4051,2.344261
hearth-70b,Fastori,2612,407,4,stop,1456,2.867346
hearth-70b,Coreline,2436,242,2,stop,1862,2.583673
hearth-70b,NimbusServe,2336,374,0,stop,6183,2.458127
hearth-70b,Steadfast,1734,302,0,stop,4547,1.742059
hearth-70b,Coreline,1672,299,0,stop,2193,1.794035
hearth-70b,Steadfast,2527,287,3,stop,4154,2.416678
hearth-70b,Fastori,2556,319,4,stop,1363,2.375226
hearth-70b,Coreline,3474,378,6,stop,2523,3.351045
hearth-70b,NimbusServe,2950,321,0,stop,7109,2.848607
hearth-70b,Coreline,1769,333,2,stop,2775,2.005423
hearth-70b,Fastori,2442,339,3,stop,1291,2.359426
hearth-70b,Coreline,2457,327,0,stop,2655,2.387749
hearth-70b,Steadfast,2451,378,1,stop,4531,2.486313
hearth-70b,Steadfast,2152,347,0,stop,3924,2.471017
hearth-70b,Steadfast,3142,287,0,stop,4261,3.355821
hearth-70b,NimbusServe,1953,381,4,stop,93563,1.993970
hearth-70b,NimbusServe,2452,274,0,stop,5674,2.580444
hearth-70b,NimbusServe,2453,343,1,stop,73925,2.459870
hearth-70b,Steadfast,2997,336,5,stop,4161,3.113660
hearth-70b,Steadfast,3162,273,3,stop,3162,3.355026
hearth-70b,Coreline,1942,270,3,stop,2638,2.046924
hearth-70b,Fastori,2783,344,2,stop,1310,2.547545
hearth-70b,NimbusServe,2706,211,0,stop,7254,2.787332
hearth-70b,Steadfast,1688,337,0,stop,3859,1.643385
hearth-70b,Coreline,2612,282,0,stop,2562,2.528322
hearth-70b,NimbusServe,2565,334,4,stop,5607,2.768607
hearth-70b,NimbusServe,2358,279,4,stop,6044,2.465797
hearth-70b,Coreline,2010,284,0,stop,2516,2.197884
hearth-70b,Fastori,2621,368,0,stop,1294,2.920313
hearth-70b,Steadfast,1806,342,0,stop,3498,2.013871
hearth-70b,Fastori,1706,240,2,stop,1126,1.680153
hearth-70b,Steadfast,2119,324,8,stop,3937,2.148611
hearth-70b,Coreline,2042,394,7,stop,2814,2.151074
hearth-70b,Fastori,2596,370,0,stop,1401,2.487116
hearth-70b,NimbusServe,2429,361,0,stop,115529,2.333895
hearth-70b,Fastori,2267,311,2,stop,1903,2.424593
hearth-70b,Coreline,2487,338,0,stop,2552,2.603182
hearth-70b,Coreline,1463,315,0,stop,2077,1.674504
hearth-70b,Fastori,2590,407,2,stop,1276,2.555561
hearth-70b,Fastori,2702,427,5,stop,1546,2.550514
hearth-70b,Coreline,2158,171,0,stop,2906,2.292949
hearth-70b,NimbusServe,2466,234,3,stop,5321,2.246040
hearth-70b,NimbusServe,2562,158,4,stop,4608,2.215077
hearth-70b,Fastori,1836,272,4,stop,1337,1.889888
hearth-70b,NimbusServe,2533,375,0,stop,61776,2.866367
hearth-70b,Coreline,2832,385,0,stop,3030,3.131583
hearth-70b,Coreline,2643,238,0,stop,1904,2.578734
hearth-70b,Fastori,2249,509,0,stop,1631,2.329689
hearth-70b,NimbusServe,2130,370,0,stop,90167,2.256569
hearth-70b,Steadfast,2167,260,2,stop,4884,2.305887
hearth-70b,Steadfast,2754,355,7,stop,4567,2.852852
hearth-70b,Coreline,2672,214,3,stop,2929,2.602523
hearth-70b,Fastori,1582,373,7,stop,1412,1.619101
hearth-70b,Coreline,2435,264,0,stop,2098,2.536513
hearth-70b,NimbusServe,2483,281,3,stop,6483,2.463975
hearth-70b,Fastori,1165,293,2,stop,1593,1.307372
hearth-70b,Steadfast,2194,269,0,stop,4520,2.401162
hearth-70b,Coreline,2859,276,0,stop,2135,3.068636
hearth-70b,Fastori,1871,245,0,stop,1483,2.093834
hearth-70b,Coreline,2984,302,1,stop,2476,3.140611
hearth-70b,Steadfast,2285,415,3,stop,3971,2.638621
hearth-70b,Coreline,2722,231,6,stop,2981,2.507852
hearth-70b,Fastori,2773,365,0,stop,1383,2.877156
hearth-70b,Steadfast,3497,262,0,stop,4038,3.434640
hearth-70b,Steadfast,2757,357,1,stop,3546,2.730488
hearth-70b,NimbusServe,1886,274,1,stop,6070,2.073595
hearth-70b,Coreline,1387,427,0,stop,2739,1.639045
hearth-70b,Steadfast,1926,252,0,stop,2531,2.077159
hearth-70b,Coreline,2675,384,0,stop,2384,2.763254
hearth-70b,NimbusServe,2876,344,3,stop,7062,2.731012
hearth-70b,Coreline,2123,366,0,stop,2402,2.233538
hearth-70b,Coreline,1989,263,1,stop,2034,2.118858
hearth-70b,Fastori,3103,381,1,stop,1046,2.884829
hearth-70b,Fastori,2195,236,0,stop,964,2.087306
hearth-70b,Steadfast,3222,200,0,stop,3529,2.988758
hearth-70b,Steadfast,3053,213,0,stop,3830,3.082629
hearth-70b,Coreline,2364,178,0,stop,3338,2.206073
hearth-70b,Fastori,2777,265,0,stop,1660,2.719259
hearth-70b,Fastori,1863,355,0,stop,7922,1.797017
hearth-70b,Fastori,2109,303,3,stop,1641,2.197962
hearth-70b,Coreline,1789,349,4,stop,2706,1.875494
hearth-70b,Coreline,2556,332,0,stop,2182,2.460783
hearth-70b,NimbusServe,2087,367,0,stop,5730,2.361995
hearth-70b,Fastori,2979,284,1,stop,1609,2.886088
hearth-70b,NimbusServe,2726,370,0,stop,6428,2.564346
hearth-70b,Steadfast,2815,273,0,stop,4323,2.673663
hearth-70b,Coreline,2812,236,0,stop,3038,2.878259
hearth-70b,Coreline,2198,226,0,stop,2431,2.053851
hearth-70b,Steadfast,2974,362,0,stop,4061,2.756397
hearth-70b,Fastori,2293,278,2,stop,1615,2.380391
hearth-70b,Steadfast,2169,311,2,stop,4464,2.329938
hearth-70b,Fastori,2034,276,0,stop,1525,2.120578
hearth-70b,Coreline,2706,340,8,stop,1995,2.815493
hearth-70b,Fastori,3120,225,0,stop,1303,3.036032
hearth-70b,Fastori,2292,239,0,stop,1241,2.469415
hearth-70b,Fastori,3152,268,0,stop,1386,3.383540
hearth-70b,Steadfast,2136,188,0,stop,4225,2.066091
hearth-70b,Coreline,2858,249,4,stop,2578,2.654797
hearth-70b,Steadfast,2585,369,0,stop,3147,2.502812
hearth-70b,Fastori,2752,334,0,stop,5944,2.705725
hearth-70b,Fastori,2756,257,0,stop,1024,2.807775
hearth-70b,Coreline,2321,324,9,stop,2576,2.302530
hearth-70b,Steadfast,2121,363,0,stop,3402,2.225342
hearth-70b,Steadfast,2308,272,0,stop,3449,2.092996
hearth-70b,Coreline,2681,361,0,stop,2390,3.011231
hearth-70b,NimbusServe,3025,370,1,stop,6689,2.983822
hearth-70b,Steadfast,2112,333,0,stop,3866,2.348249
hearth-70b,Coreline,2069,313,2,stop,2812,2.266679
hearth-70b,Coreline,3111,255,0,stop,2629,2.818693
hearth-70b,Fastori,1963,283,3,stop,1621,1.900858
hearth-70b,NimbusServe,2020,373,1,stop,5537,2.272062
hearth-70b,Fastori,2441,412,0,stop,1239,2.425856
hearth-70b,Fastori,1896,381,4,stop,1685,1.956261
hearth-70b,Fastori,1347,328,0,stop,1236,1.616238
hearth-70b,Coreline,2115,301,0,stop,2155,2.042860
hearth-70b,Coreline,2665,318,0,stop,2521,2.524371
hearth-70b,Steadfast,2899,411,10,stop,3743,2.954914
hearth-70b,Fastori,2303,351,10,stop,1361,2.491724
hearth-70b,Steadfast,3518,362,1,stop,4588,3.250970
hearth-70b,Coreline,2125,306,0,stop,2800,1.992384
hearth-70b,Coreline,2313,306,0,stop,1905,2.303074
hearth-70b,Coreline,2008,267,0,stop,2995,1.930675
hearth-70b,Steadfast,2699,263,0,stop,3463,2.491884
hearth-70b,Steadfast,2331,357,1,stop,4788,2.350012
hearth-70b,NimbusServe,2158,326,3,stop,6398,2.109258
hearth-70b,Steadfast,2634,313,4,stop,4844,2.790521
hearth-70b,Fastori,1313,285,0,stop,1265,1.567453
hearth-70b,Coreline,2950,312,0,stop,2396,3.156302
hearth-70b,Fastori,2277,251,2,stop,1351,2.444816
hearth-70b,Steadfast,3405,249,2,stop,4030,3.374204
hearth-70b,NimbusServe,3187,260,0,stop,72555,3.097753
hearth-70b,Steadfast,2837,285,0,stop,4817,3.017263
hearth-70b,NimbusServe,2508,348,0,stop,4948,2.591511
hearth-70b,NimbusServe,2513,380,0,stop,6192,2.587203
hearth-70b,Coreline,1805,286,0,stop,2032,1.881061
hearth-70b,Steadfast,2434,199,0,stop,3825,2.231021
hearth-70b,Fastori,2628,278,0,stop,6987,2.547247
brook-8b,NimbusServe,1811,275,4,stop,5421,0.107174
brook-8b,NimbusServe,2359,187,0,stop,5182,0.128828
brook-8b,NimbusServe,1849,340,0,stop,5317,0.107263
brook-8b,Fastori,1644,360,0,stop,1179,0.105802
brook-8b,Coreline,2522,346,3,stop,2923,0.142326
brook-8b,Coreline,1283,325,0,stop,2994,0.079469
brook-8b,Coreline,1783,338,5,stop,2633,0.106020
brook-8b,Fastori,3643,297,4,stop,1056,0.205007
brook-8b,Coreline,3719,161,0,stop,2626,0.191421
brook-8b,NimbusServe,2141,367,6,stop,100229,0.126065
brook-8b,Fastori,1948,252,4,stop,1644,0.109463
brook-8b,Steadfast,2393,278,0,stop,3990,0.128093
brook-8b,NimbusServe,2268,322,0,stop,5031,0.135715
brook-8b,Coreline,1279,290,0,stop,2235,0.084168
brook-8b,Steadfast,2910,376,0,stop,3873,0.161334
brook-8b,NimbusServe,3276,318,2,stop,67769,0.188353
brook-8b,Fastori,2174,387,4,stop,1528,0.119484
brook-8b,Steadfast,1977,281,5,stop,4553,0.105873
brook-8b,Fastori,2443,287,0,stop,1438,0.138225
brook-8b,Fastori,1783,318,0,stop,1367,0.114064
brook-8b,NimbusServe,2587,297,1,stop,6393,0.158143
brook-8b,Fastori,1777,361,0,stop,1155,0.116662
brook-8b,Fastori,2890,301,0,stop,1308,0.153769
brook-8b,Fastori,2609,346,0,stop,1379,0.160044
brook-8b,NimbusServe,2269,248,3,stop,6370,0.126888
brook-8b,Coreline,2197,201,0,stop,9906,0.111992
brook-8b,Fastori,2702,381,0,stop,1373,0.144770
brook-8b,Coreline,2594,233,2,stop,2629,0.132310
brook-8b,Steadfast,2909,354,0,stop,3836,0.148864
brook-8b,Fastori,2968,258,1,stop,1443,0.168551
brook-8b,Steadfast,1768,368,0,stop,3253,0.097159
brook-8b,Steadfast,2480,260,0,stop,3823,0.135423
brook-8b,Steadfast,3125,379,3,stop,3641,0.163996
brook-8b,Steadfast,2724,333,0,stop,4193,0.158602
brook-8b,Fastori,2527,227,2,stop,1466,0.137914
brook-8b,Fastori,2563,243,0,stop,1433,0.144144
brook-8b,Fastori,2265,266,2,stop,1331,0.128449
brook-8b,Coreline,3469,294,4,stop,2347,0.196205
brook-8b,NimbusServe,2531,353,3,stop,7793,0.157816
brook-8b,Coreline,1526,287,0,stop,2341,0.095345
brook-8b,Coreline,2748,340,0,stop,2787,0.164616
brook-8b,Fastori,2381,310,0,stop,1640,0.123858
brook-8b,Steadfast,2890,379,1,stop,4592,0.148028
brook-8b,Fastori,2793,396,0,stop,1337,0.144368
brook-8b,Fastori,1267,398,2,stop,1239,0.090835
brook-8b,NimbusServe,2926,272,1,stop,5943,0.153310
brook-8b,Coreline,2595,367,0,stop,2486,0.134231
brook-8b,NimbusServe,2210,172,1,stop,4852,0.127208
brook-8b,NimbusServe,2468,323,8,stop,4322,0.136132
brook-8b,Steadfast,2557,314,0,stop,3301,0.130051
brook-8b,Steadfast,2009,291,3,stop,3509,0.114335
brook-8b,Fastori,1692,443,0,stop,1172,0.105842
brook-8b,NimbusServe,2143,350,9,stop,59596,0.136653
brook-8b,NimbusServe,2318,234,1,stop,6708,0.132950
brook-8b,NimbusServe,3017,338,0,stop,6474,0.162139
brook-8b,Fastori,2640,331,0,stop,1584,0.139990
brook-8b,Fastori,1719,357,0,stop,1612,0.109327
brook-8b,Steadfast,1710,368,0,stop,4124,0.101786
brook-8b,Coreline,2013,378,0,stop,2160,0.131302
brook-8b,Fastori,2042,258,3,stop,1221,0.114455
brook-8b,Steadfast,1872,242,2,stop,4027,0.106671
brook-8b,Steadfast,1844,311,3,stop,3682,0.105138
brook-8b,Coreline,1983,345,0,stop,2505,0.120824
brook-8b,NimbusServe,1856,317,0,stop,101432,0.114697
brook-8b,Fastori,2359,351,7,stop,1524,0.130371
brook-8b,NimbusServe,2350,212,0,stop,5426,0.135985
brook-8b,Steadfast,2462,218,0,stop,4218,0.137538
brook-8b,Steadfast,1857,257,0,stop,3216,0.111944
brook-8b,Steadfast,1657,307,5,stop,4313,0.107029
brook-8b,Coreline,2471,283,0,stop,2020,0.127976
brook-8b,Fastori,2198,340,0,stop,1496,0.137118
brook-8b,Fastori,3742,463,0,stop,1193,0.216975
brook-8b,Fastori,1469,368,7,stop,1459,0.095922
brook-8b,Coreline,1962,363,0,stop,2393,0.104676
brook-8b,Coreline,1983,167,0,stop,2351,0.110531
brook-8b,Steadfast,2597,356,9,stop,2863,0.137207
brook-8b,Fastori,2544,328,1,stop,1350,0.139676
brook-8b,NimbusServe,3068,254,0,stop,112538,0.152991
brook-8b,Steadfast,3517,282,0,stop,3460,0.195700
brook-8b,Fastori,1978,343,2,stop,1399,0.115837
brook-8b,Fastori,1643,420,4,stop,1329,0.095727
brook-8b,Fastori,2964,155,2,stop,1229,0.150494
brook-8b,Fastori,1973,171,3,stop,1259,0.108526
brook-8b,NimbusServe,2208,361,0,stop,5824,0.130740
brook-8b,Fastori,3404,380,0,stop,1419,0.199436
brook-8b,NimbusServe,2647,389,1,stop,77438,0.160458
brook-8b,Fastori,2152,288,0,stop,1649,0.117404
brook-8b,NimbusServe,2373,279,1,stop,82850,0.120162
brook-8b,Steadfast,3268,292,0,stop,3633,0.174807
brook-8b,Coreline,2792,330,4,stop,2144,0.143478
brook-8b,Coreline,2722,420,0,stop,2304,0.166044
brook-8b,Fastori,3001,284,3,stop,1562,0.170717
brook-8b,Steadfast,3287,384,0,stop,4353,0.176237
brook-8b,NimbusServe,2534,362,0,stop,6125,0.152966
brook-8b,Fastori,2216,211,0,stop,1189,0.132348
brook-8b,Fastori,2258,179,0,stop,1559,0.129353
brook-8b,Fastori,1985,349,0,stop,1053,0.115970
brook-8b,Coreline,2356,133,0,stop,1875,0.117383
brook-8b,Fastori,1619,283,4,stop,1371,0.086579
brook-8b,NimbusServe,1220,272,0,stop,6075,0.078880
brook-8b,Steadfast,2158,320,0,stop,3352,0.133008
brook-8b,Steadfast,2385,358,0,stop,3882,0.149979
brook-8b,Steadfast,1744,424,5,stop,4286,0.103801
brook-8b,Coreline,1757,376,3,stop,2953,0.113202
brook-8b,Fastori,2999,337,5,stop,1641,0.154736
brook-8b,NimbusServe,2821,370,3,stop,5134,0.149443
brook-8b,Fastori,2717,362,3,stop,1751,0.154687
brook-8b,Fastori,2953,321,6,stop,1519,0.173886
brook-8b,Steadfast,3199,227,0,stop,4600,0.156542
brook-8b,Fastori,2465,236,2,stop,1382,0.143081
brook-8b,Fastori,1309,213,0,stop,1304,0.072519
brook-8b,Steadfast,2626,423,3,stop,4662,0.159173
brook-8b,Fastori,2167,288,0,stop,1601,0.129341
brook-8b,Fastori,2594,298,3,stop,1457,0.143327
brook-8b,NimbusServe,3333,334,0,stop,5913,0.186759
brook-8b,Coreline,2178,416,3,stop,1974,0.138599
brook-8b,NimbusServe,3029,350,6,stop,6299,0.165415
brook-8b,Steadfast,2492,302,2,stop,3358,0.125891
brook-8b,NimbusServe,2030,350,0,stop,56772,0.118794
brook-8b,Steadfast,2653,296,1,stop,4392,0.152312
brook-8b,Coreline,2984,329,0,stop,2109,0.176537
brook-8b,NimbusServe,1873,274,0,stop,5939,0.102083
brook-8b,Steadfast,2496,373,0,stop,3866,0.157698
brook-8b,Steadfast,2754,363,0,stop,4936,0.160513
brook-8b,Fastori,2028,391,2,stop,1278,0.114531
brook-8b,Fastori,2609,340,0,stop,1772,0.150852
brook-8b,Fastori,2507,266,1,stop,1201,0.151793
brook-8b,Steadfast,1151,431,0,stop,4020,0.081244
brook-8b,NimbusServe,2693,314,0,stop,6642,0.143857
brook-8b,Fastori,1785,231,0,stop,1469,0.108221
brook-8b,Fastori,2173,334,4,stop,1536,0.118201
brook-8b,Coreline,2176,317,1,stop,2275,0.112644
brook-8b,Coreline,1511,397,9,stop,1969,0.102752
brook-8b,Coreline,2401,309,1,stop,2358,0.122068
brook-8b,Steadfast,2597,305,1,stop,3132,0.133406
brook-8b,Coreline,2240,245,0,stop,3054,0.117111
brook-8b,NimbusServe,2444,394,4,stop,63400,0.135913
brook-8b,Fastori,2570,352,3,stop,1289,0.151859
brook-8b,Steadfast,2383,329,0,stop,3872,0.138195
brook-8b,Coreline,2472,270,0,stop,2242,0.149318
brook-8b,NimbusServe,1926,278,0,stop,59019,0.120261
brook-8b,Coreline,2493,282,0,stop,2496,0.150036
brook-8b,Steadfast,3326,324,6,stop,4639,0.165895
brook-8b,Coreline,2384,312,0,stop,2710,0.135633
brook-8b,Fastori,1452,447,6,stop,1092,0.103549
brook-8b,Steadfast,1654,325,0,stop,3787,0.097417
brook-8b,Coreline,1951,256,0,stop,1976,0.103802
brook-8b,NimbusServe,1514,190,1,stop,6609,0.089340
brook-8b,Coreline,2119,262,3,stop,2197,0.119447
brook-8b,NimbusServe,2056,322,0,stop,6251,0.127312
brook-8b,Fastori,2451,382,0,stop,1145,0.143933
brook-8b,NimbusServe,3525,313,1,stop,66345,0.174950
brook-8b,Steadfast,2793,389,5,stop,4796,0.167800
brook-8b,Fastori,2307,365,6,stop,1342,0.129199
brook-8b,Steadfast,2703,315,4,stop,4266,0.136117
brook-8b,NimbusServe,2220,405,2,stop,5759,0.119184
brook-8b,Steadfast,2622,414,1,stop,3256,0.160203
brook-8b,Fastori,2201,278,0,stop,1050,0.130969
brook-8b,Steadfast,2183,330,0,stop,3292,0.117229
brook-8b,NimbusServe,1637,344,0,stop,5960,0.096624
brook-8b,Fastori,2112,315,1,stop,890,0.127064
brook-8b,NimbusServe,2410,315,0,stop,5813,0.148143
brook-8b,NimbusServe,2345,304,0,stop,5043,0.135018
brook-8b,Coreline,3019,327,0,stop,2851,0.177177
brook-8b,NimbusServe,3107,376,0,stop,7050,0.175340
brook-8b,Steadfast,2286,345,2,stop,3583,0.133656
brook-8b,Coreline,1947,223,0,stop,2256,0.113489
brook-8b,NimbusServe,2959,339,0,stop,5679,0.164033
brook-8b,NimbusServe,2916,324,0,stop,5670,0.163673
brook-8b,NimbusServe,2730,294,0,stop,70779,0.136944
brook-8b,Coreline,3021,370,2,stop,2866,0.165724
brook-8b,Coreline,2200,253,0,stop,2923,0.127678
brook-8b,Coreline,2554,321,1,stop,2424,0.142594
brook-8b,Coreline,2087,267,0,stop,2698,0.129395
brook-8b,NimbusServe,2816,358,5,stop,6205,0.168283
brook-8b,Coreline,1986,349,0,stop,2911,0.115911
brook-8b,Coreline,1731,379,0,stop,2559,0.107157
brook-8b,Fastori,2608,203,0,stop,1466,0.140402
brook-8b,Fastori,2656,380,0,stop,1264,0.150868
brook-8b,Fastori,2219,437,0,stop,1067,0.126904
brook-8b,Fastori,1916,308,5,stop,1364,0.110556
brook-8b,Coreline,1647,391,0,stop,2521,0.101215
brook-8b,Steadfast,2914,347,0,stop,4121,0.155928
brook-8b,Fastori,2087,413,4,stop,1289,0.127424
brook-8b,NimbusServe,2992,420,3,stop,7639,0.182486
brook-8b,Coreline,3081,285,8,stop,2962,0.174680
brook-8b,Coreline,2786,311,1,stop,2299,0.140441
brook-8b,NimbusServe,2283,196,3,stop,60977,0.121696
brook-8b,Steadfast,2574,374,10,stop,5170,0.151624
brook-8b,Coreline,1809,340,2,stop,2361,0.099524
brook-8b,Fastori,1509,204,4,stop,980,0.079773
brook-8b,Steadfast,1826,352,1,stop,4538,0.107948
brook-8b,Coreline,2475,347,8,stop,2454,0.144334
brook-8b,Steadfast,2468,383,1,stop,3948,0.156037
brook-8b,Coreline,2887,279,1,stop,2951,0.159065
brook-8b,NimbusServe,2452,183,1,stop,7073,0.143375
brook-8b,NimbusServe,2111,295,0,stop,6450,0.117354
brook-8b,NimbusServe,2880,366,0,stop,5729,0.171097
brook-8b,Fastori,2007,370,1,stop,1364,0.110259
brook-8b,Steadfast,2277,310,0,stop,4720,0.134725
brook-8b,Fastori,2412,223,0,stop,1742,0.141662
brook-8b,Fastori,1925,364,0,stop,1142,0.103731
brook-8b,Coreline,2646,405,2,stop,2952,0.140266
brook-8b,NimbusServe,2412,273,1,stop,81028,0.135744
brook-8b,NimbusServe,2743,361,2,stop,7453,0.152839
brook-8b,Coreline,3529,266,3,stop,2629,0.175058
brook-8b,Steadfast,1599,353,0,stop,4381,0.099023
brook-8b,Fastori,2789,351,0,stop,1274,0.168423
brook-8b,NimbusServe,1930,348,5,stop,7447,0.105044
brook-8b,Fastori,3099,432,11,stop,1578,0.165898
brook-8b,Fastori,2205,274,7,stop,1031,0.134705
brook-8b,Coreline,2604,278,4,stop,3148,0.139779
brook-8b,Coreline,2253,335,1,stop,2562,0.130596
brook-8b,NimbusServe,2580,281,2,stop,5921,0.140849
brook-8b,Fastori,2914,283,0,stop,1621,0.157057
brook-8b,NimbusServe,2428,244,0,stop,4476,0.130990
brook-8b,NimbusServe,3785,265,4,stop,5776,0.218093
brook-8b,Coreline,1893,368,0,stop,1430,0.107097
brook-8b,Coreline,2567,366,6,stop,2736,0.147790
brook-8b,Coreline,1777,203,2,stop,3031,0.090692
brook-8b,Steadfast,2208,331,3,stop,3680,0.132041
brook-8b,Steadfast,2301,262,3,stop,3398,0.137409
brook-8b,Steadfast,2414,351,0,stop,4565,0.146826
brook-8b,NimbusServe,1829,287,0,stop,4863,0.104041
brook-8b,Steadfast,3230,340,3,stop,4105,0.180477
brook-8b,Fastori,2399,356,5,stop,1669,0.135497
brook-8b,NimbusServe,2663,414,0,stop,5994,0.152415
brook-8b,Steadfast,2617,320,0,stop,3219,0.160970
brook-8b,Coreline,1909,224,0,stop,2088,0.098554
brook-8b,Steadfast,2658,220,0,stop,3821,0.151281
brook-8b,Fastori,3363,316,0,stop,1746,0.196813
brook-8b,NimbusServe,1682,405,0,stop,5179,0.106175
brook-8b,Fastori,2499,193,2,stop,1529,0.142884
brook-8b,Coreline,2467,417,2,stop,2892,0.136533
brook-8b,Coreline,1789,470,4,stop,1866,0.118295
brook-8b,Fastori,2383,448,3,stop,1151,0.131495
brook-8b,NimbusServe,2145,370,4,stop,54665,0.129321
brook-8b,NimbusServe,2595,314,0,stop,5665,0.142702
brook-8b,Steadfast,1824,391,0,stop,4972,0.106008
brook-8b,Steadfast,1832,288,0,stop,3856,0.108318
brook-8b,Steadfast,2456,438,3,stop,3797,0.131216
brook-8b,Coreline,3234,286,0,stop,2308,0.171290
brook-8b,Fastori,1743,251,1,stop,1356,0.096287
brook-8b,NimbusServe,1912,431,0,stop,6142,0.117831
brook-8b,Steadfast,2842,224,0,stop,4048,0.145356
brook-8b,NimbusServe,1891,256,0,stop,5109,0.111883
brook-8b,Coreline,2966,307,0,stop,3180,0.158589
brook-8b,Coreline,1594,296,2,stop,2072,0.089614
brook-8b,Coreline,2139,356,5,stop,2226,0.131846
brook-8b,Fastori,2569,257,3,stop,1422,0.131707
brook-8b,NimbusServe,2457,313,0,stop,5778,0.148026
brook-8b,Fastori,3532,319,2,stop,1284,0.202039
brook-8b,Coreline,3138,333,0,stop,2095,0.179687
brook-8b,NimbusServe,2149,424,0,stop,6136,0.139709
brook-8b,NimbusServe,2163,475,2,stop,7839,0.139515
brook-8b,NimbusServe,2977,306,0,stop,5222,0.171390
brook-8b,Coreline,2701,361,0,stop,2406,0.152371
brook-8b,Steadfast,3353,232,4,stop,3945,0.170734
brook-8b,Coreline,2037,462,2,stop,2403,0.134863
brook-8b,Steadfast,3427,250,2,stop,3967,0.195444
brook-8b,Steadfast,2491,288,0,stop,4004,0.131841
brook-8b,NimbusServe,2264,387,8,stop,60957,0.146033
brook-8b,NimbusServe,3171,245,0,stop,5120,0.181585
brook-8b,Fastori,1263,449,0,stop,1534,0.089327
brook-8b,NimbusServe,2915,246,0,stop,6815,0.169374
brook-8b,NimbusServe,2464,325,2,stop,5792,0.129887
brook-8b,Steadfast,1653,252,0,stop,4267,0.086489
brook-8b,Steadfast,3266,312,0,stop,4451,0.179244
brook-8b,Coreline,2227,328,0,stop,2505,0.130593
brook-8b,NimbusServe,2428,150,2,stop,5741,0.128613
brook-8b,Coreline,2538,300,0,stop,2242,0.151734
brook-8b,NimbusServe,3090,276,0,stop,6685,0.153691
brook-8b,Steadfast,2120,300,6,stop,15118,0.123532
brook-8b,Steadfast,2142,232,2,stop,4418,0.130157
brook-8b,Fastori,1662,339,4,stop,1456,0.095063
brook-8b,Fastori,1837,282,0,stop,1568,0.099231
brook-8b,NimbusServe,1407,305,0,stop,4258,0.078505
brook-8b,Coreline,2599,357,0,stop,2411,0.146538
brook-8b,Steadfast,2711,221,0,stop,4179,0.138252
brook-8b,Coreline,2928,352,0,stop,2804,0.171294
brook-8b,Coreline,2968,350,0,stop,2154,0.159435
brook-8b,NimbusServe,1603,386,2,stop,7237,0.089981
brook-8b,Steadfast,1960,190,0,stop,4505,0.110621
brook-8b,Fastori,2443,255,2,stop,1626,0.123092
brook-8b,NimbusServe,2283,448,2,stop,4624,0.128443
brook-8b,Steadfast,2635,471,0,stop,3197,0.141858
brook-8b,NimbusServe,2610,272,0,stop,6822,0.132892
brook-8b,Steadfast,2738,342,0,stop,3029,0.163117
brook-8b,Steadfast,2785,374,6,stop,23160,0.160405
brook-8b,Fastori,2604,260,0,stop,1512,0.143017
brook-8b,Coreline,2178,291,0,stop,2869,0.124365
brook-8b,Coreline,1964,404,0,stop,2478,0.109296
brook-8b,Coreline,2880,352,7,stop,2150,0.165283
brook-8b,Steadfast,2230,219,0,stop,4344,0.122712
brook-8b,Coreline,3094,341,0,stop,2855,0.157043
brook-8b,NimbusServe,2543,477,1,stop,62939,0.151819
brook-8b,Coreline,1104,225,3,stop,3207,0.068687
brook-8b,Coreline,2953,248,3,stop,2874,0.173440
brook-8b,NimbusServe,3420,289,0,stop,5220,0.184349
brook-8b,NimbusServe,1776,249,0,stop,100002,0.106078
brook-8b,Coreline,2671,330,5,stop,2561,0.153825
brook-8b,Coreline,2444,166,0,stop,2536,0.123216
brook-8b,Fastori,2315,190,0,stop,1637,0.114521
brook-8b,Fastori,1491,361,3,stop,1183,0.087062
brook-8b,Fastori,1886,388,1,stop,1455,0.120401
brook-8b,NimbusServe,2027,414,2,stop,5976,0.119535
brook-8b,Coreline,2671,279,0,stop,2590,0.154548
brook-8b,Steadfast,3155,366,5,stop,5322,0.184017
brook-8b,Coreline,2473,347,0,stop,2249,0.141297
brook-8b,Fastori,1414,247,4,stop,1294,0.090169
brook-8b,Coreline,3085,351,0,stop,2834,0.175202
brook-8b,Steadfast,1974,446,2,stop,4163,0.116806
brook-8b,Fastori,2242,280,1,stop,1509,0.138378
brook-8b,NimbusServe,2293,410,5,stop,7293,0.124571
brook-8b,NimbusServe,2192,299,0,stop,5885,0.117131
brook-8b,Coreline,2997,335,0,stop,2056,0.173129
brook-8b,Fastori,2305,371,7,stop,1351,0.127865
brook-8b,Fastori,3142,376,3,stop,1340,0.185745
brook-8b,Fastori,2290,390,4,stop,1164,0.142777
brook-8b,NimbusServe,3019,256,0,stop,4135,0.162569
brook-8b,Fastori,2118,292,0,stop,1883,0.129612
brook-8b,Fastori,2181,216,4,stop,1442,0.128944
brook-8b,Steadfast,2348,378,0,stop,4691,0.128553
brook-8b,NimbusServe,1940,273,0,stop,4938,0.106755
brook-8b,Steadfast,2210,164,0,stop,4100,0.121436
brook-8b,Coreline,2983,352,0,stop,2214,0.157832
brook-8b,NimbusServe,2687,351,3,stop,6750,0.155447
brook-8b,Coreline,2851,333,0,stop,2358,0.170891
brook-8b,Steadfast,2182,359,0,stop,4291,0.117393
brook-8b,Steadfast,2277,362,4,stop,4220,0.133242
brook-8b,NimbusServe,3232,307,2,stop,6258,0.176934
brook-8b,NimbusServe,2331,394,0,stop,5695,0.125616
brook-8b,Fastori,2199,434,6,stop,1373,0.139424
brook-8b,Coreline,1122,392,6,stop,2174,0.079769
brook-8b,Steadfast,2597,297,0,stop,4061,0.144122
brook-8b,Fastori,2396,295,0,stop,1137,0.130682
brook-8b,Steadfast,2512,325,0,stop,3722,0.129186
brook-8b,Coreline,2037,341,6,stop,2205,0.117210
brook-8b,Steadfast,2407,341,0,stop,5038,0.126218
brook-8b,NimbusServe,2598,214,1,stop,6091,0.136274
brook-8b,Coreline,3576,212,0,stop,3043,0.172008
brook-8b,Steadfast,1386,368,0,stop,4236,0.096295
brook-8b,Coreline,3250,251,1,stop,2969,0.163281
brook-8b,Steadfast,2018,382,7,stop,3838,0.118486
brook-8b,Fastori,1870,300,4,stop,1393,0.112972
brook-8b,Steadfast,2134,247,1,stop,3966,0.129035
brook-8b,NimbusServe,1201,361,0,stop,5835,0.074630
brook-8b,Fastori,2727,156,1,stop,1682,0.153471
brook-8b,Fastori,1544,375,0,stop,1168,0.099400
brook-8b,Coreline,2111,414,0,stop,2527,0.115520
brook-8b,NimbusServe,3011,323,2,stop,86137,0.169938
brook-8b,NimbusServe,2719,293,3,stop,5681,0.161685
brook-8b,Fastori,2347,292,3,stop,1618,0.123968
brook-8b,Steadfast,2221,348,0,stop,3041,0.131560
brook-8b,Coreline,2112,314,5,stop,3037,0.123993
brook-8b,NimbusServe,3215,399,0,stop,6760,0.182939
brook-8b,NimbusServe,2117,345,0,stop,49831,0.116906
brook-8b,Fastori,1263,385,1,stop,1683,0.083770
brook-8b,NimbusServe,2008,262,1,stop,5477,0.113861
brook-8b,Fastori,2876,275,0,stop,1600,0.169074
brook-8b,NimbusServe,3210,279,0,stop,6973,0.168953
brook-8b,Fastori,2783,345,0,stop,1372,0.153063
brook-8b,Fastori,1486,391,0,stop,1305,0.099887
brook-8b,NimbusServe,2548,223,0,stop,5882,0.147515
brook-8b,NimbusServe,2860,308,5,stop,4120,0.145435
brook-8b,NimbusServe,2554,311,0,stop,4419,0.137495
brook-8b,Steadfast,1343,400,0,stop,2721,0.092626
brook-8b,Steadfast,2370,323,0,stop,3689,0.131912
brook-8b,Coreline,3443,309,0,stop,2647,0.197084
brook-8b,NimbusServe,1373,355,4,stop,5425,0.085741
brook-8b,Steadfast,2468,338,0,stop,3231,0.138321
brook-8b,Coreline,2406,301,0,stop,2358,0.142775
brook-8b,NimbusServe,1024,298,1,stop,5712,0.071513
brook-8b,Coreline,2301,203,3,stop,2742,0.115546
brook-8b,Fastori,1324,351,0,stop,1027,0.083221
brook-8b,Coreline,3276,470,4,stop,2665,0.185923
brook-8b,NimbusServe,2342,270,3,stop,80262,0.126840
brook-8b,Steadfast,2519,303,1,stop,3591,0.142352
brook-8b,Steadfast,2793,233,3,stop,4584,0.157241
brook-8b,Steadfast,2811,408,0,stop,3353,0.161029
brook-8b,NimbusServe,1297,353,0,stop,4820,0.090442
brook-8b,Fastori,2886,417,0,stop,1408,0.171939
brook-8b,NimbusServe,1430,262,5,stop,66799,0.076561
brook-8b,Coreline,3385,270,0,stop,2497,0.176520
brook-8b,Fastori,1871,285,5,stop,1575,0.114088
brook-8b,Fastori,2507,361,10,stop,1288,0.156431
brook-8b,Steadfast,2237,318,0,stop,3763,0.119637
brook-8b,Fastori,1771,283,1,stop,1152,0.105284
brook-8b,Coreline,2171,394,3,stop,2647,0.138337
brook-8b,Fastori,1462,226,0,stop,1340,0.079387
brook-8b,Steadfast,2581,404,0,stop,3641,0.145968
brook-8b,NimbusServe,2590,254,0,stop,7330,0.150279
brook-8b,NimbusServe,1945,320,0,stop,7172,0.122686
brook-8b,Coreline,2231,388,0,stop,2016,0.118494
brook-8b,NimbusServe,1732,257,1,stop,66542,0.109006
brook-8b,Fastori,2805,315,5,stop,1307,0.164172
brook-8b,Fastori,2374,367,0,stop,1448,0.141098
brook-8b,Coreline,2814,407,1,stop,2534,0.153727
brook-8b,NimbusServe,2333,220,1,stop,4995,0.128861
brook-8b,Coreline,2451,379,3,stop,2579,0.145567
brook-8b,Fastori,2723,291,4,stop,1292,0.135856
brook-8b,Steadfast,2377,312,0,stop,4043,0.141820
brook-8b,Fastori,2124,348,0,stop,1146,0.130944
brook-8b,Steadfast,2715,341,8,stop,3286,0.161564
brook-8b,Fastori,1804,272,0,stop,1672,0.097745
brook-8b,NimbusServe,2808,380,1,stop,7068,0.155951
brook-8b,Coreline,2085,280,6,stop,1765,0.115520
brook-8b,Fastori,2552,358,3,stop,1378,0.153043
brook-8b,NimbusServe,2218,327,2,stop,6014,0.131092
brook-8b,Steadfast,2658,305,0,stop,3687,0.162000
brook-8b,Steadfast,3125,381,0,stop,4300,0.166402
brook-8b,Coreline,1649,262,1,stop,2807,0.090957
brook-8b,NimbusServe,2322,316,0,stop,6537,0.125851
brook-8b,Fastori,2792,316,0,stop,1695,0.159163
brook-8b,NimbusServe,3294,402,4,stop,6658,0.195617
brook-8b,Fastori,2727,356,0,stop,1546,0.143796
brook-8b,Steadfast,2295,373,2,stop,3986,0.140839
brook-8b,Steadfast,3279,241,0,stop,3625,0.158913
brook-8b,Fastori,2637,410,0,stop,1500,0.150096
brook-8b,Coreline,2258,359,0,stop,2404,0.142140
brook-8b,Fastori,1774,286,0,stop,1331,0.104083
brook-8b,Fastori,3146,345,5,stop,1467,0.182020
brook-8b,NimbusServe,3253,299,4,stop,6139,0.175033
brook-8b,Steadfast,2084,377,0,stop,4193,0.111613
brook-8b,Coreline,2430,293,4,stop,2344,0.127660
brook-8b,NimbusServe,2427,275,0,stop,5653,0.132556
brook-8b,Coreline,3306,342,7,stop,2178,0.189992
brook-8b,Coreline,2728,352,4,stop,2811,0.138911
brook-8b,Fastori,3014,365,0,stop,1390,0.168941
brook-8b,Fastori,2033,316,0,stop,1168,0.121107
brook-8b,Steadfast,2398,349,0,stop,4072,0.131238
brook-8b,Fastori,2813,261,3,stop,1162,0.142561
brook-8b,Fastori,2683,431,0,stop,1606,0.161336
brook-8b,Fastori,2201,383,0,stop,1568,0.119070
brook-8b,Steadfast,2931,308,4,stop,4976,0.148549
brook-8b,NimbusServe,1472,393,0,stop,107145,0.093574
brook-8b,Steadfast,2587,242,1,stop,4247,0.151299
brook-8b,NimbusServe,3028,379,7,stop,7351,0.172780
brook-8b,Fastori,3392,303,3,stop,1345,0.183468
brook-8b,Coreline,1991,234,2,stop,2606,0.100335
brook-8b,Fastori,1294,391,1,stop,1336,0.089716
brook-8b,Fastori,1944,357,1,stop,1659,0.126098
brook-8b,Steadfast,2579,275,0,stop,4425,0.140820
brook-8b,Steadfast,2104,400,1,stop,3553,0.117575
brook-8b,Fastori,2493,186,0,stop,1499,0.133752
brook-8b,Fastori,2462,348,0,stop,1868,0.134923
brook-8b,Coreline,2957,171,0,stop,2591,0.165492
brook-8b,Coreline,2694,370,0,stop,2212,0.153294
brook-8b,Fastori,2292,331,0,stop,1200,0.134267
brook-8b,Coreline,3384,391,0,stop,2020,0.175363
brook-8b,Coreline,2724,322,4,stop,2196,0.157052
brook-8b,Fastori,2329,368,0,stop,1110,0.127591
brook-8b,Fastori,3052,318,1,stop,1579,0.169579
brook-8b,NimbusServe,2006,363,1,stop,5512,0.125502
brook-8b,Fastori,2038,287,7,stop,1293,0.124500
brook-8b,Fastori,2061,368,0,stop,1628,0.113885
brook-8b,Steadfast,3079,361,5,stop,4105,0.184327
brook-8b,Fastori,2213,347,0,stop,1508,0.132044
brook-8b,Fastori,3547,359,0,stop,1522,0.207070
brook-8b,NimbusServe,2483,472,5,stop,4731,0.148749
brook-8b,Steadfast,2299,213,0,stop,4640,0.117324
brook-8b,Coreline,2712,382,1,stop,2930,0.147388
brook-8b,NimbusServe,2098,343,0,stop,7238,0.114764
brook-8b,Steadfast,2365,324,0,stop,4153,0.127202
brook-8b,Steadfast,3176,294,0,stop,3190,0.166463
brook-8b,Coreline,2741,158,2,stop,2407,0.147373
brook-8b,Coreline,2683,328,0,stop,2720,0.136946
brook-8b,Steadfast,1788,385,6,stop,3859,0.110583
brook-8b,Steadfast,2302,240,1,stop,4815,0.125154
brook-8b,Fastori,1909,247,0,stop,1366,0.106484
brook-8b,Fastori,2732,324,0,stop,1475,0.140632
brook-8b,NimbusServe,2648,299,3,stop,5567,0.142336
brook-8b,Steadfast,3117,360,5,stop,3169,0.176910
brook-8b,Coreline,2616,375,6,stop,1658,0.163172
brook-8b,NimbusServe,2577,415,5,stop,6610,0.135155
brook-8b,Steadfast,1909,450,0,stop,14645,0.109241
brook-8b,Coreline,1879,339,2,length,1884,0.108732
brook-8b,Fastori,1743,384,0,stop,1488,0.107110
brook-8b,Steadfast,3436,372,2,stop,3277,0.193870
brook-8b,NimbusServe,2409,167,0,stop,6267,0.116883
brook-8b,Coreline,2708,441,1,stop,2880,0.142197
brook-8b,NimbusServe,1822,247,4,stop,6766,0.108477
brook-8b,Steadfast,2307,366,0,stop,3662,0.141704
brook-8b,Fastori,3139,373,10,stop,1671,0.191094
brook-8b,Coreline,2423,277,3,stop,2388,0.131547
brook-8b,Fastori,2495,348,4,stop,1948,0.146893
brook-8b,Steadfast,2619,420,0,stop,3524,0.156104
brook-8b,NimbusServe,2907,210,0,stop,67880,0.151553
brook-8b,NimbusServe,1852,274,2,stop,69684,0.109907
brook-8b,Coreline,2000,347,0,stop,1983,0.110029
brook-8b,Fastori,2209,268,1,stop,1352,0.113205
brook-8b,NimbusServe,3211,302,1,stop,6484,0.183882
brook-8b,Coreline,2605,382,0,stop,2624,0.140358
brook-8b,NimbusServe,2376,245,4,stop,6296,0.118960
brook-8b,Coreline,2603,266,0,stop,3257,0.143117
brook-8b,Steadfast,2997,303,0,stop,2948,0.155980
brook-8b,NimbusServe,2351,371,0,stop,5638,0.135866
brook-8b,Fastori,2062,422,0,stop,964,0.133517
brook-8b,Fastori,2697,236,0,stop,1696,0.152826
brook-8b,Steadfast,2933,453,2,stop,5078,0.153112
brook-8b,Steadfast,2490,326,0,stop,4018,0.129284
brook-8b,Coreline,2263,300,0,stop,2468,0.121179
brook-8b,Fastori,2344,384,0,stop,1419,0.131852
brook-8b,Fastori,2804,357,2,stop,1694,0.162342
brook-8b,Steadfast,3101,369,0,stop,5048,0.159194
brook-8b,Steadfast,2201,404,0,stop,4821,0.118095
brook-8b,Coreline,2817,280,2,stop,2706,0.146960
brook-8b,Steadfast,2110,325,5,stop,3701,0.127640
brook-8b,NimbusServe,3584,235,2,stop,105733,0.188038
brook-8b,Coreline,2254,444,0,stop,2643,0.124257
brook-8b,Coreline,2931,409,0,stop,2579,0.165531
brook-8b,Steadfast,2316,390,2,stop,4335,0.128050
brook-8b,NimbusServe,2741,305,0,stop,5342,0.144787
brook-8b,Coreline,2405,302,0,stop,2564,0.147033
brook-8b,Steadfast,2693,325,0,stop,4539,0.158608
brook-8b,NimbusServe,2460,275,0,stop,80296,0.134149
brook-8b,NimbusServe,2516,253,0,stop,5729,0.145271
brook-8b,Fastori,2560,363,2,stop,1473,0.139836
brook-8b,Steadfast,2047,301,5,stop,5027,0.121671
brook-8b,Fastori,2351,257,2,stop,1363,0.118370
brook-8b,Fastori,2282,358,0,stop,1204,0.131062
brook-8b,NimbusServe,2179,389,4,stop,5994,0.134446
brook-8b,Fastori,1437,205,0,stop,1673,0.082090
brook-8b,Fastori,2073,404,0,stop,1633,0.116464
brook-8b,Steadfast,2397,276,0,stop,3360,0.131476
brook-8b,NimbusServe,2504,313,4,stop,6140,0.146024
brook-8b,NimbusServe,2175,310,1,stop,5294,0.125394
brook-8b,NimbusServe,1922,381,1,stop,7392,0.117065
brook-8b,Steadfast,3213,194,1,stop,3608,0.173175
brook-8b,Steadfast,2528,376,0,stop,3843,0.154751
brook-8b,Coreline,2164,341,1,stop,2154,0.119596
brook-8b,Coreline,2285,440,0,stop,2498,0.129952
brook-8b,NimbusServe,2622,255,0,stop,6993,0.135055
brook-8b,Fastori,2267,359,2,stop,1608,0.140157
brook-8b,Fastori,1651,242,0,stop,1374,0.096109
brook-8b,Steadfast,1774,356,0,stop,3923,0.115852
brook-8b,Steadfast,2718,298,0,stop,5053,0.155780
brook-8b,Coreline,1834,298,0,stop,2753,0.117249
brook-8b,Coreline,2005,271,0,stop,1964,0.111839
brook-8b,Fastori,1502,324,0,stop,1708,0.091372
brook-8b,Coreline,2478,309,0,stop,2201,0.139084
brook-8b,Coreline,2408,315,2,stop,2686,0.128248
brook-8b,NimbusServe,2905,289,0,stop,6231,0.162134
brook-8b,Steadfast,2644,295,2,stop,3328,0.151986
brook-8b,Fastori,3293,391,0,stop,1755,0.195145
brook-8b,NimbusServe,1722,272,2,stop,4607,0.090058
brook-8b,NimbusServe,2658,267,2,stop,6300,0.143569
brook-8b,NimbusServe,2532,404,0,stop,5644,0.141479
brook-8b,NimbusServe,1913,249,3,stop,5588,0.099110
brook-8b,Steadfast,2363,423,3,stop,4178,0.133599
brook-8b,Coreline,1856,290,2,stop,2429,0.102103
brook-8b,Coreline,1695,314,2,stop,2161,0.092023
brook-8b,Steadfast,2126,379,0,stop,4508,0.125494
brook-8b,Steadfast,1986,277,3,stop,3649,0.108892
brook-8b,Fastori,1811,204,0,stop,1088,0.109354
brook-8b,Coreline,2511,227,1,stop,2540,0.126876
brook-8b,Coreline,2029,181,0,stop,2593,0.106204
brook-8b,NimbusServe,2911,273,6,stop,5699,0.172591
brook-8b,NimbusServe,2948,331,8,stop,62157,0.158651
brook-8b,Fastori,2872,365,0,stop,1483,0.152217
brook-8b,Fastori,3066,253,4,stop,1998,0.173323
brook-8b,NimbusServe,2271,254,0,stop,7620,0.138869
brook-8b,Fastori,2476,186,1,stop,1430,0.130191
brook-8b,Fastori,2008,321,0,stop,1201,0.115994
brook-8b,Coreline,2089,254,0,stop,11117,0.106882
brook-8b,Fastori,1948,337,0,stop,1666,0.114832
brook-8b,Steadfast,2822,299,7,stop,4219,0.153628
brook-8b,Steadfast,2339,355,5,stop,2866,0.143312
brook-8b,Coreline,2430,316,2,stop,2604,0.135857
brook-8b,Fastori,2242,460,0,stop,1618,0.147735
brook-8b,Coreline,2742,311,6,stop,2309,0.160746
brook-8b,NimbusServe,1517,235,1,stop,6204,0.089877
brook-8b,Coreline,2963,252,0,stop,2374,0.147776
brook-8b,Fastori,1949,344,0,stop,1704,0.116071
brook-8b,NimbusServe,3633,323,0,stop,68301,0.211826
brook-8b,Coreline,2370,391,10,stop,2061,0.146960
brook-8b,Coreline,1725,264,0,stop,2387,0.098672
brook-8b,NimbusServe,2901,395,0,stop,6196,0.173386
brook-8b,Steadfast,2083,393,4,stop,4087,0.130785
brook-8b,NimbusServe,2581,344,2,stop,6523,0.143957
brook-8b,Coreline,2974,316,0,stop,2499,0.153463
brook-8b,Steadfast,1498,278,6,stop,4476,0.093776
brook-8b,Fastori,1364,384,0,stop,1667,0.084791
brook-8b,NimbusServe,2120,314,2,stop,4258,0.116083
brook-8b,Coreline,2738,326,1,stop,2121,0.165818
brook-8b,NimbusServe,2253,352,1,stop,6053,0.140297
brook-8b,Coreline,1910,264,0,stop,2299,0.106202
brook-8b,NimbusServe,2540,311,7,stop,6656,0.137911
brook-8b,Fastori,2480,198,0,stop,1135,0.128796
brook-8b,Steadfast,3405,242,2,stop,3080,0.174429
brook-8b,NimbusServe,2884,328,0,stop,5678,0.165711
brook-8b,NimbusServe,2388,328,0,stop,66270,0.134470
brook-8b,Steadfast,2653,418,0,stop,4573,0.166048
brook-8b,Fastori,2278,223,0,stop,1500,0.127880
brook-8b,Coreline,2295,283,0,stop,2129,0.128499
brook-8b,Coreline,2725,392,0,stop,3038,0.156836
brook-8b,Steadfast,2245,295,0,stop,3710,0.134287
brook-8b,NimbusServe,2423,352,0,stop,6284,0.129272
brook-8b,NimbusServe,2732,275,0,stop,6407,0.152336
brook-8b,Fastori,2721,199,1,stop,1144,0.141322
brook-8b,Fastori,3567,317,5,stop,1505,0.210168
brook-8b,Fastori,2424,296,0,stop,1442,0.128527
brook-8b,NimbusServe,1608,436,0,stop,5784,0.099450
brook-8b,Steadfast,1455,323,5,stop,4293,0.091792
brook-8b,Steadfast,1655,331,2,stop,4168,0.089487
brook-8b,NimbusServe,2327,280,0,stop,5022,0.124364
brook-8b,Coreline,2680,379,1,stop,2792,0.154758
brook-8b,Fastori,2850,325,0,stop,1214,0.173994
brook-8b,NimbusServe,1572,290,0,stop,6400,0.085283
brook-8b,Steadfast,1697,294,0,stop,3968,0.106984
brook-8b,NimbusServe,3147,374,0,stop,6656,0.161417
brook-8b,Fastori,2681,408,0,stop,1316,0.159994
brook-8b,Coreline,1495,256,5,stop,2474,0.087413
brook-8b,NimbusServe,2787,392,0,stop,6098,0.144347
brook-8b,Fastori,1487,269,0,stop,983,0.088363
brook-8b,Coreline,2357,217,0,stop,2277,0.125483
brook-8b,Steadfast,2524,272,3,stop,4593,0.146276
brook-8b,NimbusServe,1730,382,0,stop,5718,0.102925
brook-8b,Coreline,2453,302,5,stop,2283,0.145525
brook-8b,Fastori,3408,404,0,stop,1330,0.206036
brook-8b,NimbusServe,2259,313,7,stop,97912,0.133159
brook-8b,Fastori,1585,313,0,stop,1267,0.098342
brook-8b,NimbusServe,1457,402,0,stop,5613,0.098621
brook-8b,NimbusServe,2280,268,1,stop,6434,0.135886
brook-8b,NimbusServe,1748,310,1,stop,108850,0.111473
brook-8b,Steadfast,2892,434,6,stop,3286,0.169592
brook-8b,NimbusServe,3414,259,2,stop,6389,0.178468
brook-8b,Coreline,2025,355,0,stop,2558,0.129783
brook-8b,Fastori,1917,382,3,stop,1258,0.110719
brook-8b,Coreline,1844,362,0,stop,2576,0.107064
brook-8b,Coreline,3001,347,2,stop,2962,0.157286
brook-8b,Steadfast,2634,359,3,stop,3546,0.144399
brook-8b,Coreline,3508,353,4,stop,2400,0.205496
brook-8b,Steadfast,1923,361,0,stop,3348,0.113780
brook-8b,Coreline,2266,400,3,stop,2599,0.143729
brook-8b,Steadfast,2353,415,0,stop,3892,0.149773
brook-8b,Coreline,1679,275,0,stop,2421,0.093561
brook-8b,Coreline,2929,337,0,stop,2332,0.156351
brook-8b,NimbusServe,2986,346,0,stop,6868,0.174711
brook-8b,Coreline,2097,283,0,stop,2766,0.130098
brook-8b,Fastori,3018,369,0,stop,1361,0.158272
brook-8b,Fastori,3030,321,0,stop,1518,0.183116
brook-8b,Coreline,2360,213,1,stop,2172,0.118974
brook-8b,Coreline,2106,284,7,stop,3031,0.114077
brook-8b,Fastori,2348,208,0,stop,1575,0.137514
brook-8b,NimbusServe,2586,289,0,stop,6301,0.129651
brook-8b,Steadfast,1872,349,0,stop,4209,0.116331
brook-8b,NimbusServe,2162,257,3,stop,7334,0.117934
brook-8b,NimbusServe,1398,248,4,stop,6889,0.083447
brook-8b,Coreline,2662,261,0,stop,1712,0.149480
brook-8b,Fastori,2514,330,5,stop,1433,0.154729
brook-8b,Coreline,2520,260,0,stop,2304,0.129080
brook-8b,NimbusServe,1773,278,0,stop,56553,0.111528
brook-8b,Coreline,2714,253,0,stop,2743,0.135285
brook-8b,Steadfast,2580,272,0,stop,3638,0.151668
brook-8b,Fastori,1881,229,0,stop,10037,0.112238
brook-8b,Steadfast,1514,241,0,stop,4902,0.089945
brook-8b,Steadfast,2566,327,6,stop,3548,0.141337
brook-8b,Coreline,2650,339,0,stop,2934,0.148767
brook-8b,Fastori,2641,358,3,stop,1437,0.158267
brook-8b,Fastori,1881,360,3,stop,1458,0.111888
brook-8b,Steadfast,1944,218,2,stop,4057,0.099370
brook-8b,Fastori,1220,358,0,stop,1058,0.083617
brook-8b,Steadfast,1299,391,2,stop,4865,0.084862
brook-8b,Fastori,2764,329,0,stop,1174,0.161747
brook-8b,Coreline,2243,406,0,stop,2335,0.139464
brook-8b,Fastori,1550,272,1,stop,1396,0.097243
brook-8b,Steadfast,1720,351,7,stop,4996,0.113455
brook-8b,Steadfast,1923,309,0,stop,3817,0.109647
brook-8b,Steadfast,2638,241,0,stop,2699,0.137747
brook-8b,Coreline,2788,296,0,stop,1952,0.153000
brook-8b,Steadfast,2417,233,0,stop,4616,0.137350
brook-8b,Coreline,2842,294,5,stop,2238,0.161939
brook-8b,NimbusServe,3110,353,0,stop,5534,0.162005
brook-8b,Steadfast,2073,394,0,stop,4250,0.118660
brook-8b,NimbusServe,1547,376,0,stop,6927,0.100838
brook-8b,Fastori,2122,252,1,stop,1447,0.112699
brook-8b,Coreline,1919,324,0,stop,2998,0.123060
brook-8b,NimbusServe,1191,275,0,stop,5755,0.072451
brook-8b,Steadfast,2176,188,0,stop,2975,0.129460
brook-8b,Coreline,2768,305,4,stop,2586,0.167761
brook-8b,Fastori,3109,362,0,stop,1513,0.186613
brook-8b,Fastori,2914,346,0,stop,1393,0.150353
brook-8b,Fastori,2890,342,0,stop,1719,0.161871
brook-8b,NimbusServe,2986,405,3,stop,51729,0.175095
brook-8b,Coreline,2110,282,0,stop,2258,0.118104
brook-8b,Steadfast,2188,336,5,stop,4299,0.117076
brook-8b,NimbusServe,1704,348,0,stop,6950,0.099035
brook-8b,NimbusServe,3518,334,0,stop,6845,0.204598
brook-8b,Steadfast,2539,281,0,stop,3845,0.143762
brook-8b,Coreline,3220,239,2,stop,2427,0.189474
brook-8b,Coreline,1970,248,0,stop,2851,0.109242
brook-8b,Steadfast,2157,301,5,stop,3666,0.113640
brook-8b,Steadfast,2819,185,0,stop,4555,0.140851
brook-8b,Steadfast,2798,409,0,stop,4375,0.168213
brook-8b,NimbusServe,2106,173,0,stop,4607,0.106184
brook-8b,NimbusServe,2047,385,7,stop,5983,0.116043
brook-8b,Coreline,2632,422,3,stop,2316,0.151525
brook-8b,NimbusServe,2754,254,1,stop,5437,0.153511
brook-8b,Steadfast,2363,398,0,stop,3465,0.128509
brook-8b,Steadfast,2524,293,0,stop,4389,0.150994
brook-8b,Coreline,2056,291,7,stop,2610,0.129124
brook-8b,Steadfast,3395,389,2,stop,4357,0.174591
brook-8b,Coreline,1714,296,3,stop,2070,0.097598
brook-8b,Fastori,2806,242,1,stop,1143,0.142879
brook-8b,Steadfast,2596,423,0,stop,5001,0.162887
brook-8b,Fastori,2536,395,1,stop,1227,0.156400
brook-8b,Fastori,2186,277,1,stop,1344,0.119025
brook-8b,NimbusServe,2851,210,3,stop,5070,0.138013
brook-8b,Coreline,2774,273,0,stop,2948,0.152391
brook-8b,Coreline,1601,202,0,stop,1811,0.085800
brook-8b,Fastori,1713,344,3,stop,1230,0.106935
brook-8b,Fastori,2277,299,0,stop,1655,0.120718
brook-8b,Fastori,3289,359,2,stop,1567,0.199620
brook-8b,NimbusServe,2037,324,1,stop,7581,0.108905
brook-8b,Fastori,2634,373,1,stop,1301,0.145160
brook-8b,Steadfast,1365,268,0,stop,3277,0.087927
brook-8b,Fastori,2521,320,0,stop,1385,0.146372
brook-8b,Coreline,3626,215,0,stop,2116,0.181292
brook-8b,Fastori,1436,340,0,stop,1300,0.080503
brook-8b,NimbusServe,2776,292,0,stop,95647,0.142223
brook-8b,NimbusServe,2172,342,2,stop,97642,0.133026
brook-8b,NimbusServe,2420,292,3,stop,6776,0.123206
brook-8b,Coreline,1725,368,2,stop,2805,0.100503
brook-8b,Fastori,1334,427,2,stop,1576,0.096235
brook-8b,Coreline,2819,353,4,stop,2186,0.145324
brook-8b,Coreline,3083,348,2,stop,1921,0.165555
brook-8b,Steadfast,1919,355,4,stop,4297,0.106730
brook-8b,Coreline,2893,301,0,stop,3003,0.170318
brook-8b,Coreline,1582,375,8,stop,2761,0.090979
brook-8b,Fastori,2903,335,0,stop,1107,0.170158
brook-8b,Coreline,2294,276,0,stop,2643,0.132357
brook-8b,Coreline,2406,357,2,stop,1906,0.133079
brook-8b,Fastori,2376,366,7,stop,1200,0.128221
brook-8b,NimbusServe,1792,308,4,stop,6992,0.109901
brook-8b,NimbusServe,3088,427,7,stop,5571,0.193643
brook-8b,Steadfast,2346,391,0,stop,2661,0.124570
brook-8b,Steadfast,2015,321,2,stop,4784,0.115022
brook-8b,Coreline,1981,319,1,stop,2235,0.124214
brook-8b,NimbusServe,2396,298,5,stop,3877,0.133686
brook-8b,Coreline,2692,371,2,stop,2066,0.167331
brook-8b,NimbusServe,3035,315,2,stop,50387,0.162775
brook-8b,Coreline,2206,302,2,stop,2489,0.118856
brook-8b,NimbusServe,1908,449,1,stop,6207,0.128581
brook-8b,Fastori,2838,349,0,stop,1452,0.171048
brook-8b,NimbusServe,2224,324,4,stop,98321,0.138131
brook-8b,Fastori,2561,339,2,stop,1163,0.146180
brook-8b,NimbusServe,2364,300,0,stop,6715,0.127309
brook-8b,Fastori,2631,303,0,stop,1596,0.138717
brook-8b,Coreline,3375,359,0,stop,2399,0.184956
brook-8b,Steadfast,3024,270,0,stop,3983,0.173521
brook-8b,Fastori,1457,298,4,stop,1272,0.085554
brook-8b,Fastori,2983,469,8,stop,1530,0.167426
brook-8b,Coreline,2728,383,4,stop,2898,0.153545
brook-8b,Coreline,1519,266,0,stop,14484,0.098088
brook-8b,Coreline,1196,291,0,stop,9247,0.079921
brook-8b,NimbusServe,1503,336,5,stop,5629,0.084403
brook-8b,Fastori,3268,203,0,stop,1561,0.184681
brook-8b,Fastori,1862,322,0,stop,1388,0.116758
brook-8b,Fastori,1705,224,0,stop,1307,0.092829
brook-8b,Steadfast,2007,311,0,stop,5068,0.113063
brook-8b,Coreline,2020,313,0,stop,2249,0.108267
brook-8b,Coreline,2575,325,7,stop,3212,0.146488
brook-8b,Fastori,2683,363,7,stop,1474,0.158084
brook-8b,Fastori,2263,429,0,stop,1657,0.126716
brook-8b,Fastori,1783,276,0,stop,1405,0.093502
brook-8b,Coreline,2937,294,0,stop,2524,0.172883
brook-8b,Coreline,2046,278,0,stop,3104,0.116474
brook-8b,Steadfast,1921,334,0,stop,3984,0.103304
brook-8b,Steadfast,2253,358,4,stop,3057,0.129703
brook-8b,Fastori,2258,310,0,stop,1660,0.125582
brook-8b,Coreline,2046,372,0,stop,3039,0.114791
brook-8b,NimbusServe,3385,282,5,stop,5823,0.191247
brook-8b,NimbusServe,2490,374,1,stop,5796,0.129453
brook-8b,Coreline,2188,220,2,stop,2515,0.111321
brook-8b,Steadfast,1842,395,3,stop,3687,0.114448
brook-8b,NimbusServe,2172,306,0,stop,6736,0.118813
brook-8b,Coreline,2956,261,0,stop,2365,0.153938
brook-8b,Coreline,3403,327,0,stop,2312,0.183346
brook-8b,Steadfast,1938,334,0,stop,4705,0.123270
brook-8b,NimbusServe,1552,274,4,stop,5747,0.086903
brook-8b,Coreline,2019,341,0,stop,2964,0.107668
brook-8b,Fastori,1655,366,0,stop,1765,0.109325
brook-8b,Steadfast,1833,237,0,stop,5046,0.104869
brook-8b,Fastori,2181,360,0,stop,1361,0.138608
brook-8b,Coreline,1789,218,0,stop,2747,0.092507
brook-8b,Fastori,2223,371,0,stop,984,0.117051
brook-8b,NimbusServe,3347,334,0,stop,6034,0.176385
brook-8b,Steadfast,2738,243,6,stop,2883,0.140526
brook-8b,Steadfast,1968,246,0,stop,4051,0.101957
brook-8b,NimbusServe,1455,266,1,stop,105905,0.082171
brook-8b,Fastori,1887,354,4,stop,1506,0.119916
brook-8b,Steadfast,2395,295,0,stop,4932,0.131572
brook-8b,NimbusServe,2958,275,2,stop,5910,0.175758
brook-8b,Coreline,1984,272,5,stop,2371,0.105942
brook-8b,Steadfast,2680,394,5,stop,3842,0.141084
brook-8b,Coreline,2362,373,0,stop,2238,0.128740
brook-8b,Steadfast,2017,291,0,stop,3451,0.112640
brook-8b,Fastori,2416,255,3,stop,1410,0.127818
brook-8b,Coreline,1354,304,0,stop,13492,0.076739
brook-8b,Coreline,2601,280,0,stop,1789,0.158227
brook-8b,Fastori,2347,369,0,stop,1670,0.132734
brook-8b,NimbusServe,2360,367,1,stop,7912,0.132835
brook-8b,Fastori,2777,289,5,stop,1425,0.150732
brook-8b,Steadfast,2552,343,7,stop,5430,0.146000
brook-8b,Steadfast,2499,175,3,stop,3115,0.127896
brook-8b,Coreline,2137,329,3,stop,2928,0.124916
brook-8b,Fastori,2889,436,0,stop,1342,0.166337
brook-8b,Fastori,1161,324,4,stop,1462,0.072220
brook-8b,NimbusServe,1658,385,0,stop,5688,0.098606
brook-8b,NimbusServe,2031,323,0,stop,4545,0.122974
brook-8b,Fastori,2935,325,5,stop,1769,0.153612
brook-8b,Coreline,2941,337,0,stop,2329,0.148783
brook-8b,NimbusServe,2476,238,2,stop,87666,0.126532
brook-8b,Coreline,2284,214,0,stop,2626,0.121448
brook-8b,Coreline,1510,216,2,stop,2788,0.091244
brook-8b,Fastori,2870,472,0,stop,1273,0.155952
brook-8b,NimbusServe,2291,431,0,stop,6592,0.133797
brook-8b,Fastori,3136,307,0,stop,1289,0.161546
brook-8b,Fastori,2809,302,0,stop,1539,0.142548
brook-8b,Steadfast,3220,266,3,stop,3258,0.182196
brook-8b,Steadfast,3038,282,0,stop,4944,0.163795
brook-8b,Coreline,3197,283,3,stop,2613,0.164721
brook-8b,Coreline,2187,420,5,stop,2579,0.126797
brook-8b,Coreline,2604,233,0,stop,2526,0.133465
brook-8b,Coreline,2083,338,7,stop,2687,0.126098
brook-8b,Coreline,2756,289,0,stop,1948,0.158314
brook-8b,Fastori,2145,417,2,stop,11589,0.130406
brook-8b,Coreline,2450,229,0,stop,2639,0.124636
brook-8b,Steadfast,1802,383,0,stop,4597,0.104010
brook-8b,Steadfast,1813,403,0,stop,4421,0.104842
brook-8b,Steadfast,2736,478,0,stop,4473,0.152554
brook-8b,Steadfast,1745,368,0,stop,4980,0.095577
brook-8b,Fastori,1831,336,0,stop,1198,0.109527
brook-8b,Fastori,2940,305,4,stop,1576,0.155864
brook-8b,Steadfast,3254,390,4,stop,4032,0.192199
brook-8b,Coreline,1633,341,0,stop,2789,0.090480
brook-8b,Steadfast,2767,199,0,stop,4143,0.134358
brook-8b,Fastori,2722,319,2,stop,1296,0.144814
brook-8b,Fastori,2505,298,2,stop,1631,0.151468
brook-8b,NimbusServe,1769,353,0,stop,6847,0.113447
brook-8b,Steadfast,2658,291,0,stop,4331,0.134579
brook-8b,NimbusServe,2915,231,6,stop,5221,0.143120
brook-8b,Steadfast,2294,315,0,stop,3282,0.125576
brook-8b,Steadfast,2169,199,0,stop,3113,0.126579
brook-8b,Fastori,2789,362,5,stop,1283,0.171794
brook-8b,Fastori,1498,301,0,stop,1424,0.091846
brook-8b,Fastori,2208,389,0,stop,1154,0.121677
brook-8b,Coreline,2220,407,0,stop,2444,0.118313
brook-8b,Fastori,2051,330,2,stop,1021,0.114061
brook-8b,NimbusServe,2648,284,0,stop,6317,0.157736
brook-8b,NimbusServe,2271,334,1,stop,3827,0.137041
brook-8b,Fastori,2492,321,0,stop,1591,0.127697
brook-8b,Steadfast,2522,390,8,stop,3622,0.149447
brook-8b,NimbusServe,2002,337,4,stop,4665,0.128287
brook-8b,Steadfast,2142,327,3,stop,4733,0.120906
brook-8b,Coreline,2670,380,0,stop,2184,0.155952
brook-8b,Coreline,1094,241,0,stop,2548,0.069128
brook-8b,Steadfast,1783,383,0,stop,4429,0.110172
brook-8b,Coreline,2828,403,3,stop,2711,0.173434
brook-8b,NimbusServe,1727,242,0,stop,5261,0.104041
brook-8b,Coreline,1994,286,0,stop,2960,0.122334
brook-8b,Fastori,1929,221,4,stop,1443,0.105398
brook-8b,Steadfast,2308,400,1,stop,4504,0.132694
brook-8b,Fastori,2406,277,0,stop,1280,0.140522
brook-8b,Fastori,2129,307,0,stop,1497,0.123916
brook-8b,Fastori,2084,398,7,stop,1571,0.136697
brook-8b,NimbusServe,1925,267,2,stop,6334,0.102210
brook-8b,Fastori,2435,377,5,stop,1587,0.153076
brook-8b,Fastori,2203,370,7,stop,1532,0.132738
brook-8b,Coreline,1989,412,3,stop,2536,0.108378
brook-8b,Fastori,1825,295,1,stop,1640,0.103866
brook-8b,Coreline,1820,309,8,stop,2887,0.099429
brook-8b,Fastori,1949,405,0,stop,1440,0.115107
brook-8b,Steadfast,2221,164,1,stop,4880,0.125909
brook-8b,Steadfast,2392,313,1,stop,3960,0.143854
brook-8b,Steadfast,2588,349,0,stop,22566,0.148363
brook-8b,Steadfast,1311,327,0,stop,2620,0.076689
brook-8b,Fastori,2819,308,0,stop,1651,0.171008
brook-8b,Steadfast,2539,325,0,stop,3621,0.133576
brook-8b,Steadfast,1608,268,0,stop,4255,0.092257
brook-8b,NimbusServe,1786,270,6,stop,5079,0.093870
brook-8b,NimbusServe,1865,402,5,stop,5735,0.102557
brook-8b,Fastori,1212,313,7,stop,1243,0.074474
brook-8b,NimbusServe,3672,266,0,stop,5595,0.202453
brook-8b,Steadfast,2555,255,0,stop,4285,0.145988
brook-8b,Steadfast,2424,366,0,stop,4651,0.149278
brook-8b,Coreline,3085,279,2,stop,2573,0.183764
brook-8b,Fastori,1956,226,3,stop,1404,0.109223
brook-8b,Coreline,1931,351,4,stop,2638,0.111620
brook-8b,Fastori,3184,363,1,stop,1142,0.188041
brook-8b,Steadfast,2374,281,0,stop,4153,0.145641
brook-8b,Fastori,2862,311,2,stop,928,0.153400
brook-8b,Coreline,2565,452,4,stop,2343,0.137145
brook-8b,Steadfast,2144,237,2,stop,3506,0.118430
brook-8b,Fastori,2512,238,0,stop,1413,0.129398
brook-8b,Fastori,2022,361,0,stop,1394,0.114298
brook-8b,NimbusServe,3108,246,2,stop,65362,0.160882
brook-8b,Coreline,3441,434,4,stop,2483,0.184996
brook-8b,Steadfast,2807,280,1,stop,4189,0.152300
brook-8b,Coreline,2630,360,4,stop,2621,0.157956
brook-8b,NimbusServe,2140,438,0,stop,102536,0.127166
brook-8b,Coreline,2446,417,0,stop,2887,0.156304
brook-8b,Steadfast,2196,341,0,stop,2976,0.138505
brook-8b,Fastori,2358,170,0,stop,1516,0.138521
brook-8b,Coreline,2480,387,5,stop,2356,0.150414
brook-8b,Fastori,2345,339,0,stop,1681,0.131669
brook-8b,NimbusServe,2643,293,0,stop,6854,0.147153
brook-8b,NimbusServe,2149,283,2,stop,5982,0.131652
brook-8b,Fastori,2769,300,3,stop,1598,0.160689
brook-8b,Steadfast,1830,334,4,stop,3912,0.103243
brook-8b,NimbusServe,2260,300,2,stop,6573,0.137475
brook-8b,NimbusServe,2370,241,0,stop,5903,0.128160
brook-8b,Fastori,2877,330,4,stop,1446,0.162594
brook-8b,Steadfast,1730,450,3,stop,3697,0.098661
brook-8b,Steadfast,2574,336,5,stop,4062,0.154050
brook-8b,NimbusServe,2272,368,1,stop,72020,0.137414
brook-8b,Steadfast,2030,368,0,stop,4283,0.119163
brook-8b,Coreline,1356,324,4,stop,2559,0.083484
brook-8b,NimbusServe,2298,227,1,stop,6720,0.129919
brook-8b,Steadfast,2151,339,2,stop,3259,0.125874
brook-8b,NimbusServe,2204,391,0,stop,6399,0.117143
brook-8b,Coreline,2726,257,0,stop,2816,0.149768
brook-8b,Fastori,2351,374,0,stop,1600,0.126643
brook-8b,Steadfast,1709,504,4,stop,4247,0.104290
brook-8b,Fastori,1235,363,0,stop,1381,0.084861
brook-8b,Steadfast,1505,369,0,stop,3379,0.090199
brook-8b,Steadfast,2134,367,2,stop,4051,0.130428
brook-8b,Steadfast,2506,289,0,stop,23709,0.150454
brook-8b,Fastori,2918,435,0,stop,1174,0.183843
brook-8b,NimbusServe,1920,425,0,stop,5719,0.106183
brook-8b,NimbusServe,2287,392,6,stop,5936,0.126751
brook-8b,Steadfast,1783,338,0,stop,3291,0.112652
brook-8b,Coreline,1836,250,1,stop,2132,0.099858
brook-8b,Steadfast,1999,226,2,stop,3670,0.117219
brook-8b,Steadfast,2719,336,5,stop,3531,0.144601
brook-8b,Steadfast,1650,363,0,stop,3650,0.093066
brook-8b,Steadfast,2022,219,1,stop,2989,0.105396
brook-8b,NimbusServe,3290,332,0,stop,6662,0.179199
brook-8b,Steadfast,2487,338,0,stop,3542,0.141476
brook-8b,NimbusServe,1964,302,0,stop,110772,0.115976
brook-8b,Fastori,2569,316,1,stop,1394,0.143836
brook-8b,Steadfast,2842,285,1,stop,4279,0.160384
brook-8b,Coreline,3211,343,7,stop,2757,0.178851
brook-8b,Coreline,3026,333,0,stop,2140,0.176890
brook-8b,Steadfast,2679,283,0,stop,4484,0.157490
brook-8b,Fastori,3264,309,0,stop,1415,0.185406
brook-8b,NimbusServe,2771,283,1,stop,6994,0.167045
brook-8b,Steadfast,2090,356,0,stop,4764,0.110248
brook-8b,Coreline,1770,245,0,stop,1813,0.110189
brook-8b,Fastori,2928,367,0,stop,1318,0.180132
brook-8b,NimbusServe,2143,355,0,stop,5768,0.125581
brook-8b,Steadfast,2209,410,0,stop,3784,0.134105
brook-8b,NimbusServe,2576,341,3,stop,6150,0.151294
brook-8b,Coreline,2333,247,0,stop,11532,0.141259
brook-8b,Coreline,2692,343,0,stop,3176,0.143470
brook-8b,Fastori,2889,194,0,stop,1480,0.149471
brook-8b,Coreline,2491,418,0,stop,2250,0.138024
brook-8b,NimbusServe,2854,318,0,stop,4663,0.156149
brook-8b,NimbusServe,2409,369,5,stop,4646,0.146598
brook-8b,Steadfast,3234,438,3,stop,4470,0.173981
brook-8b,Fastori,2562,455,0,stop,1553,0.135828
brook-8b,NimbusServe,2359,285,0,stop,7149,0.141048
brook-8b,Steadfast,2440,285,0,stop,4886,0.133052
brook-8b,NimbusServe,3292,345,1,stop,6718,0.167071
brook-8b,Coreline,2366,343,1,stop,2070,0.144115
brook-8b,Steadfast,2100,430,5,stop,3124,0.123732
brook-8b,NimbusServe,2509,402,2,stop,7235,0.155031
brook-8b,Coreline,1424,348,2,stop,2715,0.092858
brook-8b,NimbusServe,2302,318,0,stop,6151,0.119042
brook-8b,Steadfast,2858,342,4,stop,3390,0.150058
brook-8b,Fastori,2614,244,0,stop,1489,0.147123
brook-8b,Fastori,2086,305,0,stop,1322,0.113608
brook-8b,NimbusServe,2386,467,0,stop,7657,0.138791
brook-8b,Coreline,2688,314,0,stop,2516,0.142660
brook-8b,Steadfast,2654,328,7,stop,4448,0.141013
brook-8b,Coreline,2903,406,0,stop,2183,0.181441
brook-8b,NimbusServe,2364,338,0,stop,4517,0.144876
brook-8b,Coreline,1663,313,0,stop,3225,0.096271
brook-8b,NimbusServe,3087,315,5,stop,7601,0.156370
brook-8b,Coreline,2279,350,0,stop,2538,0.126933
brook-8b,Coreline,2858,291,0,stop,3000,0.148412
brook-8b,Fastori,1801,390,4,stop,1706,0.106677
brook-8b,Fastori,2556,261,0,stop,1199,0.143391
brook-8b,NimbusServe,2875,259,1,stop,7566,0.156600
brook-8b,Coreline,3066,303,0,stop,2194,0.170204
brook-8b,Steadfast,2044,337,5,stop,4894,0.121468
brook-8b,Steadfast,2205,343,4,stop,3993,0.137516
brook-8b,NimbusServe,1806,321,0,stop,5439,0.096263
brook-8b,Steadfast,2316,414,0,stop,3669,0.134539
brook-8b,NimbusServe,3053,370,0,stop,6100,0.162336
brook-8b,Fastori,1666,406,1,stop,1347,0.099783
brook-8b,Fastori,1918,150,0,stop,1478,0.103228
brook-8b,Steadfast,2193,397,0,stop,4415,0.127056
brook-8b,Coreline,2857,283,0,stop,2653,0.155531
brook-8b,Fastori,3314,359,5,stop,1060,0.186522
brook-8b,Coreline,2436,345,0,stop,2058,0.138444
brook-8b,Coreline,2015,295,0,stop,2305,0.121943
brook-8b,Fastori,2250,332,2,stop,1663,0.130072
brook-8b,Fastori,1539,390,1,stop,1351,0.102243
brook-8b,Steadfast,3092,378,4,stop,3929,0.172047
brook-8b,Steadfast,1707,205,3,stop,4104,0.091954
brook-8b,Coreline,1804,301,5,stop,2603,0.106671
brook-8b,Coreline,3078,364,0,stop,2667,0.157878
brook-8b,Coreline,2610,395,1,stop,2689,0.143111
brook-8b,NimbusServe,2995,199,2,stop,6418,0.170797
brook-8b,Coreline,3275,292,5,stop,2543,0.163311
brook-8b,NimbusServe,2327,338,0,stop,6052,0.137911
brook-8b,Coreline,1752,409,0,stop,2925,0.100841
brook-8b,Coreline,1964,368,2,stop,2321,0.105892
brook-8b,NimbusServe,3138,250,0,stop,7932,0.179723
brook-8b,NimbusServe,2214,332,6,stop,97407,0.126382
brook-8b,NimbusServe,2386,386,0,stop,5066,0.137116
brook-8b,Coreline,2989,351,5,stop,3126,0.166943
brook-8b,Coreline,3191,164,0,stop,2659,0.162167
brook-8b,Steadfast,1767,436,0,stop,4230,0.105662
brook-8b,Steadfast,2839,417,2,stop,4105,0.167429
brook-8b,NimbusServe,3188,372,1,stop,5091,0.185386
brook-8b,Coreline,2298,425,0,stop,3165,0.129532
brook-8b,Coreline,3256,345,4,stop,2066,0.165418
brook-8b,Coreline,2250,127,0,stop,2356,0.126873
brook-8b,Coreline,3340,374,5,stop,2274,0.186413
brook-8b,Coreline,2545,329,0,stop,2110,0.149224
brook-8b,Fastori,2172,195,2,stop,1247,0.128524
brook-8b,Fastori,2092,245,0,stop,1002,0.113844
brook-8b,Fastori,3236,244,2,stop,1293,0.165691
brook-8b,NimbusServe,2372,282,0,stop,6378,0.134462
brook-8b,Fastori,2053,265,1,stop,1578,0.112600
brook-8b,NimbusServe,2010,332,0,stop,7432,0.118295
brook-8b,NimbusServe,3268,266,0,stop,54935,0.189212
brook-8b,NimbusServe,1936,372,0,stop,77912,0.106815
brook-8b,Fastori,2855,360,1,stop,1447,0.156628
brook-8b,Coreline,2355,275,0,stop,2227,0.130505
brook-8b,Fastori,3115,356,0,stop,1330,0.186358
brook-8b,Fastori,1999,384,0,stop,1424,0.113040
brook-8b,Coreline,2713,362,1,stop,2296,0.156043
brook-8b,Steadfast,2048,393,3,stop,5052,0.130675
brook-8b,Coreline,3175,328,1,stop,2382,0.169198
brook-8b,Fastori,2822,261,0,stop,1715,0.168998
brook-8b,Coreline,2647,372,7,stop,1802,0.153560
brook-8b,Steadfast,3912,371,0,stop,25595,0.193379
brook-8b,Steadfast,3205,307,1,stop,4311,0.175980
brook-8b,NimbusServe,2748,387,3,stop,6241,0.161333
brook-8b,Coreline,1898,284,0,stop,2558,0.107737
brook-8b,NimbusServe,2800,310,5,stop,5024,0.164507
brook-8b,Fastori,2467,365,0,stop,1835,0.132675
brook-8b,Steadfast,2548,367,0,stop,4285,0.131541
brook-8b,Coreline,2797,187,5,stop,2672,0.154421
brook-8b,Coreline,3043,268,0,stop,2400,0.163053
brook-8b,NimbusServe,2260,325,0,stop,49162,0.118835
brook-8b,Fastori,2629,252,3,stop,1278,0.157526
brook-8b,NimbusServe,2715,205,0,stop,6280,0.157328
brook-8b,Fastori,2317,212,1,stop,1337,0.126702
brook-8b,Coreline,2757,335,0,stop,2514,0.167755
brook-8b,Coreline,2576,391,1,stop,1850,0.143518
brook-8b,NimbusServe,2214,186,0,stop,6012,0.115568
brook-8b,NimbusServe,2882,359,0,stop,6695,0.157816
brook-8b,Fastori,3091,353,5,stop,1598,0.188854
brook-8b,Coreline,2084,313,3,length,2320,0.126350
brook-8b,Coreline,2700,307,0,stop,2305,0.148619
brook-8b,Fastori,1967,270,0,stop,1737,0.107785
brook-8b,NimbusServe,2258,291,3,stop,8174,0.137781
brook-8b,NimbusServe,1951,229,2,stop,84399,0.114408
brook-8b,Fastori,2091,295,6,stop,1515,0.115161
brook-8b,Fastori,2213,353,0,stop,1147,0.131508
brook-8b,Coreline,1813,413,6,stop,2704,0.111929
brook-8b,Coreline,1776,314,0,stop,2535,0.100975
brook-8b,Coreline,2130,388,0,stop,2053,0.119487
brook-8b,Coreline,1943,386,2,stop,2463,0.119930
brook-8b,Coreline,2832,410,0,stop,2321,0.147875
brook-8b,Fastori,3008,358,0,stop,1159,0.167759
brook-8b,Fastori,1820,347,1,stop,1754,0.101722
brook-8b,Fastori,3170,314,0,stop,1475,0.169569
brook-8b,NimbusServe,2537,323,0,stop,84409,0.129351
brook-8b,Fastori,2872,322,0,stop,1405,0.167201
brook-8b,NimbusServe,1722,342,0,stop,6214,0.111639
brook-8b,NimbusServe,2159,203,0,stop,101742,0.125418
brook-8b,NimbusServe,2202,343,6,stop,86510,0.118512
brook-8b,Fastori,2221,239,3,stop,1149,0.131129
brook-8b,NimbusServe,2189,259,2,stop,4986,0.115879
brook-8b,Fastori,2015,342,4,stop,1568,0.124245
brook-8b,Steadfast,3358,339,0,stop,3331,0.184498
brook-8b,NimbusServe,2695,285,0,stop,6665,0.159765
brook-8b,Coreline,2240,397,7,stop,2543,0.136906
brook-8b,NimbusServe,2372,384,2,stop,7895,0.142572
brook-8b,Steadfast,2607,479,12,stop,3844,0.168719
brook-8b,NimbusServe,2065,218,0,stop,70558,0.109716
brook-8b,Fastori,3114,394,0,stop,1385,0.177067
brook-8b,Coreline,2750,334,0,stop,2755,0.168021
brook-8b,Fastori,2572,429,0,stop,1056,0.154774
brook-8b,NimbusServe,2819,315,0,stop,7322,0.143880
brook-8b,Fastori,2812,298,0,stop,1237,0.167261
brook-8b,Fastori,2402,302,0,stop,1805,0.124187
brook-8b,Steadfast,2255,357,1,stop,3601,0.120892
brook-8b,NimbusServe,2874,293,0,stop,5290,0.173284
brook-8b,NimbusServe,2444,312,0,stop,6658,0.146411
brook-8b,Steadfast,2348,268,0,stop,4168,0.122945
brook-8b,Fastori,2246,237,5,stop,1696,0.114665
brook-8b,Coreline,2874,327,0,stop,2245,0.145306
brook-8b,NimbusServe,2031,432,0,stop,6613,0.112973
brook-8b,Coreline,2290,388,8,stop,2386,0.146253
brook-8b,Steadfast,2394,265,0,stop,4871,0.126996
brook-8b,Coreline,1951,376,0,stop,2780,0.120535
brook-8b,Steadfast,1954,312,1,stop,4331,0.105315
brook-8b,Fastori,3429,354,0,stop,1591,0.207638
brook-8b,Coreline,1763,378,0,stop,2758,0.109191
brook-8b,Steadfast,2402,307,2,stop,3659,0.126274
brook-8b,Coreline,1927,227,0,stop,2009,0.099213
brook-8b,Steadfast,2527,308,4,stop,4622,0.134816
brook-8b,Coreline,2879,244,0,stop,2394,0.154741
brook-8b,Coreline,1738,325,0,stop,2156,0.096416
brook-8b,Fastori,2253,334,0,stop,1131,0.137798
brook-8b,Coreline,2234,303,0,stop,2325,0.136330
brook-8b,Coreline,832,293,0,stop,2226,0.053710
brook-8b,NimbusServe,2470,170,0,stop,6054,0.142603
brook-8b,Fastori,2079,324,3,stop,1737,0.112554
brook-8b,Steadfast,2501,286,5,stop,4404,0.143090
brook-8b,Coreline,2964,292,0,stop,2304,0.164615
brook-8b,Coreline,2504,289,0,stop,2584,0.150600
brook-8b,NimbusServe,2384,299,0,stop,6464,0.146052
brook-8b,NimbusServe,2735,297,0,stop,6729,0.162527
brook-8b,Fastori,1048,393,1,stop,1509,0.065414
brook-8b,Fastori,2144,219,0,stop,1173,0.124118
brook-8b,Fastori,2561,347,0,stop,1167,0.153539
brook-8b,NimbusServe,2044,310,6,stop,49136,0.124422
brook-8b,Fastori,2427,329,0,stop,1108,0.129879
brook-8b,NimbusServe,2310,381,4,stop,102234,0.128107
brook-8b,NimbusServe,3214,306,1,stop,5543,0.172162
brook-8b,Coreline,2795,208,3,stop,2603,0.140441
brook-8b,Fastori,2055,392,0,stop,1536,0.119440
brook-8b,Fastori,2129,342,0,stop,1417,0.114359
brook-8b,Fastori,2439,337,3,stop,1197,0.138901
brook-8b,Coreline,2351,305,0,stop,2277,0.139113
brook-8b,Coreline,2607,336,6,stop,2380,0.149681
brook-8b,Coreline,2187,342,0,stop,3159,0.124466
brook-8b,Steadfast,2658,331,0,stop,3720,0.156157
brook-8b,Steadfast,2552,341,0,stop,3985,0.157050
brook-8b,Fastori,2072,282,5,stop,1446,0.108211
brook-8b,Coreline,2572,252,7,stop,2158,0.138380
brook-8b,NimbusServe,2476,310,0,stop,5620,0.130721
brook-8b,Coreline,3172,337,7,stop,2330,0.171522
brook-8b,Coreline,3165,281,0,stop,2544,0.158110
brook-8b,Steadfast,2613,388,0,stop,4243,0.149444
brook-8b,Coreline,1499,271,6,stop,2652,0.096592
brook-8b,Fastori,2849,321,2,stop,1079,0.165615
brook-8b,Coreline,1338,235,1,stop,3366,0.077662
brook-8b,Fastori,2272,464,0,stop,1281,0.123846
brook-8b,Fastori,3606,197,0,stop,987,0.203440
brook-8b,Fastori,2823,241,0,stop,1392,0.150886
brook-8b,NimbusServe,2575,308,4,stop,6791,0.150722
brook-8b,NimbusServe,2797,234,4,stop,82538,0.159261
brook-8b,Steadfast,2080,322,10,stop,4335,0.122642
brook-8b,Fastori,2103,436,0,stop,1555,0.136903
brook-8b,Coreline,3288,381,6,stop,2041,0.187610
brook-8b,Fastori,2287,225,0,stop,1482,0.123513
brook-8b,Coreline,2026,246,4,stop,2477,0.114455
brook-8b,Steadfast,2634,275,0,stop,3780,0.137429
brook-8b,Coreline,2174,362,0,stop,2423,0.119505
brook-8b,NimbusServe,2339,260,0,stop,5456,0.136029
brook-8b,Coreline,2396,278,0,stop,2777,0.121929
brook-8b,NimbusServe,2030,338,0,stop,5563,0.114502
brook-8b,NimbusServe,3365,326,3,stop,101123,0.171269
brook-8b,NimbusServe,3059,451,0,stop,98652,0.182808
brook-8b,Coreline,2181,249,3,stop,2496,0.130057
brook-8b,Coreline,2192,308,5,stop,2938,0.118716
brook-8b,Fastori,3038,392,9,stop,1108,0.168866
brook-8b,Steadfast,2528,149,0,stop,4010,0.142548
brook-8b,NimbusServe,2883,375,0,stop,6533,0.158020
brook-8b,Fastori,2602,286,5,stop,1283,0.144765
brook-8b,Coreline,2440,238,0,stop,2979,0.140597
brook-8b,Fastori,1658,326,3,stop,1443,0.107044
brook-8b,NimbusServe,1789,284,1,stop,5428,0.094555
brook-8b,NimbusServe,2553,282,0,stop,7584,0.140876
brook-8b,Fastori,2905,418,9,stop,1447,0.167890
brook-8b,Coreline,2480,267,3,stop,2688,0.133667
brook-8b,Steadfast,2494,372,1,stop,4919,0.138333
brook-8b,Fastori,2073,349,6,stop,1547,0.129582
brook-8b,NimbusServe,2709,235,0,stop,7190,0.144534
brook-8b,Steadfast,1921,291,0,stop,3231,0.117990
brook-8b,NimbusServe,2928,340,4,stop,5379,0.169238
brook-8b,Steadfast,2067,405,2,stop,3990,0.132857
brook-8b,NimbusServe,2551,390,0,stop,5906,0.141613
brook-8b,Coreline,2741,312,1,stop,1783,0.159164
brook-8b,Coreline,2374,248,4,stop,3392,0.136677
brook-8b,Fastori,2452,398,0,stop,8611,0.152091
brook-8b,Fastori,2993,357,0,stop,1677,0.163575
brook-8b,NimbusServe,2571,189,0,stop,4826,0.130971
brook-8b,Coreline,2361,362,0,stop,2620,0.123536
brook-8b,Fastori,2446,278,0,stop,1919,0.140225
brook-8b,NimbusServe,1941,274,4,stop,6967,0.118061
brook-8b,Steadfast,1571,273,0,stop,3617,0.084843
brook-8b,Steadfast,2090,387,0,stop,4307,0.128765
brook-8b,Fastori,2093,324,0,stop,1633,0.112988
brook-8b,Coreline,1860,388,5,stop,2324,0.112680
brook-8b,Fastori,1369,311,0,stop,1302,0.088666
brook-8b,Steadfast,2218,310,1,stop,3582,0.138398
brook-8b,NimbusServe,1892,324,0,stop,5310,0.109826
brook-8b,Fastori,2127,335,0,stop,1262,0.128140
brook-8b,NimbusServe,2672,322,3,stop,6879,0.149294
brook-8b,Steadfast,2669,376,0,stop,2999,0.139626
brook-8b,Coreline,3338,307,0,stop,2883,0.176869
brook-8b,Fastori,2476,341,0,stop,1324,0.154481
brook-8b,Steadfast,2145,272,4,stop,4122,0.109619
brook-8b,Fastori,2914,210,0,stop,1220,0.165895
brook-8b,Fastori,1645,265,0,stop,1247,0.098057
brook-8b,NimbusServe,1302,352,3,stop,5440,0.089330
brook-8b,Steadfast,2078,285,1,stop,3638,0.124228
brook-8b,Steadfast,2785,314,1,stop,3464,0.167362
brook-8b,Steadfast,2142,289,0,stop,3408,0.129910
brook-8b,Steadfast,2581,339,2,stop,3192,0.154998
brook-8b,Fastori,2971,230,1,stop,1349,0.161214
brook-8b,NimbusServe,2248,334,6,stop,5945,0.131266
brook-8b,Steadfast,2753,325,3,stop,3752,0.166068
brook-8b,Coreline,2351,316,2,stop,2631,0.137566
brook-8b,NimbusServe,1733,339,0,stop,6053,0.098189
brook-8b,Coreline,2205,315,5,stop,2240,0.115771
brook-8b,Coreline,1948,318,0,stop,2777,0.118435
brook-8b,Steadfast,2359,358,0,stop,4541,0.137378
brook-8b,Coreline,2508,186,0,stop,2701,0.133089
brook-8b,Steadfast,2751,420,0,stop,4330,0.166815
brook-8b,Fastori,1562,247,0,stop,1392,0.093812
brook-8b,Coreline,2344,411,0,stop,2471,0.130009
brook-8b,NimbusServe,1885,257,0,stop,113322,0.114328
brook-8b,Steadfast,2436,390,0,stop,3402,0.135019
brook-8b,Steadfast,2551,449,5,stop,3550,0.158180
brook-8b,Steadfast,2371,401,6,stop,3071,0.152202
brook-8b,Steadfast,2055,392,8,stop,4626,0.119705
brook-8b,NimbusServe,2494,302,0,stop,5302,0.130336
brook-8b,Steadfast,1782,369,1,stop,3788,0.103329
brook-8b,Fastori,2348,422,1,stop,1503,0.151954
brook-8b,Fastori,2846,416,11,stop,1396,0.152878
brook-8b,Fastori,2945,433,0,stop,1273,0.157806
brook-8b,Coreline,1867,337,6,stop,2294,0.105353
brook-8b,Steadfast,2858,255,3,stop,2924,0.150406
brook-8b,NimbusServe,2857,264,5,stop,6000,0.159518
brook-8b,NimbusServe,1611,312,3,stop,7029,0.092328
brook-8b,NimbusServe,2512,244,0,stop,5977,0.142496
brook-8b,Fastori,2618,430,0,stop,1239,0.161046
brook-8b,Steadfast,2334,382,0,stop,3282,0.146403
brook-8b,Fastori,2431,389,0,stop,1460,0.153671
brook-8b,Steadfast,3315,286,0,stop,3469,0.189858
brook-8b,Coreline,2506,304,1,stop,2610,0.149324
brook-8b,Steadfast,2319,327,1,stop,4350,0.144041
brook-8b,Coreline,3065,371,0,stop,2392,0.186340
brook-8b,NimbusServe,2355,291,1,stop,5633,0.139879
brook-8b,Steadfast,2934,308,0,stop,4782,0.171510
brook-8b,Coreline,2725,329,0,stop,2787,0.163148
brook-8b,Fastori,1931,328,0,stop,1827,0.123024
brook-8b,Fastori,2888,226,0,stop,1190,0.142299
brook-8b,NimbusServe,2774,381,0,stop,5203,0.164972
brook-8b,Fastori,1581,280,1,stop,1231,0.094755
brook-8b,Steadfast,1906,372,2,stop,4119,0.121991
brook-8b,Fastori,2883,293,0,stop,1702,0.153162
brook-8b,Fastori,2031,358,0,stop,1322,0.109878
brook-8b,Coreline,1698,334,0,stop,2597,0.102667
brook-8b,Steadfast,2747,280,2,stop,3370,0.136745
brook-8b,NimbusServe,1960,279,0,stop,84021,0.120243
brook-8b,Steadfast,2821,384,0,stop,5014,0.160502
brook-8b,NimbusServe,1415,200,0,stop,6076,0.079710
brook-8b,Steadfast,2295,256,3,stop,3667,0.125230
brook-8b,Steadfast,1872,346,0,stop,4685,0.120739
brook-8b,NimbusServe,2421,337,0,stop,6947,0.128775
brook-8b,Fastori,2275,345,0,stop,1366,0.143436
brook-8b,NimbusServe,2999,480,0,stop,90911,0.177624
brook-8b,Steadfast,2144,235,3,stop,4617,0.111636
brook-8b,Coreline,1998,348,6,stop,2792,0.110725
brook-8b,NimbusServe,2627,260,0,stop,5869,0.156722
brook-8b,Coreline,2323,428,0,stop,3018,0.146537
brook-8b,Fastori,2306,337,0,stop,1336,0.129103
brook-8b,Fastori,2574,246,0,stop,1454,0.145818
brook-8b,Coreline,3364,240,2,stop,2335,0.197546
brook-8b,Fastori,1484,399,3,stop,1469,0.097433
brook-8b,Fastori,2802,236,0,stop,1507,0.139772
brook-8b,Coreline,2160,305,0,stop,2563,0.114375
brook-8b,Steadfast,1967,275,0,stop,3847,0.117551
brook-8b,Fastori,2540,201,5,stop,1338,0.149610
brook-8b,Fastori,3353,372,3,stop,1298,0.167985
brook-8b,Fastori,1975,394,2,stop,1158,0.123856
brook-8b,Steadfast,3152,305,0,stop,4935,0.178136
brook-8b,Steadfast,2872,294,2,stop,4529,0.149031
brook-8b,Steadfast,2680,363,0,stop,4280,0.161341
brook-8b,NimbusServe,3488,329,3,stop,6578,0.182447
brook-8b,NimbusServe,1810,372,0,stop,5079,0.115363
brook-8b,Steadfast,2679,317,0,stop,4315,0.153918
brook-8b,Coreline,2848,285,0,stop,2447,0.146890
brook-8b,Fastori,2578,415,3,stop,1455,0.145461
brook-8b,Fastori,2211,396,0,stop,1187,0.118213
brook-8b,Fastori,2159,233,0,stop,6544,0.129628
brook-8b,Steadfast,2227,345,6,stop,4186,0.141396
brook-8b,Coreline,2226,298,2,stop,2253,0.137593
brook-8b,NimbusServe,1908,384,4,stop,6535,0.124862
brook-8b,Coreline,3263,309,5,stop,2641,0.170617
brook-8b,Fastori,2138,332,0,stop,1396,0.116990
brook-8b,Steadfast,2221,302,0,stop,3562,0.131634
brook-8b,NimbusServe,2694,419,3,stop,4875,0.152962
brook-8b,Fastori,1751,404,0,stop,1520,0.103008
brook-8b,Coreline,2186,252,4,stop,2777,0.125213
brook-8b,Steadfast,2888,249,1,stop,3658,0.155732
brook-8b,Fastori,2983,400,0,stop,1238,0.166817
brook-8b,NimbusServe,2814,380,0,stop,4925,0.169556
brook-8b,Fastori,2852,293,8,stop,1557,0.155975
brook-8b,Fastori,1959,337,8,stop,1869,0.108789
brook-8b,Fastori,2072,308,0,stop,1450,0.126669
brook-8b,Steadfast,3340,321,0,stop,4006,0.167644
brook-8b,Steadfast,1730,276,0,stop,20428,0.095760
brook-8b,Fastori,2640,337,1,stop,1486,0.149233
brook-8b,NimbusServe,1778,316,0,stop,5657,0.100590
brook-8b,Coreline,3522,264,3,stop,2170,0.170852
brook-8b,Steadfast,1523,252,0,stop,3619,0.083635
brook-8b,NimbusServe,1738,318,0,stop,91618,0.100581
brook-8b,Coreline,2752,356,0,stop,2698,0.154532
brook-8b,NimbusServe,2685,343,8,stop,4287,0.144113
brook-8b,NimbusServe,1966,399,0,stop,7147,0.116131
brook-8b,NimbusServe,2831,360,0,stop,106106,0.161189
brook-8b,Coreline,1613,239,5,stop,2876,0.092012
brook-8b,NimbusServe,2151,261,0,stop,5126,0.128786
brook-8b,Fastori,2082,300,0,stop,1646,0.118262
brook-8b,NimbusServe,1675,367,2,stop,102810,0.103583
brook-8b,Steadfast,2118,261,3,stop,3875,0.123270
brook-8b,Fastori,2737,272,0,stop,1350,0.137701
brook-8b,Coreline,2753,263,0,stop,2084,0.161328
brook-8b,Steadfast,2692,294,1,stop,3461,0.153233
brook-8b,Steadfast,3030,278,5,stop,4361,0.176982
brook-8b,NimbusServe,1913,378,0,stop,86490,0.118419
brook-8b,Coreline,2857,322,0,stop,2489,0.160135
brook-8b,Fastori,2119,197,2,stop,1457,0.113124
brook-8b,Steadfast,1341,227,6,stop,4698,0.076013
brook-8b,Steadfast,1740,275,0,stop,4097,0.105423
brook-8b,Fastori,3148,317,0,length,1341,0.161787
brook-8b,Steadfast,2425,252,0,stop,4592,0.127578
brook-8b,Coreline,2636,328,0,stop,3113,0.148623
brook-8b,NimbusServe,2896,419,3,stop,6267,0.150721
brook-8b,Fastori,2634,384,0,stop,1352,0.139526
brook-8b,Fastori,3081,429,0,stop,1393,0.168538
brook-8b,Fastori,2005,413,0,stop,1554,0.122730
brook-8b,Steadfast,1864,239,2,stop,3665,0.101175
brook-8b,NimbusServe,2114,397,0,stop,85123,0.121087
brook-8b,Coreline,1404,331,0,stop,2535,0.082304
brook-8b,Coreline,2472,353,3,stop,2542,0.132498
brook-8b,NimbusServe,2316,225,0,stop,6186,0.130834
brook-8b,Fastori,3333,329,0,stop,1181,0.176933
brook-8b,NimbusServe,1547,187,0,stop,6036,0.087698
brook-8b,Coreline,2035,193,1,stop,2537,0.119131
brook-8b,Steadfast,2332,304,3,stop,3883,0.123969
brook-8b,Fastori,2906,429,0,stop,1566,0.175604
brook-8b,NimbusServe,1591,297,0,stop,6460,0.102392
brook-8b,Steadfast,2050,335,6,stop,3392,0.112904
brook-8b,NimbusServe,1960,320,5,stop,5386,0.105110
brook-8b,Steadfast,1475,410,0,stop,2830,0.088253
brook-8b,Steadfast,2394,300,0,stop,3244,0.136913
brook-8b,Coreline,3499,398,7,stop,3027,0.199922
brook-8b,Coreline,2045,241,0,stop,2116,0.104630
brook-8b,NimbusServe,2276,293,6,stop,6145,0.137031
brook-8b,Steadfast,3071,355,4,stop,4725,0.166221
brook-8b,Coreline,1762,244,1,stop,2130,0.094838
brook-8b,Steadfast,2036,396,0,stop,4170,0.123028
brook-8b,Coreline,1463,209,0,stop,2560,0.086254
brook-8b,Coreline,1765,317,4,stop,2441,0.098266
brook-8b,NimbusServe,2309,396,3,stop,5820,0.122408
brook-8b,Fastori,2924,209,2,stop,1472,0.164853
brook-8b,Steadfast,3055,273,7,stop,3595,0.169227
brook-8b,NimbusServe,2643,351,1,stop,95221,0.157636
brook-8b,Coreline,1853,416,2,stop,10085,0.120728
brook-8b,NimbusServe,2609,382,0,stop,7989,0.160019
brook-8b,NimbusServe,2665,278,0,stop,4925,0.145439
brook-8b,Coreline,2125,174,1,stop,2349,0.125573
brook-8b,Coreline,1447,311,2,stop,3025,0.095854
brook-8b,Coreline,1762,355,0,stop,2705,0.104060
brook-8b,Steadfast,2513,223,0,stop,3113,0.138106
brook-8b,Steadfast,2722,302,2,stop,4654,0.154468
brook-8b,Steadfast,2384,317,0,stop,3775,0.122518
brook-8b,Steadfast,1791,357,2,stop,2749,0.113742
brook-8b,NimbusServe,2870,277,0,stop,69346,0.149122
brook-8b,Steadfast,2892,262,3,stop,3711,0.145724
brook-8b,Steadfast,2233,365,3,stop,4344,0.133934
brook-8b,Steadfast,1838,330,5,stop,4551,0.103756
brook-8b,Steadfast,2494,240,4,stop,4412,0.135440
brook-8b,NimbusServe,3434,291,2,stop,6038,0.201836
brook-8b,Coreline,2178,279,0,stop,2475,0.111605
brook-8b,Steadfast,1633,376,0,stop,4061,0.096500
brook-8b,Coreline,2701,282,0,stop,2648,0.139188
brook-8b,Steadfast,1679,228,0,stop,4269,0.091447
brook-8b,Fastori,3425,251,5,stop,1365,0.167272
brook-8b,NimbusServe,1730,426,0,stop,81932,0.116490
brook-8b,NimbusServe,2251,352,6,stop,66934,0.142520
brook-8b,NimbusServe,2353,386,0,stop,7762,0.148008
brook-8b,Fastori,1851,236,0,stop,1459,0.105798
brook-8b,NimbusServe,1026,355,0,stop,62255,0.075309
brook-8b,Steadfast,2327,295,1,stop,5582,0.119627
brook-8b,Steadfast,2842,340,0,stop,4526,0.155827
brook-8b,Steadfast,2183,329,0,stop,3607,0.131846
brook-8b,Coreline,2265,294,0,stop,2541,0.139824
brook-8b,Fastori,1745,297,0,stop,1445,0.100512
brook-8b,Steadfast,3277,416,2,stop,4426,0.182121
brook-8b,Fastori,2684,227,1,stop,1439,0.150095
brook-8b,Steadfast,2965,353,0,stop,4796,0.180010
brook-8b,Fastori,1821,392,2,stop,1102,0.111329
brook-8b,Fastori,2707,364,6,stop,1338,0.163221
brook-8b,Coreline,2909,322,0,stop,2616,0.154524
brook-8b,Fastori,2759,326,0,stop,1308,0.140155
brook-8b,Coreline,1717,285,3,stop,2190,0.097103
brook-8b,Coreline,1493,287,4,stop,2545,0.081181
brook-8b,NimbusServe,2467,252,1,stop,6491,0.143858
brook-8b,NimbusServe,2277,269,0,stop,6432,0.139521
brook-8b,Steadfast,3016,267,0,stop,4045,0.180491
brook-8b,NimbusServe,2499,296,4,stop,5864,0.149712
brook-8b,NimbusServe,3160,354,3,stop,4832,0.186938
brook-8b,NimbusServe,3178,286,1,stop,5215,0.181069
brook-8b,Fastori,1505,401,4,stop,843,0.099602
brook-8b,Fastori,2568,273,5,stop,1163,0.138154
brook-8b,Fastori,3045,256,5,stop,1217,0.156742
brook-8b,Fastori,2377,238,3,stop,1387,0.136681
brook-8b,Fastori,1494,275,0,stop,1188,0.082256
brook-8b,Fastori,2103,270,2,stop,1448,0.107988
brook-8b,Steadfast,1892,232,0,stop,4907,0.111530
brook-8b,NimbusServe,2685,394,0,stop,6979,0.163251
brook-8b,Coreline,2503,291,2,stop,2531,0.138690
brook-8b,NimbusServe,2630,328,1,stop,74925,0.159299
brook-8b,NimbusServe,3272,323,0,stop,6313,0.167588
brook-8b,Steadfast,1525,397,6,stop,3750,0.095919
brook-8b,Coreline,1634,252,0,stop,2200,0.094923
brook-8b,Steadfast,2235,406,0,stop,4456,0.132924
brook-8b,Steadfast,1724,402,0,stop,3358,0.099468
brook-8b,NimbusServe,2285,307,0,stop,7250,0.126963
brook-8b,Fastori,1573,282,0,stop,1394,0.098990
brook-8b,Fastori,1770,329,0,stop,1452,0.107364
brook-8b,Coreline,1931,323,3,stop,2795,0.103106
brook-8b,Steadfast,3153,150,0,stop,4217,0.171126
brook-8b,Fastori,1831,329,2,stop,1073,0.104686
brook-8b,Steadfast,2969,362,1,stop,4252,0.160570
brook-8b,NimbusServe,2923,228,0,stop,50764,0.163666
brook-8b,Fastori,1085,287,0,stop,1651,0.067273
brook-8b,NimbusServe,2608,290,0,stop,6614,0.137731
brook-8b,Coreline,3369,291,1,stop,2166,0.165114
brook-8b,Steadfast,2344,334,3,stop,4241,0.141186
brook-8b,Steadfast,2031,344,0,stop,3845,0.120028
brook-8b,Fastori,2424,163,0,stop,1154,0.127829
brook-8b,Coreline,2337,296,0,stop,2319,0.124496
brook-8b,Steadfast,2775,286,3,stop,4408,0.140967
brook-8b,NimbusServe,2726,262,2,stop,5676,0.138129
brook-8b,NimbusServe,2146,334,0,stop,6256,0.125933
brook-8b,Steadfast,2454,290,4,stop,4779,0.148802
brook-8b,Fastori,3375,335,6,stop,1341,0.189779
brook-8b,NimbusServe,2328,424,8,stop,5790,0.137602
brook-8b,Steadfast,3007,450,0,stop,2515,0.175554
brook-8b,NimbusServe,1468,252,0,stop,4726,0.078543
brook-8b,Coreline,2031,324,4,stop,2002,0.125864
brook-8b,Coreline,2801,340,4,stop,2317,0.168083
brook-8b,Coreline,3076,335,0,stop,2072,0.185120
brook-8b,Fastori,2210,253,1,stop,1764,0.134700
brook-8b,NimbusServe,2923,391,0,stop,5974,0.162304
brook-8b,Steadfast,2352,313,2,stop,4007,0.138854
brook-8b,NimbusServe,3182,355,4,stop,6509,0.171536
brook-8b,NimbusServe,2457,267,0,stop,5428,0.135525
brook-8b,Coreline,1726,298,0,stop,2913,0.098158
brook-8b,Coreline,2415,222,0,stop,2565,0.134277
brook-8b,Steadfast,2326,296,0,stop,4577,0.119867
brook-8b,NimbusServe,2039,441,2,stop,5171,0.121505
brook-8b,NimbusServe,2611,258,1,stop,48727,0.135881
brook-8b,Steadfast,2028,309,4,stop,3834,0.126686
brook-8b,NimbusServe,1934,341,0,stop,7158,0.120517
brook-8b,Fastori,2875,465,2,stop,1205,0.166801
brook-8b,Coreline,3387,337,7,stop,2479,0.197960
brook-8b,Steadfast,2581,294,2,stop,3903,0.156670
brook-8b,NimbusServe,2410,420,0,stop,6302,0.148992
brook-8b,Steadfast,3186,295,0,stop,4102,0.173163
brook-8b,NimbusServe,1083,305,0,stop,5696,0.071387
brook-8b,NimbusServe,2729,293,0,stop,6043,0.136659
brook-8b,Coreline,1935,438,4,stop,2418,0.122332
brook-8b,NimbusServe,1909,350,4,stop,5430,0.112417
brook-8b,Fastori,1874,369,1,stop,1312,0.110524
brook-8b,Coreline,3184,383,2,stop,2873,0.185344
brook-8b,NimbusServe,2494,481,0,stop,6754,0.147996
brook-8b,NimbusServe,2239,418,0,stop,6729,0.134869
brook-8b,Coreline,2446,211,0,stop,2508,0.119634
brook-8b,NimbusServe,1654,444,0,stop,4871,0.100511
brook-8b,Fastori,2036,402,2,stop,1688,0.123569
brook-8b,Coreline,2641,209,2,stop,2746,0.133439
brook-8b,Fastori,2074,301,0,stop,1435,0.108150
brook-8b,Fastori,1670,342,5,stop,1394,0.099542
brook-8b,Coreline,1971,352,0,stop,2061,0.123244
brook-8b,NimbusServe,2321,287,0,stop,4348,0.124321
brook-8b,Coreline,2230,269,0,stop,1948,0.114264
brook-8b,Fastori,1570,350,0,stop,1512,0.089659
brook-8b,Coreline,1659,273,1,stop,2193,0.101483
brook-8b,Steadfast,2226,248,5,stop,4989,0.127572
brook-8b,Fastori,3038,331,0,stop,1392,0.182833
brook-8b,Steadfast,1584,200,0,stop,4370,0.084622
brook-8b,Fastori,2043,349,0,stop,1660,0.124428
brook-8b,NimbusServe,3395,423,0,stop,5674,0.173624
brook-8b,Steadfast,1690,269,2,stop,3157,0.092604
brook-8b,Coreline,2303,200,0,stop,3044,0.121972
brook-8b,Fastori,3600,272,8,stop,1377,0.210179
brook-8b,Steadfast,2613,331,0,stop,4043,0.134453
brook-8b,Steadfast,2080,303,0,stop,3754,0.127577
brook-8b,Coreline,3090,319,0,stop,2763,0.159763
brook-8b,NimbusServe,2305,290,0,stop,5810,0.131379
brook-8b,NimbusServe,1122,283,0,stop,5703,0.072764
brook-8b,Coreline,2215,260,3,stop,13869,0.120415
brook-8b,Coreline,2359,313,0,stop,2308,0.124609
brook-8b,NimbusServe,2727,327,0,stop,4912,0.151608
brook-8b,Coreline,1889,268,0,stop,2440,0.098211
brook-8b,Steadfast,2709,351,0,stop,20692,0.144907
brook-8b,Fastori,2806,350,5,stop,1281,0.154966
brook-8b,Steadfast,2582,250,0,stop,4462,0.153477
brook-8b,Fastori,1904,311,3,stop,1620,0.121002
brook-8b,NimbusServe,1491,426,7,stop,99382,0.095607
brook-8b,Fastori,2099,325,4,stop,1330,0.117455
brook-8b,Fastori,2036,386,0,stop,1481,0.121891
brook-8b,Coreline,3006,387,0,stop,2921,0.161529
brook-8b,NimbusServe,2439,253,0,stop,113288,0.131672
brook-8b,NimbusServe,2233,321,0,stop,6073,0.140325
brook-8b,Fastori,2569,269,0,stop,1253,0.153522
brook-8b,Coreline,1922,358,3,stop,2706,0.110820
brook-8b,Steadfast,2749,280,2,stop,3621,0.164562
brook-8b,NimbusServe,2596,210,0,stop,5884,0.128043
brook-8b,Coreline,2316,319,3,stop,2312,0.136477
brook-8b,NimbusServe,1910,343,2,stop,5053,0.119421
brook-8b,Coreline,2142,373,2,stop,2694,0.135313
brook-8b,Steadfast,1569,256,3,stop,5099,0.083516
brook-8b,Steadfast,2353,282,1,stop,4355,0.134770
brook-8b,Coreline,2430,300,0,stop,2860,0.129643
brook-8b,Steadfast,2481,264,0,stop,3743,0.124948
brook-8b,NimbusServe,1129,332,0,stop,5543,0.073099
brook-8b,NimbusServe,2413,254,4,stop,110542,0.138428
brook-8b,NimbusServe,2339,347,0,stop,5845,0.124469
brook-8b,NimbusServe,2465,226,2,stop,7635,0.130896
brook-8b,Steadfast,2587,328,2,stop,4218,0.146089
brook-8b,NimbusServe,2520,423,0,stop,6656,0.161275
brook-8b,NimbusServe,1458,279,0,stop,5828,0.088232
brook-8b,Coreline,1914,397,0,stop,2523,0.114848
brook-8b,NimbusServe,2774,369,0,stop,5860,0.143035
brook-8b,Fastori,2676,243,4,stop,1187,0.146143
brook-8b,Coreline,2138,347,0,stop,2128,0.122817
brook-8b,Coreline,1699,261,0,stop,2222,0.100054
brook-8b,Coreline,2623,245,0,stop,3041,0.152974
brook-8b,Fastori,2793,185,3,stop,1704,0.154496
brook-8b,Fastori,1738,287,10,stop,1683,0.101072
brook-8b,NimbusServe,2705,355,0,stop,7880,0.161350
brook-8b,NimbusServe,2148,326,5,stop,4901,0.112379
brook-8b,Coreline,1884,326,0,stop,2580,0.105705
brook-8b,NimbusServe,2231,424,0,stop,7422,0.129860
brook-8b,Coreline,2124,318,1,stop,2758,0.110581
brook-8b,Steadfast,1732,348,8,stop,3525,0.101387
brook-8b,Coreline,3081,273,5,stop,2684,0.159261
brook-8b,NimbusServe,2549,443,0,stop,91141,0.141511
brook-8b,Coreline,3402,401,0,stop,2111,0.172094
brook-8b,NimbusServe,1776,268,0,stop,6007,0.098750
brook-8b,Coreline,2377,276,4,stop,2437,0.130526
brook-8b,Fastori,2303,240,0,stop,1771,0.138260
brook-8b,Coreline,3019,339,0,stop,2446,0.171938
brook-8b,NimbusServe,2879,239,6,stop,5607,0.152318
brook-8b,Coreline,2772,315,0,stop,2688,0.149726
brook-8b,Coreline,1543,322,0,stop,2093,0.098006
brook-8b,Steadfast,2784,354,0,stop,3750,0.146151
brook-8b,Coreline,2909,320,1,stop,2191,0.162943
brook-8b,Coreline,2765,263,3,stop,2686,0.139490
brook-8b,Coreline,2843,389,1,stop,2538,0.153174
brook-8b,NimbusServe,2665,292,0,stop,94841,0.149089
brook-8b,Fastori,3392,333,0,stop,1263,0.194833
brook-8b,Steadfast,2712,362,0,stop,4070,0.152561
brook-8b,Steadfast,2299,362,0,stop,3452,0.126117
brook-8b,Fastori,3045,272,6,stop,1522,0.175548
brook-8b,Fastori,2460,319,0,stop,1553,0.125865
brook-8b,Coreline,1615,278,0,stop,2424,0.087005
brook-8b,Coreline,2592,394,1,stop,2549,0.140991
brook-8b,Steadfast,2550,393,0,stop,4143,0.150442
brook-8b,NimbusServe,3535,367,0,stop,5356,0.212998
brook-8b,Steadfast,2890,376,3,stop,3872,0.172086
brook-8b,Steadfast,2828,289,0,stop,3208,0.155736
brook-8b,Steadfast,2794,254,1,stop,3699,0.156225
brook-8b,Fastori,1825,447,6,stop,1388,0.109859
brook-8b,NimbusServe,1956,299,0,stop,7723,0.123800
brook-8b,Fastori,2843,322,0,stop,1395,0.154277
brook-8b,Fastori,2828,276,0,stop,1124,0.159003
brook-8b,NimbusServe,2678,285,0,stop,4528,0.156414
brook-8b,Coreline,2705,308,1,stop,3013,0.160257
brook-8b,Coreline,2970,328,3,stop,2939,0.176568
brook-8b,Coreline,1660,323,3,stop,2798,0.105978
brook-8b,NimbusServe,2471,383,4,stop,5365,0.151675
brook-8b,NimbusServe,1980,374,0,stop,4637,0.112878
brook-8b,Steadfast,2046,323,0,stop,3702,0.106643
brook-8b,Steadfast,2496,316,0,stop,3789,0.129916
brook-8b,Steadfast,2138,283,5,stop,4017,0.129123
brook-8b,Fastori,2751,208,0,stop,1388,0.135859
brook-8b,Steadfast,2409,370,2,stop,4606,0.134875
brook-8b,Steadfast,2721,354,0,stop,4135,0.146840
brook-8b,Steadfast,3105,265,0,stop,3621,0.157326
brook-8b,Steadfast,2632,287,0,stop,4411,0.159433
brook-8b,Fastori,1780,347,7,stop,1671,0.098544
brook-8b,Fastori,2792,276,0,stop,1241,0.151941
brook-8b,Fastori,1418,341,1,stop,1227,0.079833
brook-8b,Fastori,2543,393,4,stop,1455,0.148389
brook-8b,Fastori,1822,245,3,stop,1386,0.094780
brook-8b,Coreline,3380,306,0,stop,2312,0.196819
brook-8b,Steadfast,2758,267,0,stop,3097,0.148011
brook-8b,NimbusServe,2286,370,3,stop,5968,0.125479
brook-8b,NimbusServe,2147,422,1,stop,5653,0.137673
brook-8b,Steadfast,2614,383,0,stop,3479,0.142409
brook-8b,Fastori,2300,334,1,stop,1487,0.136899
brook-8b,Fastori,2166,302,0,stop,1666,0.123279
brook-8b,Steadfast,2863,267,2,stop,4228,0.153757
brook-8b,NimbusServe,2412,214,2,stop,5061,0.136187
brook-8b,Steadfast,1763,412,3,stop,4777,0.109219
brook-8b,Fastori,2838,313,0,stop,1294,0.163128
brook-8b,NimbusServe,3138,253,0,stop,6924,0.169859
brook-8b,Fastori,3086,272,0,stop,1792,0.161506
brook-8b,Steadfast,1903,296,0,stop,4176,0.104139
brook-8b,NimbusServe,1901,409,1,length,53188,0.120514
brook-8b,Fastori,3294,408,0,stop,1442,0.181225
brook-8b,NimbusServe,1589,422,2,stop,6015,0.107336
brook-8b,Coreline,2223,436,0,stop,3011,0.137088
brook-8b,Steadfast,1452,288,0,stop,3898,0.089060
brook-8b,Steadfast,1959,333,6,stop,4043,0.112387
brook-8b,Fastori,2771,370,0,stop,1670,0.170019
brook-8b,Fastori,3419,351,10,stop,1708,0.184664
brook-8b,Fastori,1478,318,7,stop,1023,0.089355
brook-8b,Fastori,2384,264,2,stop,1912,0.145232
brook-8b,Fastori,2616,316,0,stop,1262,0.132354
brook-8b,Steadfast,1743,425,0,stop,4243,0.102293
brook-8b,Fastori,2164,316,0,stop,1503,0.120502
brook-8b,Fastori,2661,303,0,stop,1441,0.136896
brook-8b,NimbusServe,2877,304,0,stop,5197,0.169544
brook-8b,Fastori,2468,364,0,stop,1432,0.132085
brook-8b,Coreline,2156,326,0,stop,11869,0.124857
brook-8b,Fastori,1918,436,2,stop,1504,0.120176
brook-8b,Fastori,2874,246,0,stop,1707,0.157221
brook-8b,Steadfast,2273,273,0,stop,3488,0.121294
brook-8b,NimbusServe,3176,364,1,stop,5504,0.177879
brook-8b,Coreline,1979,262,3,stop,2079,0.114884
brook-8b,Fastori,1880,239,0,stop,1182,0.101416
brook-8b,Steadfast,2166,457,0,stop,3815,0.128598
brook-8b,Fastori,2226,232,6,stop,1223,0.131108
brook-8b,Steadfast,2820,226,0,stop,4711,0.163152
brook-8b,Coreline,2444,280,7,stop,2316,0.145514
brook-8b,Fastori,2279,213,0,stop,1352,0.114675
brook-8b,NimbusServe,2078,345,4,stop,5450,0.120925
brook-8b,Fastori,1088,365,4,stop,1083,0.069296
brook-8b,Fastori,1518,322,3,stop,1181,0.083919
brook-8b,Fastori,2220,377,0,stop,1461,0.121096
brook-8b,Steadfast,2447,230,2,stop,4442,0.123687
brook-8b,NimbusServe,1738,406,5,stop,5656,0.109491
brook-8b,Steadfast,1907,474,2,stop,3202,0.121777
brook-8b,Fastori,2649,277,1,stop,1379,0.144030
brook-8b,Coreline,2537,303,0,stop,3393,0.146402
brook-8b,Steadfast,2325,230,0,stop,4280,0.137285
brook-8b,Fastori,2831,366,0,stop,1622,0.173919
brook-8b,Steadfast,2255,325,0,stop,3655,0.129701
brook-8b,NimbusServe,2312,318,3,stop,5796,0.124954
brook-8b,Steadfast,2436,420,4,stop,4153,0.130007
brook-8b,Steadfast,2248,304,0,stop,4962,0.127229
brook-8b,NimbusServe,2865,388,8,stop,5906,0.147658
brook-8b,Coreline,2502,273,0,stop,2841,0.139291
brook-8b,Fastori,2562,354,4,stop,1162,0.141480
brook-8b,Coreline,2892,270,0,stop,2251,0.143719
brook-8b,Fastori,2997,301,4,stop,1688,0.156690
brook-8b,NimbusServe,1910,368,3,stop,5500,0.113585
brook-8b,Fastori,2309,379,0,stop,1711,0.132576
brook-8b,Fastori,2132,294,0,stop,1294,0.116789
brook-8b,Coreline,1559,275,1,stop,2935,0.090715
brook-8b,NimbusServe,2785,212,2,stop,6517,0.162215
brook-8b,Coreline,2256,278,0,stop,2697,0.130189
brook-8b,Fastori,2488,226,0,stop,1220,0.138467
brook-8b,Fastori,3188,453,0,stop,1597,0.179497
brook-8b,Steadfast,2150,356,0,stop,4337,0.122656
brook-8b,NimbusServe,3154,306,0,stop,6400,0.185515
brook-8b,Fastori,2950,323,0,stop,1275,0.177312
brook-8b,Fastori,1797,299,0,stop,1525,0.101066
brook-8b,Fastori,2857,327,0,stop,1229,0.145549
brook-8b,Steadfast,1932,274,1,stop,3682,0.106517
brook-8b,Coreline,2346,359,0,stop,1877,0.132937
brook-8b,Steadfast,2369,283,5,stop,4092,0.144045
brook-8b,Coreline,1394,211,0,stop,2480,0.073972
brook-8b,Coreline,1825,307,3,stop,3097,0.103924
brook-8b,Fastori,2260,397,0,stop,1086,0.124984
brook-8b,Steadfast,2388,325,3,stop,4306,0.148828
brook-8b,Fastori,1687,285,0,stop,1324,0.107890
brook-8b,NimbusServe,3030,310,0,stop,105740,0.154799
brook-8b,Steadfast,3171,343,8,stop,4445,0.178308
brook-8b,Coreline,1595,449,0,stop,3390,0.111865
brook-8b,Steadfast,2443,311,0,stop,22667,0.151356
brook-8b,NimbusServe,2850,309,2,stop,104900,0.161676
brook-8b,Steadfast,2316,401,0,stop,3999,0.136974
brook-8b,NimbusServe,2512,377,0,stop,6807,0.132765
brook-8b,NimbusServe,3373,236,0,stop,6289,0.170873
brook-8b,Steadfast,1968,372,3,stop,4943,0.118272
brook-8b,Steadfast,2152,373,0,stop,4656,0.129854
brook-8b,Coreline,1840,281,1,stop,2079,0.111873
brook-8b,Coreline,2514,329,0,stop,2730,0.146308
brook-8b,Fastori,2214,211,1,stop,1689,0.111304
brook-8b,Fastori,2444,300,0,stop,1548,0.123509
brook-8b,Steadfast,2959,305,0,stop,4337,0.168775
brook-8b,NimbusServe,3503,204,0,stop,6692,0.184821
brook-8b,Steadfast,2052,459,9,stop,3028,0.114328
brook-8b,Fastori,2410,254,6,stop,1192,0.135622
brook-8b,Fastori,2680,300,3,stop,1499,0.162665
brook-8b,Steadfast,2324,253,0,stop,4245,0.139442
brook-8b,Fastori,3056,364,0,stop,1137,0.160930
brook-8b,NimbusServe,2597,377,2,stop,58648,0.147330
brook-8b,Coreline,3060,334,4,stop,2062,0.169668
brook-8b,Coreline,3137,296,0,stop,2322,0.182866
brook-8b,Fastori,2351,446,2,stop,1315,0.146934
brook-8b,NimbusServe,2233,343,0,stop,5106,0.137927
brook-8b,Coreline,3202,345,0,stop,2647,0.176148
brook-8b,Steadfast,1987,287,0,stop,4116,0.104312
brook-8b,NimbusServe,2806,332,5,stop,6650,0.170165
brook-8b,NimbusServe,2351,301,2,stop,5084,0.130751
brook-8b,Coreline,2336,297,4,stop,2705,0.128638
brook-8b,NimbusServe,3312,347,0,stop,6762,0.187959
brook-8b,NimbusServe,2894,235,3,stop,7014,0.162316
brook-8b,Fastori,1660,391,0,stop,1253,0.095890
brook-8b,NimbusServe,1829,350,0,stop,82953,0.117388
brook-8b,Coreline,1209,399,4,stop,2181,0.076924
brook-8b,NimbusServe,2571,351,0,stop,86880,0.157240
brook-8b,Steadfast,2560,305,0,stop,3693,0.136220
brook-8b,Fastori,1672,245,0,stop,1433,0.086417
brook-8b,Steadfast,957,373,4,stop,4867,0.061741
brook-8b,Steadfast,2449,291,0,stop,3251,0.126751
brook-8b,Steadfast,2392,225,0,stop,4832,0.130775
brook-8b,Coreline,2171,306,0,stop,12259,0.121275
brook-8b,Fastori,1777,423,8,stop,1590,0.118280
brook-8b,Coreline,2913,396,0,stop,2247,0.167663
brook-8b,Coreline,2094,265,0,stop,2671,0.106886
brook-8b,NimbusServe,1071,295,0,stop,5266,0.070841
brook-8b,NimbusServe,2512,403,0,stop,6440,0.150400
brook-8b,NimbusServe,2346,260,2,stop,6663,0.136664
brook-8b,Steadfast,2226,261,4,stop,3264,0.127000
brook-8b,NimbusServe,2426,370,2,stop,4598,0.132896
brook-8b,Fastori,1946,228,0,stop,1399,0.101673
brook-8b,Steadfast,2482,311,5,stop,2564,0.132679
brook-8b,Steadfast,1937,284,0,stop,3002,0.115981
brook-8b,Fastori,1720,322,1,stop,1515,0.110269
brook-8b,Steadfast,2038,207,0,stop,3930,0.108811
brook-8b,Coreline,2590,360,6,stop,2498,0.136748
brook-8b,NimbusServe,2798,363,3,stop,4883,0.151036
brook-8b,Steadfast,2777,352,0,stop,3071,0.162672
brook-8b,Steadfast,2036,308,2,stop,3771,0.108932
brook-8b,Steadfast,3271,276,0,stop,4102,0.179598
brook-8b,Coreline,2636,311,4,stop,2468,0.134885
brook-8b,Fastori,1468,200,2,stop,1297,0.089327
brook-8b,Coreline,2447,269,6,stop,2462,0.147722
brook-8b,NimbusServe,2517,371,0,stop,86537,0.130834
brook-8b,Coreline,2726,295,0,stop,2754,0.156462
brook-8b,Steadfast,1745,352,0,stop,4549,0.110753
brook-8b,NimbusServe,1456,281,0,stop,5120,0.089489
brook-8b,Fastori,2179,329,2,stop,1403,0.119513
brook-8b,Steadfast,1206,275,0,stop,4048,0.074813
brook-8b,NimbusServe,2193,308,0,stop,5533,0.133653
brook-8b,Fastori,1724,218,1,stop,1251,0.088787
brook-8b,Steadfast,2617,292,4,stop,4169,0.142656
brook-8b,NimbusServe,3248,379,10,stop,6772,0.178431
brook-8b,NimbusServe,1780,311,2,stop,5560,0.107027
brook-8b,NimbusServe,2309,313,5,stop,81146,0.139183
brook-8b,Fastori,2773,304,4,stop,1275,0.154748
brook-8b,NimbusServe,2307,341,0,stop,5446,0.144718
brook-8b,NimbusServe,1351,328,0,stop,5312,0.085346
brook-8b,NimbusServe,2712,304,1,stop,7347,0.147802
brook-8b,Coreline,2745,203,0,stop,2455,0.146271
brook-8b,Fastori,2510,336,7,stop,1281,0.146305
brook-8b,Fastori,2690,262,1,stop,1040,0.157303
brook-8b,NimbusServe,2993,276,0,stop,6331,0.179590
brook-8b,NimbusServe,2065,278,0,stop,6483,0.109948
brook-8b,NimbusServe,2887,229,2,stop,7262,0.150293
brook-8b,Fastori,2050,253,3,stop,1350,0.114219
brook-8b,Steadfast,3319,310,0,stop,5184,0.183497
brook-8b,Coreline,2520,225,1,stop,1935,0.142364
brook-8b,Coreline,2470,313,2,stop,2723,0.129197
brook-8b,NimbusServe,2389,350,0,stop,5791,0.150416
brook-8b,NimbusServe,3103,440,0,stop,6734,0.180941
brook-8b,Fastori,2840,311,2,stop,1417,0.147053
brook-8b,Coreline,2079,481,2,stop,1856,0.123840
brook-8b,NimbusServe,3081,326,0,stop,7227,0.181903
brook-8b,Steadfast,2216,337,1,stop,3481,0.123898
brook-8b,Steadfast,1481,319,0,stop,4250,0.096358
brook-8b,Coreline,2601,408,0,stop,1884,0.159860
brook-8b,Coreline,2576,343,0,stop,1983,0.141386
brook-8b,NimbusServe,2357,334,5,stop,7981,0.143214
brook-8b,Steadfast,2431,339,0,stop,4322,0.150402
brook-8b,Steadfast,2521,139,0,stop,3108,0.143419
brook-8b,Fastori,2447,259,1,stop,1515,0.147491
brook-8b,Fastori,2616,378,0,stop,1161,0.135711
brook-8b,Steadfast,2913,335,0,stop,3552,0.149693
brook-8b,Fastori,2617,279,0,stop,7212,0.143347
brook-8b,NimbusServe,2405,348,0,stop,62302,0.146797
brook-8b,Fastori,2400,217,0,stop,1146,0.118375
brook-8b,NimbusServe,1886,307,0,stop,59162,0.103089
brook-8b,NimbusServe,2145,395,8,stop,6712,0.131536
brook-8b,NimbusServe,2604,300,0,stop,6486,0.133779
brook-8b,NimbusServe,1880,283,7,stop,107924,0.108156
brook-8b,NimbusServe,2901,310,6,stop,5437,0.155341
brook-8b,NimbusServe,2138,235,2,stop,5036,0.108908
brook-8b,Coreline,1103,371,0,stop,2309,0.069930
brook-8b,Fastori,3615,360,0,stop,1455,0.185646
brook-8b,Fastori,1720,343,2,stop,1474,0.109508
brook-8b,NimbusServe,2748,320,0,stop,75644,0.140075
brook-8b,Steadfast,2741,392,0,stop,4889,0.168706
brook-8b,Steadfast,1670,309,0,stop,4341,0.102176
brook-8b,NimbusServe,3390,253,0,stop,67468,0.196285
brook-8b,Fastori,2430,325,0,stop,1478,0.135300
brook-8b,Coreline,2891,405,0,stop,2786,0.174803
brook-8b,NimbusServe,2595,317,0,stop,86169,0.156003
brook-8b,Fastori,2358,366,0,stop,1573,0.147878
brook-8b,Fastori,2493,336,1,stop,1455,0.144778
brook-8b,Coreline,1547,283,0,stop,2759,0.088079
brook-8b,NimbusServe,1964,344,0,stop,5912,0.117228
brook-8b,Steadfast,2161,401,13,stop,16408,0.139882
brook-8b,Fastori,2172,342,1,stop,1279,0.131926
brook-8b,Steadfast,2526,316,7,stop,4323,0.130977
brook-8b,Fastori,1424,371,7,stop,1483,0.088713
brook-8b,Coreline,2323,288,0,stop,2726,0.130494
brook-8b,Steadfast,3360,360,0,stop,3412,0.189095
brook-8b,NimbusServe,2425,405,3,stop,6236,0.139465
brook-8b,Fastori,1184,299,0,stop,1438,0.075013
brook-8b,Coreline,2302,358,0,stop,2845,0.145723
brook-8b,Fastori,2287,247,1,stop,1461,0.114715
brook-8b,Fastori,2707,333,1,stop,1503,0.152973
brook-8b,Fastori,2279,340,0,stop,1528,0.122253
brook-8b,Fastori,3195,297,0,stop,1224,0.190960
brook-8b,Fastori,2407,296,0,stop,1453,0.132425
brook-8b,Fastori,2239,360,0,stop,1228,0.135588
brook-8b,Fastori,3596,381,11,stop,1667,0.183374
brook-8b,Fastori,1686,151,1,stop,1362,0.084341
brook-8b,NimbusServe,2938,387,3,stop,5795,0.160802
brook-8b,Steadfast,2029,314,0,stop,3663,0.125862
brook-8b,Coreline,2475,186,1,stop,2498,0.133717
brook-8b,Fastori,1753,446,1,stop,1257,0.101225
brook-8b,Steadfast,3193,322,0,stop,3158,0.173425
brook-8b,NimbusServe,2949,282,0,stop,75245,0.151813
brook-8b,Coreline,1925,394,6,stop,2717,0.110364
brook-8b,Fastori,2760,315,0,stop,1906,0.145614
brook-8b,Fastori,1752,414,0,stop,1503,0.118462
brook-8b,Fastori,2779,349,0,stop,1675,0.162175
brook-8b,Fastori,1925,382,1,stop,1350,0.111181
brook-8b,Coreline,2869,345,2,stop,2519,0.154894
brook-8b,Coreline,2403,285,2,stop,1978,0.125926
brook-8b,NimbusServe,2673,369,0,stop,5249,0.157594
brook-8b,Fastori,2679,288,0,stop,1104,0.141959
brook-8b,Fastori,2005,315,0,stop,1431,0.108832
brook-8b,Steadfast,2933,282,0,stop,3221,0.150550
brook-8b,NimbusServe,1452,274,0,stop,6969,0.093395
brook-8b,Coreline,2406,316,0,stop,1952,0.130199
brook-8b,Steadfast,2148,270,3,stop,4061,0.124909
brook-8b,Steadfast,2152,333,3,stop,4733,0.125811
brook-8b,NimbusServe,2191,364,3,stop,6856,0.119606
brook-8b,NimbusServe,1608,489,0,stop,7207,0.095733
brook-8b,Fastori,1717,245,0,stop,1448,0.094250
brook-8b,Coreline,2954,352,0,stop,2383,0.153952
brook-8b,Steadfast,2462,318,0,stop,17122,0.125753
brook-8b,Fastori,1951,309,4,stop,1056,0.108081
brook-8b,Coreline,2694,411,7,stop,2952,0.149867
brook-8b,Coreline,1859,462,0,stop,2372,0.110859
brook-8b,Steadfast,2444,325,1,stop,4733,0.133640
brook-8b,Coreline,2502,189,0,stop,2659,0.145492
brook-8b,NimbusServe,3232,400,0,stop,4429,0.173822
brook-8b,NimbusServe,1384,449,5,stop,6130,0.101032
brook-8b,Coreline,2856,338,0,stop,2803,0.157119
brook-8b,Steadfast,2580,307,0,stop,4865,0.139830
brook-8b,Coreline,2764,215,1,stop,2455,0.136804
brook-8b,Fastori,2413,283,4,stop,1366,0.132525
brook-8b,NimbusServe,1943,294,4,stop,4686,0.108453
brook-8b,Fastori,1707,270,0,stop,1385,0.106992
brook-8b,Coreline,2687,295,0,stop,2519,0.157811
brook-8b,Steadfast,1780,303,0,stop,2821,0.096116
brook-8b,Coreline,2237,261,0,stop,3071,0.129281
brook-8b,Steadfast,3146,289,0,stop,4546,0.180295
brook-8b,NimbusServe,1351,304,4,stop,5863,0.078807
brook-8b,NimbusServe,1218,295,3,stop,5549,0.076560
brook-8b,Coreline,2554,335,0,stop,3000,0.152966
brook-8b,Steadfast,1675,252,0,stop,3338,0.088533
brook-8b,NimbusServe,1807,290,0,stop,93078,0.112148
brook-8b,Coreline,2009,307,6,stop,2297,0.105769
brook-8b,Coreline,2738,327,0,stop,2361,0.160297
brook-8b,NimbusServe,2786,378,0,stop,5966,0.154892
brook-8b,NimbusServe,2035,318,3,stop,6744,0.119730
brook-8b,Coreline,3358,303,2,stop,2354,0.193937
brook-8b,Fastori,1815,289,0,stop,1464,0.096466
brook-8b,Coreline,2436,302,4,stop,2457,0.129463
brook-8b,Coreline,2814,399,5,stop,2459,0.146311
brook-8b,Fastori,3114,263,0,stop,1400,0.158653
brook-8b,Coreline,2747,305,0,stop,2846,0.147826
brook-8b,NimbusServe,2073,378,0,stop,6352,0.114470
brook-8b,Steadfast,2146,229,0,stop,5148,0.121503
brook-8b,Fastori,3149,236,3,stop,1293,0.162684
brook-8b,Coreline,1975,383,1,stop,2382,0.120739
brook-8b,NimbusServe,1841,357,0,stop,5733,0.109507
brook-8b,Coreline,2359,291,0,stop,2340,0.144747
brook-8b,Coreline,2616,427,0,stop,2304,0.167294
brook-8b,Steadfast,2971,357,3,stop,4130,0.167310
brook-8b,Fastori,2716,269,4,stop,1661,0.147788
brook-8b,Coreline,2306,329,0,stop,2356,0.135209
brook-8b,Fastori,2213,370,0,stop,1019,0.117190
brook-8b,NimbusServe,1243,391,1,stop,6627,0.079859
brook-8b,Coreline,2169,349,0,stop,1958,0.136186
brook-8b,Coreline,2694,324,0,stop,2146,0.146489
brook-8b,Fastori,2386,255,0,stop,1660,0.123239
brook-8b,Fastori,2715,315,0,stop,1350,0.162492
brook-8b,Steadfast,2872,185,0,stop,3515,0.148228
brook-8b,NimbusServe,1790,387,0,stop,6958,0.104293
brook-8b,NimbusServe,1910,296,0,stop,7033,0.102152
brook-8b,Steadfast,2381,273,2,stop,4042,0.143141
brook-8b,Fastori,2113,442,0,stop,1372,0.135928
brook-8b,Steadfast,2928,282,0,stop,3303,0.174982
brook-8b,NimbusServe,2809,254,4,stop,7362,0.156614
brook-8b,Steadfast,3189,293,0,stop,2902,0.173927
brook-8b,Steadfast,2864,446,0,stop,4238,0.156416
brook-8b,Coreline,2252,394,0,stop,2167,0.130110
brook-8b,Steadfast,2285,296,5,stop,3261,0.121335
brook-8b,NimbusServe,2551,406,4,stop,6154,0.154862
brook-8b,Fastori,2361,251,0,stop,1657,0.129933
brook-8b,Fastori,3080,353,7,stop,1180,0.186318
brook-8b,Fastori,2389,342,1,stop,1344,0.140965
brook-8b,Fastori,3175,310,0,stop,1604,0.191583
brook-8b,Fastori,1519,269,0,stop,1255,0.084224
brook-8b,Coreline,2534,324,0,stop,2671,0.152196
brook-8b,Steadfast,1620,272,0,stop,3205,0.091371
brook-8b,Steadfast,2749,322,3,stop,4281,0.152494
brook-8b,Fastori,2499,369,4,stop,1626,0.136587
brook-8b,Coreline,2101,249,4,stop,2338,0.125454
brook-8b,Fastori,2843,336,4,stop,1342,0.154261
brook-8b,Fastori,2901,287,0,stop,1532,0.146221
brook-8b,Fastori,1922,319,0,stop,1091,0.120171
brook-8b,Fastori,2952,331,4,stop,1487,0.174049
brook-8b,Steadfast,2286,372,7,stop,2895,0.120642
brook-8b,NimbusServe,3099,343,0,stop,5252,0.179724
brook-8b,Coreline,3347,256,0,stop,2649,0.178372
brook-8b,Fastori,1885,325,0,stop,1189,0.113933
brook-8b,NimbusServe,2837,267,0,stop,6810,0.156807
brook-8b,NimbusServe,2368,270,0,stop,5517,0.132526
brook-8b,NimbusServe,2542,266,1,stop,53676,0.149804
brook-8b,NimbusServe,2186,306,0,stop,5291,0.117758
brook-8b,Coreline,2128,368,0,stop,2574,0.129678
brook-8b,Steadfast,2003,294,0,stop,4115,0.106099
brook-8b,Fastori,2499,340,3,stop,800,0.152576
brook-8b,NimbusServe,2302,293,0,stop,4979,0.139051
brook-8b,NimbusServe,3483,366,2,stop,5856,0.173778
brook-8b,NimbusServe,2356,186,0,stop,6824,0.137287
brook-8b,Coreline,2709,420,4,stop,2802,0.163038
brook-8b,Steadfast,2612,326,0,stop,4455,0.151688
brook-8b,Coreline,2125,200,0,stop,2760,0.105712
brook-8b,Steadfast,2366,351,0,stop,4017,0.129498
brook-8b,Fastori,2521,403,0,stop,886,0.135430
brook-8b,Steadfast,2445,270,1,stop,4120,0.122792
brook-8b,NimbusServe,2293,286,0,stop,5417,0.117298
brook-8b,Fastori,1309,348,2,stop,1259,0.081632
brook-8b,Coreline,2171,324,0,stop,2121,0.117578
brook-8b,Coreline,3122,328,4,stop,2576,0.184130
brook-8b,Coreline,2578,285,4,stop,2801,0.144636
brook-8b,Steadfast,2154,229,0,stop,3473,0.129847
brook-8b,Coreline,2906,335,2,stop,2769,0.173116
brook-8b,Fastori,3077,242,5,stop,1127,0.176702
brook-8b,Coreline,2158,349,3,stop,2527,0.134864
brook-8b,Steadfast,1990,274,1,stop,3720,0.107938
brook-8b,NimbusServe,3225,231,0,stop,7512,0.172951
brook-8b,Coreline,2569,417,0,stop,2559,0.153950
brook-8b,Coreline,2678,258,5,stop,2754,0.138989
brook-8b,Coreline,2270,406,1,stop,2031,0.122764
brook-8b,Coreline,3588,229,0,stop,2032,0.196299
brook-8b,Steadfast,2347,351,4,stop,3936,0.132742
brook-8b,Fastori,3237,222,1,stop,1541,0.162619
brook-8b,Coreline,2356,259,0,stop,2948,0.139749
brook-8b,NimbusServe,2446,175,0,stop,6494,0.133422
brook-8b,Fastori,1078,253,0,stop,1310,0.070827
brook-8b,NimbusServe,2465,318,2,stop,7279,0.130731
brook-8b,Fastori,2495,285,0,stop,1338,0.130512
brook-8b,NimbusServe,1807,200,2,stop,4969,0.099998
brook-8b,Coreline,1977,180,1,stop,3211,0.115071
brook-8b,Coreline,2425,341,0,stop,3090,0.143068
brook-8b,Fastori,2412,245,0,stop,1273,0.131731
brook-8b,Coreline,2319,334,0,stop,2471,0.128357
brook-8b,Steadfast,1473,195,0,stop,3893,0.087123
brook-8b,Steadfast,3345,343,5,stop,3197,0.170689
brook-8b,NimbusServe,3126,376,7,stop,92718,0.168800
brook-8b,Fastori,2799,474,0,stop,1332,0.176358
brook-8b,Steadfast,2132,259,1,stop,3399,0.114093
brook-8b,Steadfast,1755,332,0,stop,4744,0.105933
brook-8b,Coreline,2615,289,0,stop,3073,0.152523
brook-8b,Fastori,2175,427,3,stop,1066,0.129199
brook-8b,Coreline,1259,250,1,stop,2363,0.081699
brook-8b,Coreline,1547,437,0,stop,2466,0.092087
brook-8b,Steadfast,1999,306,0,stop,3476,0.105442
brook-8b,Steadfast,2325,337,4,stop,4343,0.128273
brook-8b,Steadfast,1931,411,0,stop,3744,0.121570
brook-8b,Fastori,2136,320,1,stop,1988,0.119311
brook-8b,Coreline,2711,358,0,stop,2963,0.151822
brook-8b,Coreline,1834,357,0,stop,2415,0.120070
brook-8b,Fastori,2385,255,0,stop,1599,0.120884
brook-8b,Steadfast,1471,375,0,stop,3079,0.095664
brook-8b,Fastori,2283,222,0,stop,1089,0.117134
brook-8b,Coreline,2308,307,0,stop,2531,0.139281
brook-8b,Fastori,2401,216,1,stop,1468,0.132575
brook-8b,Coreline,2870,368,0,stop,2896,0.168197
brook-8b,NimbusServe,2114,400,0,stop,6414,0.113853
brook-8b,Fastori,1742,281,1,stop,994,0.102325
brook-8b,Fastori,3046,486,0,stop,1257,0.171828
brook-8b,Coreline,1971,317,3,stop,2675,0.109509
brook-8b,Coreline,1862,346,0,stop,3020,0.103538
brook-8b,Fastori,1995,335,3,stop,1246,0.108311
brook-8b,Coreline,2196,252,0,stop,2478,0.130323
brook-8b,Steadfast,2275,338,2,stop,3815,0.128011
brook-8b,Steadfast,1817,375,0,stop,3447,0.102719
gale-32b,Steadfast,3006,320,146,stop,3005,1.007505
gale-32b,Fastori,3008,294,133,stop,1379,0.994955
gale-32b,Steadfast,2033,310,142,stop,4106,0.775989
gale-32b,Steadfast,2798,202,92,stop,5645,1.002429
gale-32b,Steadfast,2850,387,178,stop,5078,0.956261
gale-32b,NimbusServe,1475,367,169,stop,93515,0.621908
gale-32b,Fastori,2522,313,145,stop,1372,0.911781
gale-32b,Steadfast,2205,325,152,stop,4357,0.874758
gale-32b,NimbusServe,2236,215,97,stop,4425,0.760319
gale-32b,Fastori,2791,349,163,stop,1350,0.966906
gale-32b,Steadfast,3002,378,175,stop,4321,1.055562
gale-32b,Fastori,2564,247,110,stop,1219,0.899081
gale-32b,NimbusServe,2410,418,193,stop,7546,0.907142
gale-32b,NimbusServe,1849,444,200,stop,5776,0.778446
gale-32b,Coreline,1714,298,135,stop,9846,0.657819
gale-32b,Fastori,2732,433,199,stop,1391,0.967189
gale-32b,NimbusServe,2136,308,141,stop,4651,0.789121
gale-32b,Steadfast,1812,309,144,stop,3724,0.628648
gale-32b,NimbusServe,2786,443,195,stop,5751,1.032690
gale-32b,NimbusServe,2100,370,164,stop,6297,0.794255
gale-32b,Steadfast,2307,342,156,stop,4582,0.844562
gale-32b,NimbusServe,2589,252,115,stop,4944,0.940693
gale-32b,NimbusServe,2852,391,178,stop,51674,1.122668
gale-32b,Fastori,2243,289,130,stop,1460,0.872117
gale-32b,Coreline,2230,179,83,stop,3057,0.730397
gale-32b,NimbusServe,2591,286,125,stop,7975,0.940981
gale-32b,Steadfast,1911,259,120,stop,4484,0.652176
gale-32b,Coreline,3400,375,173,stop,2696,1.219848
gale-32b,Fastori,1474,267,122,stop,1228,0.610531
gale-32b,Fastori,2778,262,113,stop,1475,0.939642
gale-32b,Coreline,1945,230,98,stop,2566,0.685223
gale-32b,NimbusServe,2204,365,169,stop,5685,0.801950
gale-32b,Steadfast,2963,313,144,stop,3353,1.111084
gale-32b,Fastori,2518,379,173,stop,1234,0.847324
gale-32b,Fastori,2100,269,119,stop,1535,0.790030
gale-32b,Fastori,2470,362,164,stop,1244,0.890161
gale-32b,Coreline,2123,352,161,stop,2080,0.853594
gale-32b,Fastori,1987,435,201,stop,1501,0.847661
gale-32b,Coreline,3622,270,124,stop,2292,1.211599
gale-32b,Steadfast,1855,367,156,stop,3201,0.759626
gale-32b,Fastori,2093,268,123,stop,1659,0.747027
gale-32b,NimbusServe,1744,346,157,stop,5232,0.651429
gale-32b,Fastori,1513,246,111,stop,1321,0.590763
gale-32b,Steadfast,1659,348,158,stop,4079,0.591871
gale-32b,Steadfast,2897,394,179,stop,3893,1.085331
gale-32b,Steadfast,2611,248,114,stop,4220,0.875486
gale-32b,Fastori,1803,301,140,stop,1570,0.676724
gale-32b,Steadfast,2736,353,160,stop,3814,0.958149
gale-32b,NimbusServe,2682,337,151,stop,5720,0.973832
gale-32b,Coreline,2488,311,135,stop,2417,0.868360
gale-32b,Steadfast,2395,153,70,stop,3506,0.792854
gale-32b,NimbusServe,1771,390,177,stop,7151,0.662226
gale-32b,Coreline,2015,276,123,stop,2468,0.662724
gale-32b,Coreline,2529,242,110,stop,2183,0.903733
gale-32b,NimbusServe,1898,218,98,stop,93166,0.675286
gale-32b,Coreline,1872,346,152,stop,2322,0.757811
gale-32b,Steadfast,2708,322,143,stop,4135,0.878206
gale-32b,NimbusServe,3626,364,158,stop,5813,1.150357
gale-32b,Coreline,2750,222,99,stop,2256,0.873179
gale-32b,NimbusServe,2288,418,182,stop,6551,0.790757
gale-32b,Fastori,1406,331,152,stop,1531,0.543472
gale-32b,Fastori,2424,299,136,stop,1104,0.790492
gale-32b,NimbusServe,2095,315,146,stop,5561,0.707226
gale-32b,Fastori,2572,241,107,stop,1477,0.958114
gale-32b,NimbusServe,2397,290,131,stop,6503,0.844795
gale-32b,Steadfast,1950,375,167,stop,4834,0.759209
gale-32b,NimbusServe,2544,351,167,stop,6104,0.951006
gale-32b,Coreline,2812,334,149,stop,2487,1.056870
gale-32b,Coreline,2160,272,127,stop,3431,0.786947
gale-32b,Steadfast,1489,366,162,stop,4939,0.605536
gale-32b,NimbusServe,2239,274,127,stop,105458,0.775457
gale-32b,Steadfast,2153,393,188,stop,4093,0.774240
gale-32b,NimbusServe,2242,382,166,stop,5342,0.789006
gale-32b,Coreline,2007,313,141,stop,2263,0.721004
gale-32b,Steadfast,2805,273,127,stop,4004,0.965447
gale-32b,Fastori,2241,340,152,stop,1278,0.746547
gale-32b,Steadfast,2175,363,161,stop,2851,0.771036
gale-32b,Fastori,2406,365,159,stop,1262,0.834436
gale-32b,Steadfast,3252,349,164,stop,4608,1.078810
gale-32b,Steadfast,1965,389,176,stop,4446,0.737242
gale-32b,Steadfast,2894,372,165,stop,4675,0.965383
gale-32b,Fastori,2499,268,119,stop,1575,0.833857
gale-32b,Fastori,2102,380,170,stop,1077,0.720810
gale-32b,NimbusServe,2813,281,127,stop,87781,0.935454
gale-32b,Steadfast,1741,274,127,stop,4071,0.634001
gale-32b,NimbusServe,2745,356,165,stop,6798,0.971721
gale-32b,Steadfast,2601,293,124,stop,4357,0.918432
gale-32b,Steadfast,2985,235,109,stop,4580,1.091374
gale-32b,Steadfast,2708,367,164,stop,4405,0.976259
gale-32b,Steadfast,2113,221,99,stop,4329,0.709466
gale-32b,Coreline,1737,228,102,stop,2775,0.621041
gale-32b,Fastori,1665,348,152,stop,1271,0.646750
gale-32b,Coreline,2431,319,145,stop,2292,0.856801
gale-32b,Steadfast,2730,369,175,stop,4351,0.931961
gale-32b,Coreline,2208,465,213,stop,2480,0.845133
gale-32b,Fastori,2316,358,160,stop,1564,0.834270
gale-32b,Steadfast,1711,222,101,stop,4208,0.622743
gale-32b,Steadfast,2736,323,145,stop,4830,0.991409
gale-32b,Steadfast,2044,426,192,stop,4627,0.864596
gale-32b,Steadfast,2049,324,143,stop,23746,0.812985
gale-32b,Coreline,2635,193,92,stop,2050,0.900122
gale-32b,Fastori,2296,422,195,stop,1109,0.815793
gale-32b,Steadfast,2000,270,120,stop,4500,0.656106
gale-32b,Steadfast,1814,334,150,stop,18513,0.692731
gale-32b,NimbusServe,1680,224,102,stop,5836,0.551445
gale-32b,NimbusServe,2675,412,182,stop,5744,0.967543
gale-32b,NimbusServe,2148,460,221,stop,72948,0.780101
gale-32b,Steadfast,2174,300,145,stop,4037,0.826319
gale-32b,NimbusServe,2256,219,102,stop,7942,0.767027
gale-32b,Steadfast,2155,379,164,stop,4061,0.795515
gale-32b,Steadfast,2366,267,118,stop,4232,0.802387
gale-32b,Steadfast,2910,342,152,stop,4573,1.009545
gale-32b,Fastori,1733,348,162,stop,1483,0.715970
gale-32b,Coreline,2169,412,189,stop,1852,0.911127
gale-32b,NimbusServe,2936,391,179,stop,6800,1.102733
gale-32b,Coreline,2599,326,151,stop,2762,0.916536
gale-32b,Steadfast,2345,177,78,stop,3780,0.812194
gale-32b,Steadfast,1971,295,135,stop,4399,0.662676
gale-32b,Fastori,3040,296,134,stop,1228,1.001127
gale-32b,Steadfast,1710,324,148,stop,4264,0.669913
gale-32b,Steadfast,2784,388,178,stop,3564,1.000466
gale-32b,Steadfast,990,342,154,stop,4301,0.474811
gale-32b,NimbusServe,2132,321,150,stop,105518,0.841712
gale-32b,Coreline,1753,325,141,stop,3050,0.605125
gale-32b,Fastori,2363,289,127,stop,1661,0.914861
gale-32b,Steadfast,2338,396,186,stop,3347,0.925904
gale-32b,Fastori,2104,393,164,stop,1405,0.877895
gale-32b,Steadfast,2586,227,103,stop,4684,0.921422
gale-32b,Coreline,2600,394,174,stop,2380,1.007578
gale-32b,Fastori,3078,289,129,stop,1578,1.071037
gale-32b,NimbusServe,2263,328,142,stop,74035,0.877495
gale-32b,Fastori,1755,334,148,stop,1267,0.611176
gale-32b,Steadfast,2730,282,129,stop,3527,1.017252
gale-32b,Fastori,2346,227,101,stop,1518,0.788245
gale-32b,Steadfast,2801,344,151,stop,3760,0.951820
gale-32b,Coreline,3011,342,152,stop,2638,0.950801
gale-32b,Steadfast,2458,353,160,stop,3487,0.853668
gale-32b,Fastori,2314,386,170,stop,1166,0.901245
gale-32b,Fastori,2292,411,189,stop,1179,0.786892
gale-32b,Steadfast,3086,328,147,stop,2898,1.090995
gale-32b,Fastori,2478,355,160,stop,1147,0.811669
gale-32b,Steadfast,1733,351,153,stop,4024,0.704893
gale-32b,Coreline,2201,292,131,stop,2409,0.843353
gale-32b,Steadfast,1797,299,132,stop,4942,0.622037
gale-32b,Steadfast,1837,290,126,stop,3786,0.706388
gale-32b,Coreline,1974,355,151,stop,2882,0.766858
gale-32b,Steadfast,2389,343,152,stop,4134,0.866431
gale-32b,Fastori,1466,259,117,stop,919,0.554773
gale-32b,NimbusServe,2607,314,146,stop,5072,0.964677
gale-32b,Coreline,2551,227,105,stop,2166,0.796594
gale-32b,Fastori,2769,212,95,stop,1545,0.836562
gale-32b,Coreline,1427,266,123,stop,2669,0.578780
gale-32b,Fastori,2682,308,138,stop,1583,0.948568
gale-32b,Coreline,2544,304,131,stop,13156,0.810630
gale-32b,NimbusServe,2074,287,128,stop,5439,0.692393
gale-32b,Coreline,2084,351,159,stop,2425,0.794560
gale-32b,NimbusServe,1745,237,106,stop,4977,0.661687
gale-32b,Fastori,2333,337,153,stop,1625,0.779952
gale-32b,Coreline,2529,278,126,stop,2698,0.843330
gale-32b,Coreline,1577,154,70,stop,12637,0.524569
gale-32b,Steadfast,2419,347,157,stop,3274,0.943761
gale-32b,Coreline,2124,408,178,stop,3056,0.859998
gale-32b,NimbusServe,2683,315,143,stop,7524,0.859201
gale-32b,Steadfast,2984,353,157,stop,3455,1.124254
gale-32b,Fastori,2730,326,149,stop,1586,0.920548
gale-32b,NimbusServe,2467,220,95,stop,7002,0.823203
gale-32b,NimbusServe,1514,361,160,stop,6929,0.570753
gale-32b,Fastori,2740,303,140,stop,1315,1.034978
gale-32b,Steadfast,2211,355,162,stop,4112,0.810467
gale-32b,Steadfast,1811,247,114,stop,3383,0.614565
gale-32b,Fastori,2926,419,190,stop,1552,1.074191
gale-32b,Steadfast,3019,244,109,stop,4618,0.928622
gale-32b,NimbusServe,2033,317,140,stop,5395,0.761622
gale-32b,Fastori,2708,419,194,stop,1463,0.934539
gale-32b,Fastori,2874,398,184,stop,1152,1.014252
gale-32b,NimbusServe,2890,338,152,stop,6718,0.962615
gale-32b,Coreline,3272,325,146,stop,3117,1.064952
gale-32b,NimbusServe,1831,313,140,stop,4359,0.694040
gale-32b,Coreline,3308,184,84,stop,2452,1.133676
gale-32b,Fastori,3355,269,119,stop,1244,1.176793
gale-32b,Fastori,2332,288,128,stop,1497,0.869067
gale-32b,Coreline,2587,269,121,stop,2366,0.853287
gale-32b,NimbusServe,2482,389,175,stop,6393,0.879627
gale-32b,Fastori,3276,324,142,stop,1656,1.077653
gale-32b,Fastori,1436,292,127,stop,1371,0.507726
gale-32b,NimbusServe,2026,260,117,stop,7328,0.684971
gale-32b,Coreline,1684,232,105,stop,2805,0.575854
gale-32b,Steadfast,3450,354,158,stop,4343,1.221633
gale-32b,Steadfast,2845,339,151,stop,26013,0.961821
gale-32b,Fastori,1252,219,97,stop,1333,0.432735
gale-32b,Steadfast,2707,203,90,stop,4303,0.911504
gale-32b,Coreline,1981,323,146,stop,2972,0.665199
gale-32b,Fastori,1499,273,123,stop,1434,0.569921
gale-32b,Fastori,2629,369,164,stop,1420,1.043003
gale-32b,Coreline,2920,301,132,stop,2743,0.912438
gale-32b,Coreline,3063,202,88,stop,1965,1.043722
gale-32b,Fastori,3127,447,197,stop,1260,1.221187
gale-32b,NimbusServe,1869,254,113,stop,5866,0.667745
gale-32b,Steadfast,2480,279,123,stop,3241,0.789200
gale-32b,Fastori,1979,343,161,stop,1377,0.788784
gale-32b,Coreline,2181,399,173,stop,2085,0.879740
gale-32b,Fastori,1933,322,145,stop,1328,0.751392
gale-32b,Coreline,2881,329,152,stop,1794,1.006132
gale-32b,Steadfast,2596,175,81,stop,4316,0.854230
gale-32b,Fastori,3045,384,169,stop,1334,0.990682
gale-32b,NimbusServe,3408,353,163,stop,5862,1.117636
gale-32b,NimbusServe,2769,315,141,stop,5049,0.935183
gale-32b,Fastori,2644,343,159,stop,1629,0.886659
gale-32b,Fastori,3135,291,130,stop,1237,0.970448
gale-32b,NimbusServe,2766,316,138,stop,6427,0.985111
gale-32b,Steadfast,2472,314,139,stop,2849,0.942636
gale-32b,Coreline,1372,288,129,stop,2464,0.544470
gale-32b,Coreline,1571,386,171,stop,2419,0.688968
gale-32b,Coreline,2284,241,112,stop,12198,0.804549
gale-32b,Coreline,1805,330,152,stop,2792,0.620823
gale-32b,NimbusServe,2464,274,125,stop,6717,0.911854
gale-32b,Coreline,1848,325,146,stop,2376,0.674712
gale-32b,Coreline,2254,256,116,stop,2548,0.723052
gale-32b,Coreline,2773,356,164,stop,13717,0.900732
gale-32b,Steadfast,2960,361,161,stop,4209,1.005200
gale-32b,NimbusServe,3322,263,116,stop,76790,1.015598
gale-32b,Fastori,2785,279,125,stop,1357,0.955904
gale-32b,Coreline,3091,365,167,stop,2158,1.053634
gale-32b,Fastori,2162,308,137,stop,1756,0.813673
gale-32b,Steadfast,3399,250,111,stop,4026,1.210145
gale-32b,NimbusServe,2312,313,132,stop,5947,0.851586
gale-32b,Fastori,2179,265,121,stop,1167,0.780726
gale-32b,Steadfast,2703,258,116,stop,4281,1.014354
gale-32b,Steadfast,2966,391,179,stop,3505,1.142164
gale-32b,NimbusServe,1806,304,140,stop,5910,0.652133
gale-32b,Coreline,2208,323,141,stop,2141,0.774967
gale-32b,Coreline,2051,284,128,stop,2280,0.700160
gale-32b,Fastori,3168,267,121,stop,1402,0.969394
gale-32b,Steadfast,2935,378,174,stop,4369,1.133856
gale-32b,Coreline,2971,355,163,stop,2825,1.016125
gale-32b,Fastori,2186,200,88,stop,1493,0.703172
gale-32b,Coreline,2792,311,142,stop,2077,0.968275
gale-32b,Steadfast,1653,370,168,stop,4535,0.669105
gale-32b,Steadfast,2315,312,146,stop,3771,0.888671
gale-32b,Steadfast,2654,335,148,stop,3369,0.855340
gale-32b,NimbusServe,2834,375,163,stop,6042,1.015521
gale-32b,NimbusServe,3267,229,104,stop,5569,1.044855
gale-32b,NimbusServe,2801,361,163,stop,104201,1.001601
gale-32b,Steadfast,2632,249,110,stop,3853,0.861253
gale-32b,Steadfast,2749,323,143,stop,2853,0.939426
gale-32b,Fastori,1294,367,167,stop,1382,0.527978
gale-32b,Steadfast,2869,267,117,stop,3920,1.006299
gale-32b,NimbusServe,2815,343,161,stop,6421,0.901111
gale-32b,Steadfast,1387,330,148,stop,2780,0.568478
gale-32b,Fastori,3278,386,178,stop,1395,1.162220
gale-32b,NimbusServe,2901,349,153,stop,86256,1.079807
gale-32b,Fastori,1981,363,161,stop,1255,0.714762
gale-32b,Steadfast,3297,316,141,stop,4746,1.180483
gale-32b,Fastori,2267,233,102,stop,1310,0.782939
gale-32b,NimbusServe,1820,325,145,stop,7245,0.630276
gale-32b,Fastori,2421,179,77,stop,1284,0.849192
gale-32b,Coreline,2560,341,147,stop,2575,0.972794
gale-32b,Steadfast,1467,297,135,stop,3939,0.620192
gale-32b,NimbusServe,2839,282,130,stop,6450,1.062317
gale-32b,Steadfast,2764,374,166,stop,4851,0.985329
gale-32b,NimbusServe,1834,353,159,stop,5336,0.710353
gale-32b,Fastori,2569,359,165,stop,1425,0.936845
gale-32b,Coreline,2524,238,106,stop,3115,0.929037
gale-32b,Fastori,2699,303,140,stop,1584,0.880388
gale-32b,Coreline,1831,313,146,stop,2844,0.677156
gale-32b,Fastori,2926,371,164,stop,1943,0.971982
gale-32b,Coreline,2381,344,147,stop,2773,0.942705
gale-32b,Fastori,2072,433,190,stop,1529,0.843760
gale-32b,Steadfast,1958,382,169,stop,4021,0.767663
gale-32b,NimbusServe,2152,320,140,stop,5912,0.813912
gale-32b,NimbusServe,2348,314,143,stop,6397,0.921210
gale-32b,Fastori,3035,441,192,stop,1501,1.204617
gale-32b,Fastori,2741,387,176,stop,1145,1.049969
gale-32b,NimbusServe,2633,337,157,stop,7821,0.967960
gale-32b,Steadfast,2626,287,131,stop,4246,0.921826
gale-32b,Fastori,2216,343,154,stop,1443,0.803445
gale-32b,Fastori,3042,300,140,stop,1201,0.999922
gale-32b,Coreline,2758,255,113,stop,2829,0.875267
gale-32b,Steadfast,2744,369,165,stop,15728,1.013578
gale-32b,Steadfast,2349,274,126,stop,4166,0.811267
gale-32b,Fastori,1877,428,193,stop,1462,0.757169
gale-32b,Fastori,1822,378,164,stop,1408,0.742429
gale-32b,NimbusServe,2122,308,139,stop,66645,0.725518
gale-32b,Coreline,2511,238,104,stop,2161,0.879091
gale-32b,Fastori,2834,343,151,stop,1558,1.066721
gale-32b,Steadfast,2471,327,147,stop,13918,0.912887
gale-32b,Steadfast,2348,284,129,stop,4694,0.759764
gale-32b,Fastori,2487,249,111,stop,1514,0.802290
gale-32b,Coreline,2239,354,165,stop,2470,0.772297
gale-32b,Steadfast,2841,302,139,stop,3853,0.969238
gale-32b,Steadfast,3454,342,154,stop,5155,1.157864
gale-32b,Steadfast,2671,417,184,stop,4257,1.003403
gale-32b,Steadfast,3243,397,177,stop,4032,1.035311
gale-32b,NimbusServe,1809,325,146,stop,5566,0.647416
gale-32b,Coreline,2014,314,142,stop,2982,0.802253
gale-32b,Steadfast,2358,215,94,stop,25578,0.806776
gale-32b,Steadfast,1910,365,164,stop,4809,0.738469
gale-32b,NimbusServe,2487,214,97,stop,4456,0.847379
gale-32b,Steadfast,1151,277,123,stop,3721,0.474293
gale-32b,Steadfast,1573,220,91,stop,3327,0.587949
gale-32b,Coreline,2813,334,146,stop,2162,0.991918
gale-32b,Coreline,1299,347,156,stop,2491,0.508143
gale-32b,NimbusServe,1428,388,174,stop,5911,0.600314
gale-32b,Coreline,1756,208,93,stop,2558,0.651290
gale-32b,Steadfast,2518,306,134,stop,3641,0.858996
gale-32b,Fastori,2257,328,143,stop,1245,0.788404
gale-32b,Fastori,2255,255,110,stop,1611,0.851351
gale-32b,Steadfast,1903,336,150,stop,3519,0.702943
gale-32b,Steadfast,1874,424,199,stop,3387,0.746765
gale-32b,Coreline,2929,274,122,stop,2151,1.020541
gale-32b,Steadfast,1757,274,124,stop,4905,0.673945
gale-32b,NimbusServe,1857,366,160,stop,5813,0.704131
gale-32b,NimbusServe,1859,265,117,stop,6165,0.697918
gale-32b,NimbusServe,1430,331,155,stop,6807,0.565833
gale-32b,Coreline,3580,450,201,stop,2317,1.353794
gale-32b,Fastori,3450,333,156,stop,1122,1.219228
gale-32b,Coreline,2620,362,159,stop,2242,0.891301
gale-32b,NimbusServe,3151,473,211,stop,7585,1.064100
gale-32b,Steadfast,2722,252,115,stop,4468,0.852731
gale-32b,Steadfast,2439,242,111,stop,4646,0.849797
gale-32b,NimbusServe,2584,357,165,stop,5155,0.937616
gale-32b,Steadfast,2967,268,121,stop,4341,1.046528
gale-32b,Steadfast,2708,307,134,stop,4308,1.005484
gale-32b,Fastori,3020,374,170,stop,1665,1.101513
gale-32b,Fastori,2312,272,124,stop,1543,0.805759
gale-32b,Steadfast,2297,339,162,stop,4511,0.919877
gale-32b,Fastori,1997,253,113,stop,1342,0.644823
gale-32b,Fastori,2379,433,193,stop,1493,0.908880
gale-32b,Fastori,2675,241,110,stop,1710,0.851139
gale-32b,NimbusServe,2708,200,89,stop,6926,0.830559
gale-32b,NimbusServe,1795,326,141,stop,6017,0.704549
gale-32b,Steadfast,3079,330,150,stop,3193,1.013500
gale-32b,NimbusServe,2413,323,142,stop,5430,0.833711
gale-32b,NimbusServe,3019,337,150,stop,5344,1.007329
gale-32b,Coreline,1888,286,126,length,2561,0.659779
gale-32b,Steadfast,2498,342,154,stop,2581,0.878454
gale-32b,Steadfast,3083,262,115,stop,3363,0.982068
gale-32b,NimbusServe,1653,249,112,stop,5171,0.577594
gale-32b,Steadfast,2412,287,122,stop,5249,0.797479
gale-32b,NimbusServe,1744,429,187,stop,6426,0.660566
gale-32b,Fastori,1907,439,196,stop,1308,0.706138
gale-32b,NimbusServe,3345,429,194,stop,7032,1.159213
gale-32b,Fastori,3327,340,155,stop,1331,1.173399
gale-32b,Fastori,1927,331,153,stop,1582,0.773056
gale-32b,Fastori,2590,365,161,stop,1413,0.980450
gale-32b,Coreline,2607,353,157,stop,2820,0.921742
gale-32b,Fastori,2828,320,145,stop,1202,1.047919
gale-32b,Fastori,2315,293,134,stop,1467,0.772668
gale-32b,Fastori,1769,310,138,stop,1145,0.718610
gale-32b,Steadfast,3110,427,186,stop,4335,1.068573
gale-32b,Coreline,1839,304,137,stop,2428,0.736927
gale-32b,Fastori,2125,333,147,stop,1479,0.715223
gale-32b,Fastori,2256,356,161,stop,1300,0.780139
gale-32b,Fastori,2758,274,118,stop,1673,0.859732
gale-32b,NimbusServe,3299,376,173,stop,112657,1.131396
gale-32b,Steadfast,2293,330,147,stop,4276,0.844663
gale-32b,Fastori,3509,231,103,stop,1776,1.080849
gale-32b,Coreline,2925,334,145,stop,2818,1.094914
gale-32b,NimbusServe,2116,272,123,stop,7497,0.704238
gale-32b,Fastori,1952,403,183,stop,1088,0.789481
gale-32b,Coreline,2500,326,145,stop,2342,0.945507
gale-32b,Fastori,1737,342,155,stop,1387,0.671992
gale-32b,Fastori,2824,199,88,stop,1577,0.887482
gale-32b,Steadfast,2401,306,144,stop,4213,0.867256
gale-32b,Steadfast,2295,375,165,stop,3032,0.864749
gale-32b,Steadfast,2909,319,138,stop,4624,1.052751
gale-32b,Coreline,3082,268,127,stop,2463,1.038230
gale-32b,Coreline,2187,378,168,stop,2835,0.798856
gale-32b,NimbusServe,2538,347,157,stop,4711,0.892901
gale-32b,Fastori,2392,336,156,stop,1508,0.900401
gale-32b,Steadfast,1705,305,143,stop,3596,0.631354
gale-32b,NimbusServe,2667,382,168,stop,5885,0.949715
gale-32b,Steadfast,1899,285,125,stop,4596,0.695055
gale-32b,Coreline,2855,379,166,stop,1862,0.972367
gale-32b,Steadfast,2704,373,161,stop,3345,0.990864
gale-32b,Fastori,2064,337,153,stop,1026,0.761942
gale-32b,NimbusServe,2687,257,106,stop,5115,0.857017
gale-32b,NimbusServe,2860,317,138,stop,6803,1.000081
gale-32b,Coreline,2787,177,78,stop,2415,1.001775
gale-32b,Coreline,3132,291,132,stop,2550,1.023492
gale-32b,Fastori,3404,330,153,stop,1183,1.110268
gale-32b,NimbusServe,2951,321,146,stop,61677,1.116941
gale-32b,Steadfast,2536,312,137,stop,4217,0.822390
gale-32b,NimbusServe,2465,393,179,stop,5469,0.946645
gale-32b,Coreline,2818,207,91,stop,3251,0.970747
gale-32b,Coreline,2707,374,178,stop,2644,0.931086
gale-32b,Steadfast,2291,245,108,stop,3907,0.788063
gale-32b,Coreline,3400,275,122,stop,2796,1.233065
gale-32b,Coreline,2530,396,172,stop,2170,0.948464
gale-32b,NimbusServe,2731,381,171,length,7338,0.908780
gale-32b,Fastori,3071,379,173,stop,1454,1.031721
gale-32b,Steadfast,1959,410,188,stop,5103,0.730419
gale-32b,Coreline,1705,414,184,stop,2112,0.697212
gale-32b,NimbusServe,1397,316,142,stop,6329,0.599536
gale-32b,Fastori,2221,217,97,stop,1742,0.698612
gale-32b,Steadfast,2443,271,118,stop,4676,0.827507
gale-32b,NimbusServe,2231,438,191,stop,7445,0.839997
gale-32b,Fastori,1433,236,108,stop,1469,0.565411
gale-32b,NimbusServe,1839,400,185,stop,5214,0.683810
gale-32b,Coreline,1498,236,106,stop,2966,0.604848
gale-32b,Steadfast,2590,386,166,stop,3835,0.942841
gale-32b,Coreline,2467,282,124,stop,2377,0.863937
gale-32b,Coreline,2696,477,216,stop,2403,1.101053
gale-32b,NimbusServe,2141,431,197,stop,5968,0.888411
gale-32b,Steadfast,2530,402,186,stop,3254,0.979627
gale-32b,Coreline,2293,329,147,stop,2206,0.901056
gale-32b,Coreline,3014,202,87,stop,2542,0.929007
gale-32b,Fastori,3683,280,124,stop,1301,1.327332
gale-32b,Coreline,2090,352,163,stop,3241,0.734688
gale-32b,Coreline,2988,472,223,stop,12724,1.023477
gale-32b,Coreline,2442,273,123,stop,2565,0.838789
gale-32b,Fastori,3261,238,105,stop,1235,1.067963
gale-32b,Coreline,2397,332,149,stop,2369,0.908083
gale-32b,NimbusServe,3143,298,138,stop,6038,1.162590
gale-32b,Steadfast,2612,371,169,stop,3513,1.034875
gale-32b,Fastori,2027,319,144,stop,1606,0.788135
gale-32b,NimbusServe,2406,294,132,stop,6923,0.772228
gale-32b,Coreline,2272,300,136,stop,2654,0.850412
gale-32b,Steadfast,3039,319,140,stop,4474,1.122700
gale-32b,Steadfast,1915,379,178,stop,11805,0.760843
gale-32b,NimbusServe,2081,378,180,stop,5358,0.816940
gale-32b,Steadfast,2994,351,158,stop,4424,1.072352
gale-32b,NimbusServe,2026,326,149,stop,8078,0.806826
gale-32b,Steadfast,1429,279,120,stop,3385,0.559288
gale-32b,Fastori,1755,276,120,stop,1529,0.687324
gale-32b,Coreline,2581,151,69,stop,2468,0.857097
gale-32b,NimbusServe,2292,330,152,stop,6601,0.763279
gale-32b,Steadfast,3463,318,145,stop,4987,1.082107
gale-32b,NimbusServe,2795,219,96,stop,3934,0.985205
gale-32b,Steadfast,2031,331,146,stop,3494,0.756566
gale-32b,Fastori,1325,474,217,stop,1711,0.629977
gale-32b,Fastori,3233,243,114,stop,1149,1.099325
gale-32b,Coreline,1884,321,144,stop,2621,0.635218
gale-32b,Steadfast,2619,324,143,stop,3251,0.962431
gale-32b,Fastori,1611,279,127,stop,1028,0.645514
gale-32b,Fastori,3187,357,161,stop,1451,1.117358
gale-32b,Steadfast,2180,354,166,stop,4077,0.766691
gale-32b,Coreline,2384,270,122,stop,2258,0.821521
gale-32b,NimbusServe,1420,310,142,stop,4531,0.563842
gale-32b,NimbusServe,2666,282,126,stop,6746,0.901144
gale-32b,NimbusServe,2975,364,166,stop,5955,1.095101
gale-32b,Steadfast,2426,332,151,stop,3946,0.810043
gale-32b,NimbusServe,1433,309,139,stop,6291,0.599244
gale-32b,Coreline,1211,289,129,stop,2142,0.457566
gale-32b,Coreline,2070,341,156,stop,2354,0.744944
gale-32b,Fastori,1478,288,131,stop,1473,0.520369
gale-32b,Steadfast,2071,293,134,stop,4399,0.790846
gale-32b,Fastori,1920,322,148,stop,1549,0.743237
gale-32b,Coreline,2598,383,175,stop,3082,0.934314
gale-32b,Steadfast,2157,256,114,stop,4210,0.764465
gale-32b,Steadfast,2093,315,143,stop,3373,0.822998
gale-32b,Coreline,2167,287,130,stop,2085,0.728274
gale-32b,Coreline,1914,403,181,stop,2410,0.677873
gale-32b,Fastori,3517,264,114,stop,1528,1.144654
gale-32b,NimbusServe,2789,219,98,stop,92761,0.850704
gale-32b,Fastori,2637,305,137,stop,1492,0.893289
gale-32b,NimbusServe,2825,264,121,stop,78285,1.044581
gale-32b,Fastori,3206,297,134,stop,1522,1.029183
gale-32b,NimbusServe,3206,346,150,stop,5798,1.160648
gale-32b,Coreline,1712,214,97,stop,2320,0.616232
gale-32b,Fastori,2433,259,115,stop,1452,0.902225
gale-32b,NimbusServe,2352,364,170,stop,5145,0.823813
gale-32b,NimbusServe,2063,277,122,stop,104391,0.683077
gale-32b,Coreline,2378,440,199,stop,2563,0.937643
gale-32b,Coreline,2013,330,152,stop,2558,0.677382
gale-32b,NimbusServe,1959,362,162,stop,6259,0.817689
gale-32b,NimbusServe,2876,351,157,stop,5547,1.007328
gale-32b,Coreline,1766,362,171,stop,2706,0.691078
gale-32b,Coreline,2636,364,160,stop,2809,0.908273
gale-32b,Steadfast,2384,273,124,stop,4519,0.776345
gale-32b,Steadfast,2654,438,204,stop,3789,0.951220
gale-32b,NimbusServe,1899,382,168,stop,6438,0.787098
gale-32b,Steadfast,2122,364,166,stop,3244,0.830283
gale-32b,Fastori,3209,288,125,stop,1067,1.055628
gale-32b,NimbusServe,2292,178,78,stop,5772,0.813203
gale-32b,Coreline,2234,296,132,stop,3308,0.791340
gale-32b,Steadfast,1703,362,168,stop,3572,0.612916
gale-32b,NimbusServe,2152,311,141,stop,5695,0.785481
gale-32b,Coreline,2638,418,185,stop,2244,1.041905
gale-32b,NimbusServe,1501,278,127,stop,5625,0.534532
gale-32b,Steadfast,2764,458,208,stop,4041,1.100553
gale-32b,NimbusServe,1989,239,106,stop,5336,0.763620
gale-32b,NimbusServe,2983,363,169,stop,70601,1.068103
gale-32b,Steadfast,3239,286,131,stop,3293,1.106934
gale-32b,Coreline,2203,210,95,stop,2946,0.703120
gale-32b,Coreline,2330,397,177,stop,2236,0.851482
gale-32b,NimbusServe,2132,335,152,stop,110608,0.719070
gale-32b,NimbusServe,2161,291,131,stop,6510,0.770163
gale-32b,Fastori,2633,431,194,stop,1302,0.985064
gale-32b,NimbusServe,2411,272,121,stop,65964,0.904136
gale-32b,Coreline,2991,376,170,stop,2564,1.050856
gale-32b,NimbusServe,3214,294,131,stop,5226,0.997837
gale-32b,Fastori,2120,285,130,stop,1566,0.711096
gale-32b,Fastori,2801,326,145,stop,1169,1.016193
gale-32b,Coreline,2265,362,155,stop,2341,0.825399
gale-32b,Steadfast,2471,324,141,stop,4782,0.915084
gale-32b,Fastori,1764,259,116,stop,1285,0.667027
gale-32b,Fastori,2722,310,138,stop,1330,1.026033
gale-32b,Steadfast,2936,277,127,stop,4491,1.017795
gale-32b,Steadfast,1160,334,155,stop,3894,0.490312
gale-32b,Steadfast,2708,351,157,stop,4177,0.871553
gale-32b,Steadfast,2800,300,128,stop,3727,0.883730
gale-32b,NimbusServe,2444,420,179,stop,5517,0.884881
gale-32b,NimbusServe,3542,316,145,stop,6040,1.154329
gale-32b,Fastori,3033,225,98,stop,1259,1.106145
gale-32b,Coreline,2175,362,160,stop,2809,0.739498
gale-32b,NimbusServe,2403,346,156,stop,7422,0.913489
gale-32b,Fastori,2247,247,119,stop,883,0.838946
gale-32b,Coreline,2807,352,154,stop,2840,0.958703
gale-32b,Steadfast,2060,414,184,stop,4342,0.724966
gale-32b,Steadfast,2307,335,156,stop,3421,0.765469
gale-32b,NimbusServe,1484,356,160,stop,4164,0.576402
gale-32b,NimbusServe,2918,416,186,stop,4771,1.115276
gale-32b,Fastori,1966,315,138,stop,1293,0.665435
gale-32b,Steadfast,2325,433,196,stop,5305,0.971209
gale-32b,Fastori,2707,353,160,stop,1290,1.033917
gale-32b,Steadfast,2445,306,136,stop,3865,0.893096
gale-32b,NimbusServe,1425,342,152,stop,5994,0.519550
gale-32b,Steadfast,3189,436,189,stop,3843,1.193980
gale-32b,Coreline,3047,286,124,stop,1966,1.014077
gale-32b,Coreline,1584,363,161,stop,2418,0.574559
gale-32b,Steadfast,2603,197,89,stop,2930,0.951613
gale-32b,Fastori,2649,328,149,stop,1600,1.002821
gale-32b,Coreline,3314,290,139,stop,2028,1.144720
gale-32b,Coreline,3168,352,152,stop,2240,1.191779
gale-32b,NimbusServe,2784,297,132,stop,7899,0.931385
gale-32b,Steadfast,2342,307,136,stop,3099,0.768245
gale-32b,Steadfast,1612,475,218,stop,5261,0.687614
gale-32b,Fastori,2143,281,127,stop,1423,0.699446
gale-32b,Coreline,1563,408,177,stop,2291,0.693808
gale-32b,Steadfast,1952,289,126,length,3995,0.667910
gale-32b,NimbusServe,2482,290,126,stop,6508,0.916028
gale-32b,Fastori,2644,420,185,stop,1291,1.058438
gale-32b,NimbusServe,2746,192,89,stop,5141,0.956456
gale-32b,Steadfast,2824,354,160,stop,4522,0.933968
gale-32b,NimbusServe,1032,269,122,stop,5575,0.458554
gale-32b,Coreline,2095,372,163,stop,2759,0.842326
gale-32b,NimbusServe,3628,309,139,stop,6803,1.344924
gale-32b,Coreline,1522,334,148,stop,2964,0.581788
gale-32b,Fastori,2483,238,110,stop,1242,0.864066
gale-32b,Fastori,1758,334,157,stop,1401,0.684943
gale-32b,Fastori,2923,279,125,stop,1348,0.962367
gale-32b,NimbusServe,2443,376,169,stop,6560,0.828757
gale-32b,NimbusServe,2559,329,146,stop,5683,0.886505
gale-32b,NimbusServe,2516,402,172,stop,6727,0.922068
gale-32b,NimbusServe,3056,216,96,stop,4964,0.945213
gale-32b,Fastori,2162,386,181,stop,1124,0.878758
gale-32b,NimbusServe,3175,304,138,stop,5183,1.131349
gale-32b,NimbusServe,2169,298,128,stop,6693,0.736459
gale-32b,Coreline,1686,325,147,stop,2721,0.598771
gale-32b,Coreline,2250,442,196,stop,2814,0.843758
gale-32b,Fastori,2860,422,190,stop,1437,0.942241
gale-32b,Fastori,1484,347,159,stop,1655,0.599188
gale-32b,Fastori,2743,357,156,stop,1287,0.897194
gale-32b,Fastori,2399,206,96,stop,1608,0.833400
gale-32b,Fastori,1744,347,157,stop,1318,0.635802
gale-32b,Fastori,2659,242,110,stop,1686,0.930346
gale-32b,Steadfast,3384,277,126,stop,3217,1.143340
gale-32b,Coreline,2016,356,157,stop,2248,0.794372
gale-32b,NimbusServe,2649,388,172,stop,7082,0.880975
gale-32b,Steadfast,2584,283,127,stop,4647,0.896064
gale-32b,Steadfast,3175,389,171,stop,3616,1.217148
gale-32b,Coreline,2073,294,135,stop,2538,0.721801
gale-32b,Coreline,2710,396,178,stop,2310,0.935766
gale-32b,NimbusServe,1728,286,127,stop,4959,0.656764
gale-32b,Coreline,1957,356,162,stop,2746,0.685126
gale-32b,NimbusServe,1248,341,156,stop,100913,0.565751
gale-32b,Steadfast,2269,295,130,stop,3956,0.801015
gale-32b,Coreline,1902,202,87,stop,1931,0.713978
gale-32b,Coreline,973,306,140,stop,2303,0.402622
gale-32b,NimbusServe,2191,390,173,stop,5485,0.905207
gale-32b,NimbusServe,1783,260,114,stop,5160,0.673069
gale-32b,Steadfast,3094,322,145,stop,4957,1.062461
gale-32b,NimbusServe,2715,351,157,stop,5874,0.889247
gale-32b,Coreline,1348,271,119,stop,1899,0.508887
gale-32b,Coreline,2677,269,116,stop,3242,0.963936
gale-32b,Fastori,2344,149,65,stop,1399,0.784978
gale-32b,Steadfast,2475,460,198,stop,3819,0.996747
gale-32b,Coreline,1934,243,111,stop,2330,0.741163
gale-32b,Fastori,2329,287,130,stop,5356,0.827217
gale-32b,NimbusServe,2775,359,164,stop,6082,1.078708
gale-32b,Coreline,2874,206,95,stop,2322,1.009055
gale-32b,Coreline,3051,276,122,stop,2224,0.964930
gale-32b,NimbusServe,2634,211,94,stop,7409,0.805241
gale-32b,Steadfast,2563,264,121,stop,4182,0.808211
gale-32b,NimbusServe,2707,380,175,stop,4885,0.964666
gale-32b,NimbusServe,2442,310,136,stop,5459,0.804661
gale-32b,NimbusServe,2923,377,172,stop,6546,1.104300
gale-32b,NimbusServe,2312,388,180,stop,5157,0.824693
gale-32b,Fastori,2099,349,158,stop,1286,0.725135
gale-32b,Fastori,2472,289,135,stop,989,0.876918
gale-32b,NimbusServe,1872,406,181,stop,100150,0.783905
gale-32b,Coreline,2480,228,100,stop,2549,0.868409
gale-32b,NimbusServe,1891,409,191,stop,5468,0.805868
gale-32b,NimbusServe,1818,242,111,stop,5802,0.681627
gale-32b,NimbusServe,2245,286,135,stop,6154,0.753550
gale-32b,Fastori,1541,229,106,stop,1441,0.507494
gale-32b,Coreline,2248,350,164,stop,2414,0.793809
gale-32b,NimbusServe,2616,262,116,stop,6515,0.909404
gale-32b,Coreline,2014,312,135,stop,2389,0.790160
gale-32b,Fastori,3530,369,174,stop,1355,1.123320
gale-32b,NimbusServe,2738,332,147,stop,7090,0.917112
gale-32b,NimbusServe,2998,313,142,stop,5900,0.972350
gale-32b,NimbusServe,2716,314,144,stop,5592,1.023233
gale-32b,Fastori,3444,347,150,stop,1656,1.209248
gale-32b,NimbusServe,2426,220,100,stop,4712,0.865290
gale-32b,NimbusServe,2164,341,151,stop,64505,0.785293
gale-32b,NimbusServe,2580,269,118,stop,5800,0.839247
gale-32b,Coreline,2780,383,167,stop,2507,1.047201
gale-32b,Coreline,2157,345,157,stop,2484,0.761428
gale-32b,NimbusServe,2970,249,116,stop,7242,1.088488
gale-32b,Fastori,2956,306,132,stop,1463,1.037467
gale-32b,Fastori,2074,339,161,stop,1245,0.731822
gale-32b,Coreline,2017,371,167,stop,2852,0.841320
gale-32b,Fastori,2556,253,115,stop,1116,0.899102
gale-32b,NimbusServe,1606,429,189,stop,7001,0.636351
gale-32b,Steadfast,1547,355,155,stop,4075,0.561917
gale-32b,Fastori,2309,249,111,stop,1624,0.849964
gale-32b,Coreline,3374,330,149,stop,2652,1.184861
gale-32b,Coreline,2058,292,131,stop,2442,0.708557
gale-32b,NimbusServe,1926,369,165,stop,5289,0.785435
gale-32b,Fastori,2343,318,144,stop,1106,0.834788
gale-32b,NimbusServe,3352,334,151,stop,116693,1.061796
gale-32b,Coreline,2066,314,151,stop,2930,0.692155
gale-32b,Coreline,2490,353,155,stop,2423,0.862278
gale-32b,NimbusServe,2990,277,123,stop,5930,0.944998
gale-32b,Coreline,2996,262,120,stop,2896,1.021038
gale-32b,Fastori,2635,262,117,stop,1581,0.986983
gale-32b,Steadfast,2379,473,212,stop,4195,0.990941
gale-32b,NimbusServe,2077,222,97,stop,5349,0.654616
gale-32b,Fastori,2384,349,159,stop,1953,0.855698
gale-32b,Steadfast,2809,360,167,stop,4036,0.960034
gale-32b,Steadfast,2696,389,170,stop,2867,1.055437
gale-32b,Fastori,1867,407,181,stop,1479,0.793215
gale-32b,Fastori,2957,286,130,stop,1387,1.069880
gale-32b,Steadfast,1162,283,131,stop,4046,0.438487
gale-32b,Fastori,3326,259,114,stop,1590,1.046162
gale-32b,Coreline,2921,352,158,stop,3119,1.037147
gale-32b,Fastori,2242,170,74,stop,1208,0.678499
gale-32b,Coreline,2883,310,135,stop,2109,1.048782
gale-32b,NimbusServe,3456,269,121,stop,4970,1.151859
gale-32b,Coreline,1801,326,147,stop,3288,0.686625
gale-32b,Steadfast,2959,380,171,stop,3920,1.001283
gale-32b,NimbusServe,2587,326,145,stop,6088,0.991342
gale-32b,Steadfast,1483,226,98,stop,4087,0.518808
gale-32b,Coreline,2381,351,159,stop,2614,0.872491
gale-32b,Fastori,3007,354,162,stop,1626,0.990405
gale-32b,Fastori,2936,347,159,stop,1407,0.962928
gale-32b,Steadfast,1193,328,150,stop,5010,0.542775
gale-32b,Fastori,2370,349,166,stop,1316,0.913262
gale-32b,Fastori,3121,327,144,stop,1339,1.063030
gale-32b,Coreline,2906,389,175,stop,2054,1.059446
gale-32b,Coreline,2557,333,152,stop,3118,0.969832
gale-32b,Fastori,2423,234,105,stop,1441,0.884636
gale-32b,Coreline,2910,375,180,stop,1988,1.011439
gale-32b,Coreline,2965,301,140,stop,2682,0.922585
gale-32b,NimbusServe,1865,363,166,stop,6633,0.697841
gale-32b,NimbusServe,2524,235,106,stop,6202,0.817500
gale-32b,Coreline,3225,399,188,stop,2439,1.095670
gale-32b,Fastori,1625,351,152,stop,1542,0.698522
gale-32b,Coreline,2323,295,130,stop,2764,0.869360
gale-32b,Coreline,2829,270,122,stop,3297,1.012374
gale-32b,NimbusServe,1656,271,120,stop,5222,0.563148
gale-32b,Steadfast,2993,302,136,stop,4468,1.091367
gale-32b,Coreline,1253,228,107,stop,2512,0.477536
gale-32b,Fastori,2552,330,149,stop,1234,0.819663
gale-32b,NimbusServe,2524,335,153,stop,5958,0.831943
gale-32b,Fastori,1945,381,175,stop,1385,0.697390
gale-32b,Coreline,2457,218,100,stop,2557,0.835413
gale-32b,Steadfast,2170,282,126,stop,25271,0.788015
gale-32b,Steadfast,2948,274,124,stop,3059,0.960355
gale-32b,Steadfast,2135,379,171,stop,3882,0.755229
gale-32b,NimbusServe,3145,359,164,stop,6934,1.115958
gale-32b,NimbusServe,1888,376,167,stop,6415,0.724390
gale-32b,NimbusServe,2695,358,157,stop,5629,0.968295
gale-32b,Coreline,2949,285,127,stop,2312,1.043317
gale-32b,Steadfast,1997,302,133,stop,4468,0.744789
gale-32b,NimbusServe,3138,381,163,stop,99344,1.184567
gale-32b,Fastori,3156,361,170,stop,1302,1.076913
gale-32b,Steadfast,1384,282,125,stop,4189,0.492188
gale-32b,Steadfast,3317,300,133,stop,3032,1.200296
gale-32b,Coreline,2929,256,111,stop,2870,1.024842
gale-32b,Steadfast,2854,227,100,stop,4226,0.942048
gale-32b,Fastori,2859,350,164,stop,1399,1.008724
gale-32b,Steadfast,2805,215,94,stop,3947,0.865835
gale-32b,Steadfast,2533,302,135,stop,4494,0.806660
gale-32b,Fastori,2697,271,120,stop,1471,0.981940
gale-32b,Coreline,2016,222,102,stop,2296,0.749497
gale-32b,Steadfast,2907,245,110,stop,3840,0.985507
gale-32b,Coreline,1994,312,141,stop,2040,0.671019
gale-32b,NimbusServe,3239,327,151,stop,4966,1.084350
gale-32b,NimbusServe,3089,349,158,stop,86188,1.091546
gale-32b,Fastori,2418,356,157,stop,1668,0.878217
gale-32b,NimbusServe,2075,292,133,stop,4508,0.821929
gale-32b,NimbusServe,3232,372,167,stop,6164,1.110552
gale-32b,NimbusServe,3745,350,159,stop,5350,1.361046
gale-32b,Fastori,2577,389,169,stop,1584,0.934920
gale-32b,Fastori,1995,286,127,stop,1465,0.673630
gale-32b,NimbusServe,1925,426,200,stop,6373,0.773414
gale-32b,Steadfast,3070,358,157,stop,3904,1.039611
gale-32b,NimbusServe,2154,370,159,stop,6266,0.758239
gale-32b,Steadfast,2076,353,158,stop,3854,0.799062
gale-32b,NimbusServe,1957,275,126,stop,4740,0.658060
gale-32b,Fastori,2701,269,123,stop,1298,0.977143
gale-32b,Steadfast,2468,286,130,stop,3863,0.825913
gale-32b,Fastori,1411,452,200,stop,1723,0.618197
gale-32b,NimbusServe,1972,317,148,stop,6603,0.734687
gale-32b,Steadfast,2432,375,172,stop,4238,0.903941
gale-32b,Steadfast,3134,274,120,stop,3771,1.044327
gale-32b,Steadfast,1496,308,140,stop,3497,0.554070
gale-32b,NimbusServe,2578,325,146,stop,6288,0.984902
gale-32b,Coreline,2191,207,94,stop,2460,0.720003
gale-32b,Coreline,2485,372,169,stop,2461,0.916208
gale-32b,Coreline,2002,257,115,stop,2768,0.759782
gale-32b,Steadfast,2069,295,135,stop,3288,0.686626
gale-32b,Fastori,2740,341,159,stop,1591,0.895584
gale-32b,NimbusServe,2737,266,122,stop,7167,0.959639
gale-32b,Coreline,2607,363,158,stop,2436,0.970435
gale-32b,Coreline,3528,435,195,stop,2504,1.167301
gale-32b,NimbusServe,2955,445,202,stop,113291,1.125930
gale-32b,Fastori,2828,423,184,stop,1678,1.047893
gale-32b,Steadfast,1371,208,95,stop,3853,0.497167
gale-32b,NimbusServe,2735,370,174,stop,5174,1.036320
gale-32b,Fastori,2579,292,133,stop,1200,0.960037
gale-32b,NimbusServe,2906,324,141,stop,5904,1.012377
gale-32b,Fastori,3356,213,97,stop,1436,1.157970
gale-32b,Fastori,1689,327,155,stop,1679,0.682500
gale-32b,Fastori,2836,328,144,stop,1364,0.994341
gale-32b,NimbusServe,2203,384,172,stop,5929,0.783863
gale-32b,Coreline,2654,460,204,stop,2573,1.065351
gale-32b,Coreline,1825,359,154,stop,2567,0.728478
gale-32b,Coreline,2858,333,149,stop,2684,0.956524
gale-32b,Fastori,2641,275,124,stop,1327,0.907932
gale-32b,Fastori,2517,342,158,stop,1431,0.970666
gale-32b,NimbusServe,2131,291,137,stop,84981,0.776597
gale-32b,Fastori,2111,245,107,stop,1563,0.690388
gale-32b,Coreline,2986,373,161,stop,3169,1.016164
gale-32b,Coreline,2935,386,175,stop,2061,1.121040
gale-32b,Coreline,3029,351,156,stop,1885,1.012997
gale-32b,Steadfast,2523,272,123,stop,3448,0.856180
gale-32b,Fastori,3054,392,177,stop,1502,1.022086
gale-32b,Fastori,1372,202,89,stop,1459,0.463926
gale-32b,Coreline,2381,360,171,stop,2699,0.906770
gale-32b,Steadfast,1628,382,175,stop,4579,0.590674
gale-32b,Coreline,2337,263,115,stop,2238,0.791107
gale-32b,Fastori,2255,390,180,stop,1373,0.794375
gale-32b,Coreline,1803,285,133,stop,1894,0.638673
gale-32b,NimbusServe,2564,322,145,stop,5463,0.909753
gale-32b,NimbusServe,2261,434,202,stop,7377,0.825750
gale-32b,Coreline,3124,392,170,stop,2256,1.005154
gale-32b,Coreline,2363,415,192,stop,2729,0.878227
gale-32b,Coreline,2206,364,165,stop,1851,0.879759
gale-32b,Coreline,1582,360,161,stop,2753,0.614301
gale-32b,Coreline,1678,282,128,stop,2482,0.646562
gale-32b,Steadfast,2755,272,124,stop,4369,0.983639
gale-32b,NimbusServe,1944,239,110,stop,66449,0.686196
gale-32b,Steadfast,2113,313,142,stop,3640,0.693929
gale-32b,Steadfast,3366,238,114,stop,3747,1.159257
gale-32b,Steadfast,3186,229,100,stop,3986,1.036226
gale-32b,Steadfast,2061,418,189,stop,3581,0.740575
gale-32b,Coreline,1826,267,119,stop,2349,0.639742
gale-32b,Coreline,2743,383,162,stop,3187,1.000328
gale-32b,Steadfast,2608,361,168,stop,3710,0.877837
gale-32b,Fastori,2790,266,116,stop,1387,0.888081
gale-32b,Fastori,2374,389,179,stop,935,0.897805
gale-32b,Coreline,1608,282,130,stop,2484,0.585903
gale-32b,Fastori,1900,322,144,stop,1764,0.654413
gale-32b,Steadfast,1994,394,164,stop,4125,0.803864
gale-32b,NimbusServe,1720,423,189,stop,5915,0.756346
gale-32b,Steadfast,2590,339,148,stop,3476,0.895074
gale-32b,Coreline,2180,366,168,stop,2227,0.789355
gale-32b,Steadfast,1645,253,114,stop,4843,0.621052
gale-32b,NimbusServe,3039,259,118,stop,5208,1.038334
gale-32b,Fastori,2172,433,194,stop,1214,0.790681
gale-32b,NimbusServe,1891,319,134,stop,94666,0.640768
gale-32b,Steadfast,3154,401,174,stop,3707,1.045094
gale-32b,Fastori,2959,274,128,stop,1668,1.016409
gale-32b,NimbusServe,3437,329,156,stop,7208,1.264551
gale-32b,Coreline,3026,344,146,stop,3485,1.029577
gale-32b,Steadfast,2825,332,141,stop,3772,1.016417
gale-32b,Steadfast,1707,262,117,stop,4558,0.580418
gale-32b,Coreline,2121,414,186,stop,3093,0.764190
gale-32b,NimbusServe,1946,315,136,stop,85001,0.686567
gale-32b,Coreline,2253,292,125,stop,2167,0.874685
gale-32b,Coreline,2089,259,118,stop,2026,0.798327
gale-32b,NimbusServe,2225,250,117,stop,75759,0.855250
gale-32b,Fastori,2488,306,143,stop,1498,0.952696
gale-32b,Coreline,2022,316,140,stop,2669,0.682680
gale-32b,NimbusServe,2298,482,224,stop,79092,0.896261
gale-32b,Steadfast,2873,280,131,stop,3798,1.060889
gale-32b,NimbusServe,3042,284,132,stop,6049,0.940986
gale-32b,NimbusServe,2401,269,126,stop,5727,0.876428
gale-32b,Fastori,2197,273,120,stop,1480,0.803308
gale-32b,Coreline,1832,384,172,stop,2260,0.671455
gale-32b,Steadfast,1912,349,152,stop,2926,0.754095
gale-32b,Coreline,1662,458,202,stop,3066,0.721074
gale-32b,Fastori,2670,285,131,stop,1572,0.917681
gale-32b,Coreline,2624,324,141,stop,2732,0.839729
gale-32b,Steadfast,1975,214,98,stop,4265,0.622503
gale-32b,Steadfast,2589,380,169,stop,3935,0.918170
gale-32b,Fastori,2276,371,174,stop,1693,0.810737
gale-32b,NimbusServe,976,373,160,stop,5995,0.481289
gale-32b,NimbusServe,2549,417,187,stop,4826,0.998664
gale-32b,Coreline,1752,392,182,stop,2384,0.634091
gale-32b,Fastori,2263,377,180,stop,1563,0.879843
gale-32b,Coreline,2551,371,171,stop,2961,0.929469
gale-32b,NimbusServe,2423,306,133,stop,6182,0.850360
gale-32b,Steadfast,2061,325,145,stop,3636,0.829952
gale-32b,NimbusServe,3057,498,223,stop,6201,1.083611
gale-32b,Coreline,2130,342,154,stop,2219,0.820168
gale-32b,Fastori,2521,337,153,stop,1395,0.984757
gale-32b,NimbusServe,2982,348,151,stop,7687,1.066048
gale-32b,Fastori,2638,285,133,stop,1303,0.925929
gale-32b,Fastori,2662,293,129,stop,1681,0.976454
gale-32b,NimbusServe,2893,323,146,stop,5832,1.048824
gale-32b,Fastori,2293,398,181,stop,1498,0.869524
gale-32b,Coreline,2031,228,103,stop,2579,0.712331
gale-32b,Fastori,2013,249,112,stop,1455,0.655592
gale-32b,Fastori,1517,377,162,stop,1199,0.619145
gale-32b,NimbusServe,2832,335,150,stop,7348,1.028529
gale-32b,NimbusServe,2037,360,160,stop,4881,0.835900
gale-32b,NimbusServe,2770,420,191,stop,58433,1.104975
gale-32b,Fastori,2197,293,128,stop,1341,0.814753
gale-32b,Steadfast,2376,184,85,stop,4288,0.792645
gale-32b,NimbusServe,2260,226,102,stop,6328,0.766208
gale-32b,NimbusServe,2362,349,164,stop,5420,0.871063
gale-32b,NimbusServe,2393,432,186,stop,5580,0.819231
gale-32b,NimbusServe,2198,292,135,stop,6051,0.717528
gale-32b,Fastori,2120,266,120,stop,1105,0.697190
gale-32b,Fastori,2339,313,139,stop,1257,0.866793
gale-32b,Fastori,2816,327,146,stop,1636,0.905059
gale-32b,Fastori,1773,202,94,stop,1672,0.566355
gale-32b,Steadfast,2940,310,139,stop,2999,1.055243
gale-32b,Steadfast,1918,329,150,stop,4721,0.754769
gale-32b,Fastori,1696,270,121,stop,1881,0.630976
gale-32b,Steadfast,2552,306,140,stop,4039,0.935871
gale-32b,Coreline,2854,311,131,stop,11933,1.071673
gale-32b,NimbusServe,2868,234,107,stop,104076,1.055293
gale-32b,Fastori,2636,316,145,stop,1433,0.900786
gale-32b,Steadfast,1393,382,175,stop,4569,0.535214
gale-32b,Steadfast,2196,372,169,stop,3730,0.851589
gale-32b,Coreline,3875,327,146,stop,2669,1.376164
gale-32b,Fastori,2264,342,155,stop,1443,0.793224
gale-32b,Steadfast,2476,356,155,stop,4511,0.905956
gale-32b,NimbusServe,1789,370,166,stop,4894,0.701499
gale-32b,Fastori,2224,302,132,stop,1348,0.836398
gale-32b,Steadfast,2221,359,166,stop,3552,0.872596
gale-32b,Coreline,1824,256,115,stop,2683,0.682836
gale-32b,Coreline,2237,312,137,stop,2135,0.844112
gale-32b,Steadfast,2478,378,172,stop,5510,0.958601
gale-32b,Steadfast,2853,371,165,stop,3753,0.935142
gale-32b,NimbusServe,2654,326,146,stop,6175,0.903664
gale-32b,Fastori,2232,319,143,stop,1601,0.851194
gale-32b,NimbusServe,3544,251,106,stop,6546,1.129103
gale-32b,Steadfast,3533,360,160,stop,4322,1.200415
gale-32b,Fastori,3303,354,162,stop,1486,1.053242
gale-32b,Coreline,2023,164,72,stop,2694,0.660191
gale-32b,NimbusServe,2481,443,207,stop,6032,0.868822
gale-32b,Fastori,2154,285,119,stop,1524,0.811660
gale-32b,Steadfast,3300,308,138,stop,4122,1.096270
gale-32b,Fastori,2141,322,143,stop,1268,0.830355
gale-32b,Fastori,2441,343,157,stop,1481,0.942357
gale-32b,Steadfast,1708,360,154,stop,3746,0.681712
gale-32b,Coreline,2577,348,154,stop,2278,0.925313
gale-32b,Steadfast,1822,332,140,stop,4267,0.677007
gale-32b,Steadfast,2079,345,157,stop,3591,0.809611
gale-32b,Steadfast,2112,428,199,stop,3535,0.836734
gale-32b,Fastori,2123,226,99,stop,1504,0.751193
gale-32b,Coreline,1898,333,154,stop,2265,0.713541
gale-32b,Coreline,2370,236,105,stop,2237,0.856941
gale-32b,Coreline,3552,396,171,stop,2118,1.235138
gale-32b,Coreline,1848,320,145,stop,2711,0.733525
gale-32b,NimbusServe,2225,254,111,stop,6847,0.852795
gale-32b,Coreline,1477,192,83,stop,2373,0.525450
gale-32b,Steadfast,2886,414,190,stop,3878,1.086702
gale-32b,NimbusServe,2605,265,121,stop,5864,0.922854
gale-32b,Coreline,2090,374,165,stop,2633,0.729475
gale-32b,Coreline,2634,359,166,stop,2706,0.997790
gale-32b,NimbusServe,2093,218,97,stop,6213,0.785089
gale-32b,Fastori,1850,242,109,stop,1520,0.634010
gale-32b,NimbusServe,1786,358,163,stop,4925,0.690443
gale-32b,Steadfast,1675,305,134,stop,3826,0.633354
gale-32b,Steadfast,2619,288,128,stop,3411,0.826166
gale-32b,Fastori,3388,411,182,stop,1251,1.264241
gale-32b,Fastori,2627,363,170,stop,1545,1.026074
gale-32b,Coreline,3590,307,140,stop,3189,1.108684
gale-32b,Coreline,2106,205,96,stop,2531,0.650984
gale-32b,Fastori,2041,306,136,stop,1380,0.812899
gale-32b,Fastori,2211,260,115,stop,1393,0.746431
gale-32b,Steadfast,2401,245,114,stop,4564,0.827581
gale-32b,Steadfast,2071,249,113,stop,3452,0.794437
gale-32b,NimbusServe,2282,363,168,stop,112723,0.767277
gale-32b,NimbusServe,2308,319,145,stop,7072,0.884230
gale-32b,NimbusServe,2205,307,139,stop,6109,0.821888
gale-32b,Fastori,1838,330,146,stop,1027,0.757495
gale-32b,Steadfast,2740,307,142,stop,5305,0.930157
gale-32b,Steadfast,3059,450,199,stop,4002,1.089148
gale-32b,Fastori,2881,301,140,stop,1123,0.897314
gale-32b,NimbusServe,2043,272,124,stop,4584,0.757458
gale-32b,Steadfast,2750,418,186,stop,3822,0.984313
gale-32b,Steadfast,2121,230,102,stop,3396,0.782122
gale-32b,Steadfast,2216,285,125,stop,3531,0.863082
gale-32b,Steadfast,2558,414,185,stop,4667,0.944965
gale-32b,NimbusServe,2987,389,180,stop,6186,0.962349
gale-32b,Steadfast,3031,319,147,stop,3794,1.012061
gale-32b,Coreline,3089,357,161,stop,2943,0.982434
gale-32b,Coreline,2468,337,158,stop,3161,0.938638
gale-32b,Coreline,2764,346,162,stop,2769,0.925120
gale-32b,Coreline,3230,399,172,stop,2612,1.076649
gale-32b,Steadfast,2236,325,141,stop,3480,0.734371
gale-32b,NimbusServe,1626,329,151,stop,7367,0.619235
gale-32b,Fastori,2675,291,130,stop,1675,0.945910
gale-32b,Steadfast,2008,328,145,stop,4468,0.799522
gale-32b,Fastori,1206,265,124,stop,1162,0.458641
gale-32b,Coreline,2441,307,139,stop,2228,0.853650
gale-32b,NimbusServe,2079,242,109,stop,51052,0.768844
gale-32b,Coreline,2219,378,169,stop,2487,0.857304
gale-32b,Fastori,3248,443,198,stop,1518,1.265463
gale-32b,Fastori,3207,285,127,stop,1526,1.147448
gale-32b,Steadfast,1818,437,194,stop,4667,0.674346
gale-32b,Coreline,2262,268,120,stop,2729,0.832634
gale-32b,Fastori,1487,317,143,stop,1353,0.584314
gale-32b,Steadfast,2783,347,160,stop,3426,0.985358
gale-32b,Steadfast,2572,363,163,stop,3944,0.850932
gale-32b,Fastori,2038,280,127,stop,1157,0.719402
gale-32b,Coreline,2421,409,186,stop,2388,0.990368
gale-32b,NimbusServe,1590,297,130,stop,5589,0.600487
gale-32b,Steadfast,3354,386,165,stop,4623,1.195002
gale-32b,Steadfast,1992,324,145,stop,4525,0.710971
gale-32b,Steadfast,1828,317,143,stop,3556,0.736857
gale-32b,Fastori,3057,249,114,stop,1160,1.033508
gale-32b,Steadfast,2736,244,109,stop,18597,0.961885
gale-32b,Coreline,3047,388,173,stop,2322,1.104249
gale-32b,Steadfast,2153,315,145,stop,3899,0.773175
gale-32b,Coreline,2992,187,87,stop,2091,1.024419
gale-32b,Coreline,2656,289,138,stop,2842,0.929666
gale-32b,Fastori,3344,335,144,stop,1532,1.092219
gale-32b,NimbusServe,2844,282,129,stop,114771,1.005219
gale-32b,Coreline,2132,412,180,stop,2560,0.827983
gale-32b,Coreline,2287,461,206,stop,2467,0.892828
gale-32b,Steadfast,2463,382,174,stop,4084,0.905330
gale-32b,Coreline,2914,225,99,stop,2478,0.981367
gale-32b,NimbusServe,2088,315,140,stop,108051,0.809832
gale-32b,Steadfast,1657,338,148,stop,4084,0.587925
gale-32b,NimbusServe,1515,234,107,stop,6214,0.516019
gale-32b,Fastori,1745,297,137,stop,1499,0.609029
gale-32b,Fastori,3495,297,139,stop,1396,1.282561
gale-32b,Steadfast,2440,381,175,stop,4744,0.908299
gale-32b,Coreline,2269,321,149,stop,2475,0.784589
gale-32b,Coreline,3056,349,164,stop,2340,1.024574
gale-32b,Steadfast,3401,226,99,stop,3987,1.167518
gale-32b,Fastori,2639,180,78,stop,1580,0.895879
gale-32b,Coreline,1935,432,201,stop,2472,0.847044
gale-32b,Steadfast,2791,354,161,stop,3722,1.034857
gale-32b,Coreline,2025,225,101,stop,3113,0.672121
gale-32b,Fastori,1302,316,135,stop,1322,0.542655
gale-32b,NimbusServe,2080,183,84,stop,4852,0.669797
gale-32b,Coreline,2667,293,126,stop,2187,0.979137
gale-32b,Fastori,1839,195,86,stop,1285,0.669524
gale-32b,Steadfast,2217,291,132,stop,5016,0.784246
gale-32b,NimbusServe,3548,288,127,stop,87523,1.078872
gale-32b,Fastori,2846,476,221,stop,1250,0.979591
gale-32b,NimbusServe,2502,324,147,stop,4249,0.940721
gale-32b,Fastori,2991,238,103,stop,897,0.923797
gale-32b,Coreline,2562,381,171,stop,2209,0.949564
gale-32b,Steadfast,2718,250,107,stop,4591,0.940553
gale-32b,Fastori,2785,277,124,stop,1538,0.899085
gale-32b,Fastori,2281,369,171,stop,1628,0.914089
gale-32b,Fastori,2320,299,131,stop,10284,0.864841
gale-32b,Fastori,2554,365,157,stop,1741,0.909197
gale-32b,NimbusServe,2642,226,100,stop,5774,0.951787
gale-32b,Fastori,2626,403,177,stop,1215,1.011521
gale-32b,NimbusServe,2498,321,146,stop,5118,0.861504
gale-32b,Coreline,1913,343,162,stop,14333,0.718132
gale-32b,Coreline,2440,325,146,stop,1692,0.955837
gale-32b,Fastori,2493,229,106,stop,1335,0.901090
gale-32b,NimbusServe,2082,175,78,stop,6837,0.643382
gale-32b,Fastori,2548,306,137,stop,972,0.953539
gale-32b,Coreline,1270,241,106,stop,2195,0.523662
gale-32b,Coreline,2661,386,177,stop,2443,0.892275
gale-32b,NimbusServe,2986,361,152,stop,110193,1.082706
gale-32b,Steadfast,1664,257,117,stop,3132,0.657473
gale-32b,NimbusServe,2883,287,131,stop,54879,1.045506
gale-32b,Steadfast,3489,454,202,stop,3853,1.172598
gale-32b,NimbusServe,1313,336,152,stop,80464,0.516932
gale-32b,NimbusServe,2412,315,136,stop,4477,0.807543
gale-32b,NimbusServe,2685,354,162,stop,6246,0.936191
gale-32b,Steadfast,2022,379,168,stop,3368,0.712022
gale-32b,Coreline,1893,395,177,stop,2401,0.723327
gale-32b,Fastori,2726,347,153,stop,1470,0.957941
gale-32b,Coreline,2326,410,179,stop,2276,0.793215
gale-32b,Coreline,3194,210,94,stop,2682,1.102488
gale-32b,NimbusServe,2000,302,135,stop,6322,0.743150
gale-32b,Steadfast,2849,185,83,stop,3353,0.891452
gale-32b,Coreline,2819,370,175,stop,2730,1.004660
gale-32b,Steadfast,3546,298,136,stop,3936,1.192559
gale-32b,Coreline,2199,286,128,stop,2237,0.829026
gale-32b,Coreline,2929,216,100,stop,2441,1.062226
gale-32b,NimbusServe,1436,273,121,stop,6373,0.532110
gale-32b,Fastori,1974,247,114,stop,1252,0.680995
gale-32b,Steadfast,2599,323,140,stop,4216,0.936877
gale-32b,Steadfast,2344,425,196,stop,3214,0.886507
gale-32b,Steadfast,3004,351,160,stop,3824,1.087795
gale-32b,NimbusServe,2994,416,199,stop,6420,1.041074
gale-32b,Fastori,2554,165,77,stop,1518,0.910119
gale-32b,Steadfast,1693,274,125,stop,3507,0.658364
gale-32b,Coreline,2135,323,146,stop,2266,0.749190
gale-32b,Steadfast,1760,357,161,stop,4616,0.616993
gale-32b,NimbusServe,2620,359,161,stop,7735,0.860338
gale-32b,Fastori,2338,356,161,stop,935,0.790405
gale-32b,Coreline,2025,308,141,stop,2648,0.672531
gale-32b,Coreline,1953,194,83,stop,2806,0.718889
gale-32b,Coreline,3433,207,93,stop,2655,1.162198
gale-32b,Coreline,1653,260,118,stop,2985,0.649133
gale-32b,Fastori,2541,438,196,stop,1526,1.039299
gale-32b,Fastori,2411,497,227,stop,1480,0.957708
gale-32b,Coreline,2005,384,170,stop,2317,0.692379
gale-32b,Steadfast,2453,501,223,stop,3702,1.024260
gale-32b,NimbusServe,3127,266,121,stop,5326,1.096218
gale-32b,Coreline,2812,449,204,stop,2303,1.046621
gale-32b,Steadfast,2964,438,197,stop,3468,1.098733
gale-32b,NimbusServe,2131,310,144,stop,6830,0.824804
gale-32b,Fastori,1957,272,120,stop,1617,0.773999
gale-32b,Steadfast,3113,442,197,stop,4196,1.097818
gale-32b,Fastori,2277,350,150,stop,1694,0.852117
gale-32b,Coreline,3177,232,106,stop,2590,0.979889
gale-32b,Coreline,2288,322,145,stop,2712,0.816583
gale-32b,NimbusServe,2105,243,112,stop,6053,0.739145
gale-32b,Steadfast,2139,193,88,stop,2825,0.771198
gale-32b,NimbusServe,3421,244,113,stop,5471,1.029375
gale-32b,NimbusServe,1777,359,159,stop,6952,0.688255
gale-32b,Steadfast,1737,345,149,stop,4176,0.698148
gale-32b,Fastori,2654,284,126,stop,1183,0.999369
gale-32b,Steadfast,2734,301,142,stop,3570,0.960804
gale-32b,Steadfast,2154,363,162,stop,3825,0.817442
gale-32b,Fastori,1787,251,109,stop,1188,0.667583
gale-32b,Fastori,2019,426,191,stop,1316,0.784594
gale-32b,NimbusServe,1888,367,171,stop,4741,0.683795
gale-32b,Coreline,2747,293,135,stop,14952,0.906631
gale-32b,Steadfast,2020,354,167,stop,4585,0.775993
gale-32b,Coreline,1720,296,133,stop,2705,0.643949
gale-32b,Coreline,3407,187,83,stop,2013,1.176511
gale-32b,Coreline,2639,301,136,stop,2640,0.883834
gale-32b,Steadfast,2203,387,176,stop,4495,0.797873
gale-32b,Fastori,2236,285,129,stop,1560,0.806257
gale-32b,Coreline,2633,418,188,stop,2657,1.042672
gale-32b,Coreline,2453,214,96,stop,2704,0.777614
gale-32b,Fastori,2380,321,139,stop,1215,0.909355
gale-32b,Coreline,1816,352,165,stop,2390,0.707124
gale-32b,Fastori,2828,279,126,stop,1352,1.022881
gale-32b,NimbusServe,2583,264,121,stop,86580,0.803427
gale-32b,Steadfast,2457,175,79,stop,4497,0.738920
gale-32b,Steadfast,1625,270,120,stop,3802,0.577150
gale-32b,Steadfast,2312,312,141,stop,3506,0.885054
gale-32b,Steadfast,1392,260,120,stop,3731,0.551853
gale-32b,NimbusServe,1260,348,157,stop,7298,0.504651
gale-32b,NimbusServe,2163,261,116,stop,5582,0.729045
gale-32b,Fastori,1773,239,108,stop,1459,0.660793
gale-32b,Fastori,2519,323,148,stop,1899,0.873645
gale-32b,Fastori,2285,293,132,stop,1418,0.782772
gale-32b,Coreline,1994,322,149,stop,2082,0.685642
gale-32b,Fastori,2349,340,152,stop,1207,0.841449
gale-32b,NimbusServe,2098,288,124,stop,100471,0.678290
gale-32b,Steadfast,1684,308,135,stop,3362,0.601461
gale-32b,Steadfast,2766,477,224,stop,4064,1.079945
gale-32b,Coreline,2609,284,125,stop,2672,0.852637
gale-32b,Steadfast,2272,288,133,stop,3954,0.816096
gale-32b,Coreline,1618,249,111,stop,2516,0.592032
gale-32b,Steadfast,2898,341,160,stop,4006,1.049038
gale-32b,Coreline,2192,252,114,stop,2690,0.732465
gale-32b,NimbusServe,2948,361,157,stop,94541,0.986627
gale-32b,Coreline,1925,320,144,stop,2212,0.787159
gale-32b,Fastori,2140,272,125,stop,1563,0.705340
gale-32b,NimbusServe,2799,255,113,stop,95652,1.033597
gale-32b,Fastori,3084,322,152,stop,952,0.988099
gale-32b,Coreline,2817,258,117,stop,2735,0.965913
gale-32b,Coreline,2263,344,153,stop,2407,0.845863
gale-32b,Fastori,2341,351,159,stop,1557,0.913400
gale-32b,NimbusServe,2616,209,96,stop,6700,0.862643
gale-32b,Coreline,2220,343,155,stop,2253,0.803333
gale-32b,NimbusServe,2772,235,108,stop,5117,1.004399
gale-32b,Steadfast,1684,239,106,stop,4592,0.636336
gale-32b,Steadfast,2453,291,132,stop,4796,0.842022
gale-32b,NimbusServe,2205,466,197,stop,81270,0.926586
gale-32b,Fastori,2291,379,168,stop,1537,0.857819
gale-32b,NimbusServe,2324,284,127,stop,7186,0.793510
gale-32b,Steadfast,2168,247,111,stop,4295,0.743816
gale-32b,Steadfast,2032,300,137,stop,14076,0.742915
gale-32b,Coreline,3074,370,170,stop,2814,1.101559
gale-32b,Coreline,2563,269,122,stop,2518,0.824827
gale-32b,Steadfast,2613,278,125,stop,4224,0.920739
gale-32b,Steadfast,3387,370,171,stop,4383,1.117132
gale-32b,Coreline,2776,360,158,stop,2447,0.910431
gale-32b,Fastori,2547,367,169,stop,1261,0.900716
gale-32b,Fastori,1870,412,188,stop,1428,0.767748
gale-32b,Fastori,2683,347,154,stop,1091,0.993309
gale-32b,Steadfast,2146,250,115,stop,3507,0.711555
gale-32b,Steadfast,2119,227,104,stop,3746,0.770983
gale-32b,Steadfast,2266,362,161,stop,3588,0.810339
gale-32b,Coreline,1975,477,210,stop,2935,0.871103
gale-32b,NimbusServe,2485,411,182,stop,77846,0.835591
gale-32b,Fastori,2679,283,128,stop,1009,0.940205
gale-32b,Fastori,1652,427,201,stop,1299,0.704243
gale-32b,Steadfast,2871,379,170,stop,4873,0.985144
gale-32b,NimbusServe,2378,317,147,stop,6201,0.923992
gale-32b,Fastori,2910,255,116,stop,1307,1.010103
gale-32b,Coreline,2796,414,185,stop,2304,0.999720
gale-32b,Coreline,1299,327,147,stop,2463,0.521862
gale-32b,Coreline,2261,407,173,stop,2824,0.849062
gale-32b,Coreline,1348,238,110,stop,2431,0.485735
gale-32b,Fastori,1888,270,122,stop,1329,0.716337
gale-32b,NimbusServe,1974,393,175,stop,105280,0.725814
gale-32b,Coreline,1580,323,141,stop,2804,0.605742
gale-32b,Fastori,2488,296,134,stop,1405,0.924195
gale-32b,Steadfast,1571,315,144,stop,3672,0.664817
gale-32b,Coreline,2518,252,121,stop,14274,0.813312
gale-32b,NimbusServe,2249,419,189,stop,58626,0.797997
gale-32b,NimbusServe,3447,357,167,stop,7355,1.251682
gale-32b,Coreline,3147,400,176,stop,2440,1.195571
gale-32b,Steadfast,3311,413,183,stop,4628,1.262002
gale-32b,Fastori,2449,393,172,stop,1515,0.971472
gale-32b,Steadfast,2162,328,147,stop,4140,0.852534
gale-32b,Fastori,2876,307,142,stop,5002,0.935858
gale-32b,Fastori,2201,246,107,stop,1115,0.703987
gale-32b,Steadfast,2065,284,132,stop,3941,0.784028
gale-32b,Fastori,2630,408,180,stop,1214,0.997801
gale-32b,Fastori,3235,213,94,stop,1197,1.077834
gale-32b,Fastori,2697,315,141,stop,1390,0.999401
gale-32b,Coreline,2482,372,171,stop,2425,0.864712
gale-32b,Steadfast,2623,298,134,stop,4301,0.872149
gale-32b,NimbusServe,2808,216,99,stop,6048,0.945834
gale-32b,Steadfast,2532,378,172,stop,4404,0.974661
gale-32b,Coreline,2313,240,108,stop,2737,0.743120
gale-32b,NimbusServe,2445,364,169,stop,67694,0.964039
gale-32b,Coreline,2677,376,166,stop,1898,1.032754
gale-32b,NimbusServe,2562,384,183,stop,6725,0.851819
gale-32b,NimbusServe,1378,363,165,stop,6131,0.583467
gale-32b,Fastori,2895,286,127,stop,1406,0.974537
gale-32b,Fastori,1683,274,128,stop,1552,0.632614
gale-32b,Steadfast,3323,207,96,stop,3701,1.060003
gale-32b,Steadfast,2765,211,89,stop,3752,0.846153
gale-32b,Steadfast,2890,286,127,stop,3150,0.941580
gale-32b,NimbusServe,1783,458,218,stop,65950,0.725240
gale-32b,Steadfast,3195,203,93,stop,4862,1.087769
gale-32b,Coreline,2535,374,166,stop,2733,1.010301
gale-32b,Coreline,3192,297,135,stop,3052,1.147171
gale-32b,Fastori,2741,489,227,stop,1300,1.079732
gale-32b,Steadfast,2683,300,132,stop,4600,0.963200
gale-32b,Fastori,2568,372,172,stop,1477,1.003985
gale-32b,NimbusServe,2695,399,186,stop,6892,0.982502
gale-32b,Coreline,1776,401,184,stop,2499,0.741438
gale-32b,Coreline,2944,243,109,stop,2547,1.086334
gale-32b,Steadfast,1450,307,133,stop,4723,0.547095
gale-32b,Coreline,3206,289,131,stop,1711,1.090312
gale-32b,Coreline,3174,254,122,stop,2834,1.038915
gale-32b,Steadfast,2249,289,122,stop,4394,0.831409
gale-32b,Steadfast,2925,356,167,stop,3424,1.058301
gale-32b,Coreline,2568,351,167,stop,2651,0.899610
gale-32b,Steadfast,2424,465,211,stop,4746,0.964982
gale-32b,Fastori,2880,395,177,stop,1356,1.063121
gale-32b,Steadfast,1780,274,131,stop,3497,0.590363
gale-32b,Fastori,3695,286,129,stop,1660,1.152562
gale-32b,NimbusServe,2482,252,119,stop,4710,0.832306
gale-32b,Fastori,2689,386,166,stop,1500,0.922133
gale-32b,Steadfast,2014,384,170,stop,3827,0.768781
gale-32b,Fastori,3250,256,114,stop,1533,1.154803
gale-32b,NimbusServe,2292,314,148,stop,6330,0.751316
gale-32b,Steadfast,2656,372,163,stop,3195,0.960075
gale-32b,Steadfast,2229,381,173,stop,4427,0.841346
gale-32b,NimbusServe,3331,441,194,stop,6741,1.166367
gale-32b,Steadfast,1400,259,114,stop,4362,0.519195
gale-32b,NimbusServe,2819,237,109,stop,4371,0.978364
gale-32b,Coreline,3418,371,164,stop,2715,1.091739
gale-32b,Steadfast,1943,350,160,stop,4855,0.720460
gale-32b,Coreline,2705,297,139,stop,2578,0.851769
gale-32b,NimbusServe,2596,327,141,stop,4947,0.829273
gale-32b,Coreline,1776,280,130,stop,2585,0.676320
gale-32b,NimbusServe,3077,417,193,stop,63025,1.098484
gale-32b,Coreline,2467,233,106,stop,2679,0.839426
gale-32b,NimbusServe,2711,210,93,stop,60033,0.858657
gale-32b,NimbusServe,3225,402,174,stop,73941,1.214563
gale-32b,Fastori,2310,347,152,stop,1089,0.895279
gale-32b,Fastori,2391,398,180,stop,1219,0.809897
gale-32b,Steadfast,2424,461,200,stop,4604,0.869542
gale-32b,NimbusServe,1785,419,185,stop,4924,0.751875
gale-32b,Fastori,2433,290,128,stop,1214,0.816606
gale-32b,Coreline,2828,466,202,stop,2275,1.005075
gale-32b,Coreline,1773,334,157,stop,2494,0.629256
gale-32b,Fastori,2529,325,146,stop,6567,0.943315
gale-32b,Coreline,2039,256,122,stop,2928,0.789122
gale-32b,Fastori,3037,309,139,stop,1482,0.951763
gale-32b,Fastori,2014,301,138,stop,1625,0.703581
gale-32b,NimbusServe,2467,333,144,stop,5546,0.881220
gale-32b,NimbusServe,2553,378,169,stop,60722,0.922450
gale-32b,Fastori,2634,263,119,stop,1508,0.952861
gale-32b,Coreline,2369,268,118,stop,2297,0.817039
gale-32b,NimbusServe,2919,237,108,stop,5941,1.013808
gale-32b,NimbusServe,2228,422,194,stop,6914,0.891920
gale-32b,NimbusServe,2411,408,188,stop,5829,0.990957
gale-32b,Fastori,1146,291,134,stop,1193,0.442397
gale-32b,Coreline,1960,358,165,stop,2684,0.817521
gale-32b,Coreline,1466,347,152,stop,2289,0.623381
gale-32b,Coreline,3212,402,188,stop,2169,1.251797
gale-32b,NimbusServe,2297,345,153,stop,5846,0.901361
gale-32b,Steadfast,2926,315,133,stop,17182,0.939125
gale-32b,Steadfast,2651,360,160,stop,3598,0.992875
gale-32b,Coreline,2301,396,183,stop,2695,0.944927
gale-32b,Fastori,2278,329,157,stop,1462,0.902843
gale-32b,Fastori,1809,390,175,stop,1532,0.684944
gale-32b,Steadfast,1928,369,166,stop,5019,0.800004
gale-32b,NimbusServe,2379,338,156,stop,4814,0.784685
gale-32b,Coreline,1865,394,169,stop,2193,0.659684
gale-32b,Fastori,2203,311,142,stop,1543,0.839848
gale-32b,Coreline,2679,321,145,stop,2473,1.036272
gale-32b,Coreline,3030,333,155,stop,2493,1.134302
gale-32b,Steadfast,3355,294,130,stop,24118,1.104738
gale-32b,Coreline,1763,237,107,stop,2930,0.623767
gale-32b,Fastori,2242,149,65,stop,1454,0.779136
gale-32b,Coreline,3161,307,140,stop,3029,1.052475
gale-32b,Coreline,2325,390,175,stop,3314,0.830618
gale-32b,NimbusServe,3120,282,122,stop,5306,1.116369
gale-32b,Fastori,2001,351,163,stop,1049,0.702605
gale-32b,Fastori,1936,340,153,stop,1316,0.692508
gale-32b,NimbusServe,2493,320,145,stop,6334,0.867316
gale-32b,NimbusServe,2148,297,136,stop,4966,0.736783
gale-32b,Coreline,3458,408,183,stop,2450,1.167132
gale-32b,Fastori,2531,184,81,stop,1540,0.879446
gale-32b,NimbusServe,2674,331,150,stop,97073,1.036723
gale-32b,Coreline,2976,350,160,stop,2973,0.986370
gale-32b,NimbusServe,1095,271,125,stop,57469,0.403522
gale-32b,Coreline,2052,334,148,stop,2315,0.826405
gale-32b,NimbusServe,2051,304,137,stop,6073,0.775604
gale-32b,Coreline,2282,223,104,stop,2761,0.805542
gale-32b,Steadfast,2248,248,107,stop,4293,0.812940
gale-32b,NimbusServe,2401,261,119,stop,5682,0.842433
gale-32b,Fastori,2294,329,149,stop,1265,0.875621
gale-32b,Steadfast,2277,211,96,stop,4481,0.823790
gale-32b,NimbusServe,2850,347,154,stop,5425,0.917051
gale-32b,Steadfast,2193,316,138,stop,3081,0.748000
gale-32b,NimbusServe,2512,335,148,stop,5028,0.973349
gale-32b,Fastori,1433,346,154,stop,1199,0.583412
gale-32b,Steadfast,2921,407,179,stop,3971,1.026010
gale-32b,Coreline,2238,375,173,stop,1855,0.895532
gale-32b,NimbusServe,2082,196,93,stop,6195,0.766852
gale-32b,Steadfast,3479,324,144,stop,4851,1.302463
gale-32b,Fastori,2848,432,190,stop,1451,1.110141
gale-32b,Fastori,3259,323,140,stop,1279,1.198122
gale-32b,Steadfast,2265,350,160,stop,22080,0.891098
gale-32b,Fastori,2256,270,117,stop,1187,0.750735
gale-32b,Coreline,2351,402,179,stop,2462,0.952914
gale-32b,Steadfast,2263,200,88,stop,3600,0.775156
gale-32b,Coreline,2270,266,122,stop,2202,0.844270
gale-32b,Fastori,2948,254,115,stop,1508,1.020519
gale-32b,Steadfast,1913,412,181,stop,4172,0.822252
gale-32b,Steadfast,2710,321,145,stop,4215,0.929095
gale-32b,NimbusServe,2093,376,166,stop,4744,0.800550
gale-32b,Fastori,2335,320,145,stop,1331,0.824298
gale-32b,NimbusServe,2996,395,187,stop,5367,0.977511
gale-32b,Steadfast,2508,315,138,stop,5113,0.966030
gale-32b,Coreline,2781,265,120,stop,2803,0.886825
gale-32b,NimbusServe,2652,287,130,stop,4061,0.847644
gale-32b,Coreline,1364,210,96,stop,2929,0.536138
gale-32b,Coreline,2001,281,123,stop,2419,0.675210
gale-32b,Steadfast,2918,311,141,stop,4018,1.064671
gale-32b,Fastori,2275,220,101,stop,1716,0.853943
gale-32b,NimbusServe,2880,421,196,stop,6430,0.979743
gale-32b,Steadfast,1874,337,153,stop,3357,0.670091
gale-32b,Fastori,2219,274,120,stop,1412,0.827158
gale-32b,NimbusServe,2338,316,139,stop,5740,0.796796
gale-32b,Coreline,2024,419,178,stop,2700,0.834660
gale-32b,Coreline,3057,307,137,stop,1731,1.146672
gale-32b,Coreline,3046,296,138,stop,3185,1.072363
gale-32b,Coreline,1719,336,149,stop,2542,0.703498
gale-32b,Coreline,1926,365,168,stop,1591,0.749564
gale-32b,Steadfast,2068,385,169,stop,5018,0.786956
gale-32b,Coreline,3104,329,147,stop,2238,1.094132
gale-32b,Coreline,2199,335,149,stop,2334,0.868424
gale-32b,Coreline,3079,293,126,stop,2281,0.977189
gale-32b,Coreline,3161,271,124,stop,2808,1.035031
gale-32b,Steadfast,2550,280,124,stop,4038,0.938450
gale-32b,Steadfast,1620,350,160,stop,3953,0.632988
gale-32b,Steadfast,2520,408,177,stop,5312,0.839541
gale-32b,Steadfast,2747,326,145,stop,3766,0.879236
gale-32b,Steadfast,2052,348,163,stop,3544,0.763281
gale-32b,Fastori,2876,241,111,stop,1204,0.900048
gale-32b,Coreline,2543,257,108,stop,2278,0.885319
gale-32b,Steadfast,2741,340,153,stop,3385,1.001059
gale-32b,Fastori,3089,354,164,stop,1659,1.115285
gale-32b,Steadfast,2081,420,197,stop,4233,0.741730
gale-32b,Steadfast,2776,339,157,stop,4101,1.012130
gale-32b,NimbusServe,2038,365,165,stop,5459,0.843810
gale-32b,NimbusServe,3160,319,143,stop,6635,1.085488
gale-32b,Steadfast,2703,346,154,stop,3330,1.002262
gale-32b,NimbusServe,2839,339,158,stop,116757,0.975332
gale-32b,Steadfast,2596,291,130,stop,3329,0.982446
gale-32b,NimbusServe,2080,339,144,stop,86933,0.806316
gale-32b,Fastori,2136,274,121,stop,1537,0.753211
gale-32b,Steadfast,2000,409,178,stop,3720,0.778327
gale-32b,NimbusServe,1587,360,162,stop,5912,0.684567
gale-32b,NimbusServe,1815,253,108,stop,5288,0.615204
gale-32b,Fastori,1616,253,119,stop,1439,0.638947
gale-32b,Coreline,3349,269,116,stop,2233,1.177672
gale-32b,NimbusServe,1677,306,139,stop,5234,0.672782
gale-32b,Coreline,2952,362,167,stop,2310,1.147942
gale-32b,NimbusServe,2298,390,179,stop,6052,0.841762
gale-32b,NimbusServe,2886,318,136,stop,5673,1.047326
gale-32b,Steadfast,2496,249,114,stop,3894,0.932591
gale-32b,NimbusServe,1783,217,98,stop,81322,0.656071
gale-32b,Coreline,2044,285,129,stop,2158,0.695851
gale-32b,NimbusServe,2006,361,163,stop,7870,0.818866
gale-32b,Fastori,2654,438,193,stop,1462,1.055734
gale-32b,NimbusServe,1226,217,96,stop,6918,0.437061
gale-32b,NimbusServe,1889,236,106,stop,5447,0.660502
gale-32b,Fastori,2786,379,176,stop,1536,0.904806
gale-32b,Steadfast,2231,323,140,stop,3965,0.777835
gale-32b,Fastori,2409,300,135,stop,1218,0.889982
gale-32b,Fastori,3394,298,133,stop,1802,1.038481
gale-32b,Coreline,2509,356,163,stop,2699,0.924054
gale-32b,Coreline,1736,398,185,stop,2321,0.741959
gale-32b,Steadfast,3005,365,161,stop,4579,1.163708
gale-32b,NimbusServe,3655,319,137,stop,6447,1.118039
gale-32b,Fastori,3107,338,154,stop,1136,1.076699
gale-32b,Coreline,2387,327,151,stop,2124,0.779501
gale-32b,Coreline,2665,245,108,stop,2238,0.896639
gale-32b,Coreline,2189,251,107,stop,2292,0.825503
gale-32b,Coreline,2213,339,154,stop,2594,0.779767
gale-32b,Fastori,1558,290,129,stop,1185,0.612246
gale-32b,NimbusServe,3247,305,131,stop,106201,1.086295
gale-32b,Fastori,2680,273,123,stop,1352,0.901227
gale-32b,NimbusServe,2325,225,98,stop,6218,0.867830
gale-32b,Steadfast,2229,368,165,stop,3907,0.756909
gale-32b,Steadfast,1983,278,123,stop,4053,0.700258
gale-32b,NimbusServe,3134,231,104,stop,7216,1.140326
gale-32b,Steadfast,2872,426,195,stop,4073,1.005633
gale-32b,Coreline,1593,398,180,stop,3032,0.705329
gale-32b,Coreline,1983,221,97,stop,2907,0.709346
gale-32b,Steadfast,2881,311,146,stop,4489,1.018770
gale-32b,Coreline,3834,389,179,stop,2596,1.396982
gale-32b,NimbusServe,2612,288,125,stop,4748,0.936384
gale-32b,NimbusServe,2861,342,155,stop,114369,1.053482
gale-32b,Coreline,1680,316,143,stop,2734,0.611333
gale-32b,NimbusServe,3218,252,114,stop,86726,0.991731
gale-32b,Coreline,1769,353,155,stop,1944,0.661073
gale-32b,Fastori,2081,363,168,stop,1184,0.844976
gale-32b,NimbusServe,2107,351,156,stop,5217,0.845707
gale-32b,Steadfast,1486,297,129,stop,3923,0.581166
gale-32b,Fastori,2860,430,182,stop,1371,1.119804
gale-32b,NimbusServe,3888,441,193,stop,4842,1.447611
gale-32b,Steadfast,1710,392,173,stop,4964,0.656010
gale-32b,NimbusServe,2041,472,211,stop,6069,0.749779
gale-32b,Steadfast,2198,257,116,stop,3690,0.710806
gale-32b,Coreline,1818,266,116,stop,2481,0.650405
gale-32b,NimbusServe,2086,301,133,stop,6454,0.807470
gale-32b,Coreline,2404,273,124,stop,2899,0.921346
gale-32b,Coreline,1806,408,183,stop,2830,0.678377
gale-32b,Coreline,2323,389,177,stop,2913,0.903892
gale-32b,NimbusServe,1747,128,59,stop,5615,0.567514
gale-32b,Coreline,3163,308,138,stop,2307,1.030268
gale-32b,Coreline,2299,292,134,stop,2343,0.858621
gale-32b,Steadfast,1700,451,201,stop,3596,0.655647
gale-32b,Coreline,2171,311,137,stop,2660,0.797092
gale-32b,Steadfast,2222,321,140,stop,3776,0.740844
gale-32b,Fastori,2283,214,95,stop,1598,0.757378
gale-32b,NimbusServe,2069,283,130,stop,6607,0.699567
gale-32b,Coreline,2304,284,128,stop,2359,0.772891
gale-32b,Coreline,1710,237,106,stop,2566,0.604951
gale-32b,Steadfast,2402,402,178,stop,3651,0.963087
gale-32b,Fastori,2736,295,138,stop,1168,0.895698
gale-32b,Fastori,3090,413,193,stop,1541,1.093908
gale-32b,Steadfast,3145,409,187,stop,3834,1.179134
gale-32b,Steadfast,2840,301,133,stop,3948,1.002480
gale-32b,Fastori,2538,328,149,stop,5588,0.929081
gale-32b,Steadfast,3252,365,161,stop,5219,1.159903
gale-32b,NimbusServe,2007,303,136,stop,7178,0.678763
gale-32b,Fastori,1935,296,132,stop,1478,0.639480
gale-32b,Steadfast,2023,387,175,stop,3494,0.784733
gale-32b,Steadfast,1734,225,99,stop,3824,0.664834
gale-32b,Fastori,1961,333,149,stop,1649,0.740633
gale-32b,Fastori,2593,262,120,stop,1289,0.847157
gale-32b,Fastori,3332,388,178,stop,1700,1.135148
gale-32b,Fastori,1908,320,145,stop,1052,0.751678
gale-32b,Coreline,1914,417,183,stop,2662,0.806522
gale-32b,Coreline,3101,213,98,stop,2775,1.121671
gale-32b,NimbusServe,2941,314,140,stop,5151,0.957909
gale-32b,Fastori,1778,281,127,stop,1299,0.694034
gale-32b,Fastori,2457,355,158,stop,1345,0.848398
gale-32b,Coreline,3553,290,136,stop,2273,1.083751
gale-32b,Coreline,2964,322,145,stop,2037,1.124372
gale-32b,Steadfast,1824,354,157,stop,3204,0.742872
gale-32b,Fastori,3033,216,98,stop,1459,0.959387
gale-32b,Steadfast,2283,327,154,stop,3952,0.843968
gale-32b,Fastori,2785,383,178,stop,1466,0.924187
gale-32b,Fastori,1622,398,182,stop,1460,0.719497
gale-32b,Fastori,3639,318,141,stop,1069,1.238507
gale-32b,Coreline,2551,415,193,stop,2878,0.892817
gale-32b,Fastori,2605,428,193,stop,1800,0.967784
gale-32b,NimbusServe,2868,369,159,stop,4995,0.992243
gale-32b,Steadfast,3029,382,165,stop,4202,1.126798
gale-32b,Steadfast,2415,147,62,stop,3869,0.850677
gale-32b,Steadfast,2402,362,161,stop,2621,0.869723
gale-32b,Fastori,2716,326,142,stop,1425,0.904853
gale-32b,Fastori,3236,291,128,stop,1186,1.183558
gale-32b,Fastori,1641,278,124,stop,1760,0.622020
gale-32b,Coreline,1762,375,169,stop,3086,0.714976
gale-32b,Steadfast,2864,386,171,stop,4217,1.096918
gale-32b,Steadfast,2570,290,128,stop,4232,0.853287
gale-32b,NimbusServe,2776,290,139,stop,4310,0.936613
gale-32b,Fastori,2164,332,146,stop,1343,0.757895
gale-32b,Fastori,2528,355,159,stop,1703,0.975827
gale-32b,Coreline,2255,271,119,stop,1917,0.749470
gale-32b,NimbusServe,1635,259,119,stop,7612,0.656601
gale-32b,NimbusServe,3194,253,113,stop,6725,0.992568
gale-32b,Fastori,2119,345,164,stop,1354,0.756104
gale-32b,Steadfast,2703,238,102,stop,3826,0.857077
gale-32b,NimbusServe,2160,247,108,stop,62870,0.798325
gale-32b,Steadfast,3451,302,130,stop,4544,1.219565
gale-32b,NimbusServe,1936,361,164,stop,6439,0.680002
gale-32b,Fastori,2363,362,158,stop,1117,0.869002
gale-32b,NimbusServe,1292,310,131,stop,5681,0.487602
gale-32b,NimbusServe,2276,377,170,stop,103291,0.893589
gale-32b,NimbusServe,2802,301,140,stop,5958,0.926752
gale-32b,Coreline,1031,461,218,stop,2117,0.537233
gale-32b,Steadfast,1880,329,144,stop,3002,0.774048
gale-32b,Steadfast,2545,263,113,stop,4449,0.819947
gale-32b,Steadfast,1587,347,162,stop,5013,0.642249
gale-32b,NimbusServe,2083,336,150,stop,5250,0.715808
gale-32b,Fastori,1820,324,149,stop,1773,0.713245
gale-32b,Coreline,2139,397,180,stop,2373,0.859548
gale-32b,Fastori,2177,289,129,stop,1386,0.806120
gale-32b,Fastori,1981,224,99,stop,1437,0.666205
gale-32b,Steadfast,2244,270,123,stop,2902,0.862793
gale-32b,Fastori,2388,264,119,stop,1354,0.783905
gale-32b,Coreline,2749,293,128,stop,2481,1.040707
gale-32b,Fastori,2277,291,133,stop,1433,0.751658
gale-32b,NimbusServe,2518,318,141,stop,6607,0.927135
gale-32b,Fastori,1681,331,151,stop,1400,0.699869
gale-32b,Coreline,2366,389,176,stop,2455,0.892031
gale-32b,NimbusServe,1953,304,138,stop,6102,0.743772
gale-32b,Fastori,2728,365,159,stop,1513,0.946657
gale-32b,Fastori,1753,362,160,stop,1130,0.624507
gale-32b,NimbusServe,2995,425,188,stop,86562,0.989820
gale-32b,Coreline,2518,335,150,stop,2403,0.944694
gale-32b,Coreline,2707,386,175,stop,2657,1.001223
gale-32b,Coreline,2685,401,183,stop,1785,0.899358
gale-32b,Coreline,1741,237,104,stop,2222,0.649359
gale-32b,Steadfast,2703,309,139,stop,4404,0.997778
gale-32b,NimbusServe,2095,401,172,stop,6994,0.856025
gale-32b,NimbusServe,1695,252,117,stop,5402,0.599345
gale-32b,Steadfast,2749,326,146,stop,4717,0.984068
gale-32b,Fastori,2699,389,173,stop,1549,1.010648
gale-32b,NimbusServe,2389,432,190,stop,5148,0.833328
gale-32b,NimbusServe,2181,411,178,stop,4974,0.835279
gale-32b,Steadfast,2744,308,139,stop,4395,1.043975
gale-32b,Coreline,1788,471,209,stop,15540,0.719394
gale-32b,Fastori,2267,433,195,stop,862,0.836280
gale-32b,Coreline,2129,269,117,stop,2725,0.784171
gale-32b,NimbusServe,2456,288,126,stop,6689,0.854798
gale-32b,NimbusServe,3387,378,170,stop,5995,1.085426
gale-32b,Coreline,2429,330,150,stop,2310,0.927637
gale-32b,Fastori,3075,370,168,stop,1562,0.986163
gale-32b,Fastori,1630,256,107,stop,1511,0.647511
gale-32b,Coreline,2621,300,133,stop,2907,0.952652
gale-32b,NimbusServe,2299,328,149,stop,7176,0.803258
gale-32b,Coreline,2015,207,96,stop,1706,0.682906
gale-32b,Coreline,1382,369,162,stop,2553,0.535421
gale-32b,NimbusServe,2661,429,182,stop,6158,0.916132
gale-32b,Fastori,2050,355,162,stop,1886,0.731065
gale-32b,NimbusServe,2935,254,120,stop,6185,0.919940
gale-32b,Steadfast,2596,376,167,stop,3827,0.928339
gale-32b,Fastori,2445,329,147,stop,1082,0.930805
gale-32b,Coreline,2121,291,127,stop,2450,0.716343
gale-32b,Steadfast,2888,384,167,stop,4134,1.045445
gale-32b,Steadfast,2857,329,145,stop,4742,0.934053
gale-32b,Coreline,2358,242,109,stop,2338,0.808461
gale-32b,Steadfast,2972,298,135,stop,3659,0.999392
gale-32b,Steadfast,2351,341,158,stop,4368,0.855233
gale-32b,Steadfast,2116,431,189,stop,4311,0.889490
gale-32b,Fastori,2841,498,220,stop,1613,1.125173
gale-32b,Fastori,3805,327,153,stop,1513,1.246471
gale-32b,Coreline,2399,400,178,stop,2147,0.933564
gale-32b,Steadfast,2467,390,172,stop,2994,0.971862
gale-32b,NimbusServe,1222,359,162,stop,5623,0.477922
gale-32b,Fastori,2181,298,132,stop,1605,0.777047
gale-32b,Fastori,2493,380,171,stop,1280,0.931435
gale-32b,NimbusServe,2354,419,188,stop,6487,0.813775
gale-32b,Fastori,2430,316,146,stop,1558,0.884883
gale-32b,NimbusServe,2826,331,148,stop,4582,1.024163
gale-32b,NimbusServe,2287,356,160,stop,5949,0.759786
gale-32b,Steadfast,2285,377,170,stop,4116,0.810412
gale-32b,Coreline,2525,346,155,stop,2121,0.941566
gale-32b,Fastori,1863,367,171,stop,1461,0.658324
gale-32b,Steadfast,2551,178,84,stop,3544,0.835947
gale-32b,NimbusServe,2836,401,185,stop,5983,1.015637
gale-32b,Steadfast,2357,278,126,stop,4208,0.813094
gale-32b,NimbusServe,2134,411,186,stop,6419,0.844370
gale-32b,NimbusServe,1998,225,99,stop,67388,0.700593
gale-32b,Steadfast,2411,184,83,stop,12831,0.869576
gale-32b,NimbusServe,1847,400,177,stop,6034,0.654777
gale-32b,NimbusServe,2121,316,142,stop,4852,0.849932
gale-32b,Steadfast,2073,353,162,stop,3494,0.707957
gale-32b,NimbusServe,1951,319,141,stop,3510,0.684303
gale-32b,Fastori,1474,399,175,stop,1172,0.580973
gale-32b,Fastori,3042,323,146,stop,1744,0.998535
gale-32b,Coreline,1261,426,197,stop,3049,0.536709
gale-32b,Steadfast,2600,325,149,stop,4206,0.985037
gale-32b,Steadfast,2055,289,128,stop,3466,0.706131
gale-32b,Fastori,2602,343,159,stop,1225,0.956767
gale-32b,NimbusServe,2684,244,109,stop,6453,0.897740
gale-32b,Fastori,2369,301,132,stop,1416,0.818091
gale-32b,Coreline,1819,365,164,stop,2355,0.656174
gale-32b,Fastori,3353,312,138,stop,1274,1.099912
gale-32b,Coreline,2560,372,165,stop,2572,0.954694
gale-32b,Steadfast,2526,268,121,stop,4094,0.893692
gale-32b,NimbusServe,1881,315,140,stop,4818,0.721411
gale-32b,Coreline,2297,392,177,stop,2670,0.902325
gale-32b,Steadfast,1885,338,152,stop,3606,0.724227
gale-32b,Steadfast,2876,329,146,stop,3897,0.961491
gale-32b,Fastori,1662,240,102,stop,1273,0.630012
gale-32b,Coreline,2501,342,156,stop,2005,0.858868
gale-32b,NimbusServe,1244,313,142,stop,4900,0.461845
gale-32b,Fastori,3357,367,171,stop,1278,1.110760
gale-32b,Fastori,1576,345,155,stop,1153,0.681787
gale-32b,Steadfast,1365,203,93,stop,3695,0.472405
gale-32b,Fastori,2566,405,184,stop,1339,1.033634
gale-32b,NimbusServe,2363,359,166,stop,6761,0.914843
gale-32b,NimbusServe,2231,258,118,stop,4745,0.722908
gale-32b,Coreline,3089,322,142,stop,2254,0.961060
gale-32b,Fastori,2717,376,165,stop,1369,1.036970
gale-32b,NimbusServe,2328,221,99,stop,6548,0.842726
gale-32b,Steadfast,2179,198,92,stop,3635,0.675852
gale-32b,Coreline,1775,346,157,stop,2362,0.720075
gale-32b,NimbusServe,3088,404,187,stop,7197,1.023232
gale-32b,NimbusServe,2196,369,165,stop,5222,0.853398
gale-32b,Fastori,3121,303,137,stop,1567,1.056654
gale-32b,Steadfast,2020,326,153,stop,3894,0.795340
gale-32b,Fastori,2627,353,159,stop,1617,0.849668
gale-32b,Steadfast,1656,291,136,stop,4482,0.604568
gale-32b,Coreline,2924,322,150,stop,2371,1.069004
gale-32b,Coreline,1989,377,173,stop,1809,0.742066
gale-32b,NimbusServe,2184,345,157,stop,5376,0.871537
gale-32b,Fastori,1769,215,97,stop,1416,0.658465
gale-32b,Fastori,1894,383,172,stop,1061,0.679799
gale-32b,Steadfast,2443,284,131,stop,3602,0.863687
gale-32b,Steadfast,2198,324,144,stop,3222,0.732895
gale-32b,NimbusServe,2167,350,157,stop,6634,0.754593
gale-32b,Steadfast,2332,399,173,stop,3615,0.948685
gale-32b,Steadfast,2678,247,110,stop,4244,0.968428
gale-32b,Coreline,2955,358,163,stop,2354,1.040649
gale-32b,Fastori,2288,358,152,stop,1396,0.917146
gale-32b,Coreline,2489,291,128,stop,2302,0.959591
gale-32b,Steadfast,3303,310,137,stop,4347,1.179161
gale-32b,Coreline,2352,421,194,stop,2825,0.896707
gale-32b,Fastori,2336,303,135,stop,1895,0.804094
gale-32b,Steadfast,2509,347,162,stop,3946,0.921246
gale-32b,Coreline,1784,254,117,stop,1998,0.697842
gale-32b,Coreline,2583,303,133,stop,8867,0.944663
gale-32b,Steadfast,2572,336,152,stop,4089,0.880691
gale-32b,Coreline,2397,460,206,stop,2333,0.941780
gale-32b,Coreline,1911,326,144,stop,2184,0.781651
gale-32b,Steadfast,2316,368,163,stop,4950,0.862224
gale-32b,Fastori,2680,440,200,stop,1316,1.063865
gale-32b,Coreline,2479,339,153,stop,3113,0.852138
gale-32b,Coreline,2041,348,156,stop,2655,0.743616
gale-32b,Fastori,2394,369,161,stop,1370,0.829059
gale-32b,NimbusServe,2460,261,115,stop,6042,0.884378
gale-32b,Coreline,2520,311,137,stop,2043,0.923440
gale-32b,Fastori,2536,416,190,stop,1573,0.962699
gale-32b,Coreline,3078,291,130,stop,1669,1.085738
gale-32b,Coreline,2910,257,116,stop,2456,0.976630
gale-32b,Steadfast,2186,390,172,stop,4461,0.826756
gale-32b,Coreline,2766,476,208,stop,2905,0.947161
gale-32b,NimbusServe,2141,445,195,stop,5440,0.811774
gale-32b,Coreline,1757,366,168,stop,2435,0.748088
gale-32b,Fastori,2423,404,185,stop,1742,0.926737
gale-32b,Coreline,1378,268,121,stop,2833,0.576011
gale-32b,NimbusServe,2862,366,159,stop,5209,1.035258
gale-32b,Fastori,1656,261,121,stop,1264,0.605960
gale-32b,Coreline,2669,309,140,stop,2140,0.989959
gale-32b,Fastori,2684,383,168,stop,1551,1.023546
gale-32b,NimbusServe,2811,433,192,stop,84936,1.130971
gale-32b,Fastori,1414,378,174,stop,1210,0.642218
gale-32b,Fastori,1983,405,186,stop,1810,0.724975
gale-32b,NimbusServe,3194,210,94,stop,5677,0.968645
gale-32b,NimbusServe,2327,348,149,stop,8030,0.866943
gale-32b,Coreline,3018,297,134,stop,2780,1.086746
gale-32b,Coreline,2374,230,105,stop,2165,0.801909
gale-32b,Steadfast,2621,292,128,stop,3957,0.846907
gale-32b,Steadfast,2389,340,148,stop,3700,0.778770
gale-32b,Fastori,1916,296,131,stop,1305,0.732327
gale-32b,Coreline,1454,291,129,stop,2476,0.549583
gale-32b,NimbusServe,2308,354,155,stop,5516,0.898702
gale-32b,Coreline,2712,450,203,stop,2670,1.003033
gale-32b,Coreline,2300,347,154,stop,1888,0.858921
gale-32b,Fastori,2650,371,166,stop,1880,0.898485
gale-32b,Fastori,2071,262,121,stop,1394,0.761330
gale-32b,Coreline,1382,342,149,stop,2628,0.576961
gale-32b,NimbusServe,1762,289,133,stop,7356,0.633513
gale-32b,Fastori,1047,274,121,stop,1332,0.459357
gale-32b,Fastori,2370,261,122,stop,1699,0.801073
gale-32b,Steadfast,2198,325,153,stop,2903,0.782184
gale-32b,NimbusServe,3036,281,121,stop,6078,0.943956
gale-32b,Coreline,3254,348,151,stop,2267,1.190047
gale-32b,NimbusServe,2190,291,130,stop,7663,0.772677
gale-32b,Coreline,1539,294,134,stop,3002,0.582008
gale-32b,NimbusServe,3109,320,148,stop,7787,0.970023
gale-32b,Fastori,2248,336,145,stop,1410,0.809296
gale-32b,Steadfast,2275,307,132,stop,3289,0.877546
gale-32b,Fastori,1277,248,116,stop,1575,0.480300
gale-32b,Steadfast,1842,336,159,stop,5014,0.634091
gale-32b,Fastori,1976,318,139,stop,1412,0.795634
gale-32b,Steadfast,2667,360,170,stop,3434,0.888873
gale-32b,Steadfast,2680,328,145,stop,4237,1.028116
gale-32b,Fastori,3250,417,180,stop,1407,1.049254
gale-32b,Steadfast,2881,332,152,stop,4152,0.922192
gale-32b,NimbusServe,2650,300,138,stop,106650,0.917042
gale-32b,Fastori,1863,267,118,stop,1283,0.694515
gale-32b,Steadfast,2882,345,147,stop,3745,1.039613
gale-32b,Coreline,2853,395,170,stop,2069,1.090561
gale-32b,Coreline,2157,246,110,stop,2519,0.794061
gale-32b,Fastori,2585,217,95,stop,1908,0.863089
gale-32b,Coreline,2662,322,147,stop,2149,1.019076
gale-32b,Steadfast,2953,377,181,stop,4014,1.068347
gale-32b,NimbusServe,2498,349,154,stop,6498,0.845794
gale-32b,Steadfast,2700,265,121,stop,3963,0.845511
gale-32b,Steadfast,2239,317,141,stop,3952,0.831051
gale-32b,Fastori,2750,389,168,stop,1735,0.971844
gale-32b,Steadfast,2693,341,156,stop,3855,0.879863
gale-32b,Steadfast,1872,318,142,stop,3988,0.748283
gale-32b,Fastori,2099,380,165,stop,1353,0.825876
gale-32b,NimbusServe,2546,447,204,stop,5854,0.962725
gale-32b,NimbusServe,1897,182,83,stop,5702,0.709737
gale-32b,Fastori,2570,338,152,stop,1404,0.996765
gale-32b,NimbusServe,2362,176,80,stop,59738,0.829682
gale-32b,NimbusServe,2546,159,73,stop,4659,0.817438
gale-32b,Coreline,1897,374,168,stop,2705,0.703555
gale-32b,NimbusServe,1489,339,156,stop,5495,0.642473
gale-32b,Steadfast,2864,348,157,stop,4895,0.950043
gale-32b,NimbusServe,2199,313,140,stop,4604,0.723587
gale-32b,Steadfast,2347,279,130,stop,3894,0.907962
gale-32b,Coreline,2746,258,120,stop,2359,0.992858
gale-32b,NimbusServe,2124,190,84,stop,4721,0.770993
gale-32b,Coreline,1933,325,149,stop,2137,0.732359
gale-32b,Fastori,1981,310,138,stop,1161,0.789769
gale-32b,Fastori,3406,450,204,stop,1417,1.135965
gale-32b,Coreline,2647,289,133,stop,1697,0.878161
gale-32b,NimbusServe,2857,260,121,stop,6036,0.933532
gale-32b,NimbusServe,3356,342,148,stop,6461,1.086021
gale-32b,Coreline,1802,311,136,stop,2744,0.680199
gale-32b,Coreline,2710,290,131,stop,2289,0.918432
gale-32b,NimbusServe,1402,405,182,stop,5052,0.631407
gale-32b,Steadfast,2642,355,160,stop,3419,0.860949
gale-32b,Fastori,2546,259,112,stop,1333,0.858199
gale-32b,Fastori,2894,342,154,stop,1311,0.941519
gale-32b,Steadfast,1471,205,93,stop,4677,0.491422
gale-32b,Coreline,2401,363,163,stop,2333,0.935835
gale-32b,Coreline,2459,369,165,stop,2282,0.944166
gale-32b,Fastori,2210,373,170,stop,1236,0.883194
gale-32b,Steadfast,2515,316,141,stop,4331,0.840063
gale-32b,Steadfast,2610,322,147,stop,4234,0.873407
gale-32b,NimbusServe,2665,309,137,stop,5306,0.888501
gale-32b,Fastori,1940,328,138,stop,1480,0.762738
gale-32b,NimbusServe,2941,304,139,stop,3889,1.038673
gale-32b,Coreline,1928,334,154,stop,2492,0.720062
gale-32b,Coreline,2415,274,122,stop,2347,0.778918
gale-32b,Coreline,3031,315,141,stop,2552,1.082625
gale-32b,Fastori,2468,406,188,stop,1442,1.001828
gale-32b,Coreline,1831,308,138,stop,2527,0.682879
gale-32b,Coreline,2503,314,138,stop,2716,0.848603
gale-32b,Steadfast,2778,385,180,stop,3529,1.058703
gale-32b,Coreline,1975,191,84,stop,2504,0.730789
gale-32b,Fastori,2407,368,173,stop,1155,0.866114
gale-32b,Fastori,2148,249,117,stop,1651,0.797584
gale-32b,Coreline,2851,258,116,stop,2400,0.943073
gale-32b,NimbusServe,2534,293,133,stop,7103,0.864531
gale-32b,Coreline,2352,393,187,stop,2514,0.885801
gale-32b,Coreline,2971,371,166,stop,2318,1.069039
gale-32b,Fastori,2729,273,119,stop,1059,0.853267
gale-32b,Coreline,1388,337,148,stop,2068,0.526925
gale-32b,NimbusServe,2663,334,151,stop,6127,1.021135
gale-32b,NimbusServe,2503,390,179,stop,67494,0.932794
gale-32b,Steadfast,3075,333,148,stop,3705,1.006982
gale-32b,Steadfast,2250,375,177,stop,2991,0.760266
gale-32b,NimbusServe,2239,392,176,stop,6786,0.878876
gale-32b,Fastori,3028,450,206,stop,1655,1.118620
gale-32b,NimbusServe,1703,339,154,stop,5180,0.718544
gale-32b,NimbusServe,2738,215,94,stop,103116,0.861512
gale-32b,Steadfast,2522,408,189,stop,4213,1.023215
gale-32b,Steadfast,3102,486,227,stop,3826,1.059970
gale-32b,Steadfast,2555,283,127,stop,4244,0.958378
gale-32b,Steadfast,2320,390,175,stop,4561,0.885105
gale-32b,Fastori,2562,302,136,stop,1750,0.895269
gale-32b,Steadfast,2300,426,191,stop,2390,0.877261
gale-32b,Fastori,3074,351,161,stop,1222,1.150062
gale-32b,Steadfast,2885,343,155,stop,3983,0.967474
gale-32b,NimbusServe,1745,180,82,stop,6224,0.627481
gale-32b,Fastori,2954,288,128,stop,1471,1.066877
gale-32b,Coreline,3107,397,186,stop,2665,1.052790
gale-32b,NimbusServe,3348,314,140,stop,7566,1.228561
gale-32b,NimbusServe,2066,309,132,stop,7214,0.731938
gale-32b,NimbusServe,2212,402,175,stop,5841,0.808878
gale-32b,Steadfast,2184,289,129,stop,4085,0.824971
gale-32b,NimbusServe,2212,376,164,stop,6579,0.812625
gale-32b,Coreline,2281,307,135,stop,2965,0.754244
gale-32b,Steadfast,2268,325,153,stop,4845,0.835177
gale-32b,Fastori,2305,210,93,stop,1496,0.755793
gale-32b,Steadfast,2136,382,171,stop,4461,0.732973
gale-32b,Coreline,2101,288,129,stop,3170,0.817786
gale-32b,Steadfast,2175,391,173,stop,22615,0.757889
gale-32b,Fastori,2396,325,149,stop,1208,0.795824
gale-32b,Fastori,1847,331,150,stop,1449,0.655681
gale-32b,Steadfast,1529,288,126,stop,3921,0.565660
gale-32b,Fastori,2853,338,155,stop,1365,1.063572
gale-32b,Steadfast,2961,342,162,stop,15091,1.026566
gale-32b,Steadfast,3155,341,154,stop,3165,1.026778
gale-32b,Steadfast,1512,326,149,stop,4050,0.587247
gale-32b,NimbusServe,2506,365,159,stop,5239,0.948941
gale-32b,NimbusServe,2344,294,130,stop,75051,0.855506
gale-32b,Steadfast,2407,314,141,stop,3979,0.808160
gale-32b,Fastori,2996,337,151,stop,891,0.947114
gale-32b,Coreline,2209,368,164,stop,1766,0.782069
gale-32b,Steadfast,3206,294,132,stop,3349,0.984205
gale-32b,NimbusServe,1757,491,213,stop,5717,0.731913
gale-32b,Coreline,2914,335,150,stop,1789,1.082219
gale-32b,Fastori,2249,294,134,stop,1139,0.742027
gale-32b,Fastori,1097,305,136,stop,1809,0.483503
gale-32b,NimbusServe,1605,279,123,stop,5714,0.564653
gale-32b,NimbusServe,2399,248,109,stop,6912,0.759233
gale-32b,NimbusServe,2664,413,189,stop,5152,0.893753
gale-32b,NimbusServe,2436,291,130,stop,6652,0.875578
gale-32b,Fastori,2010,372,165,stop,7760,0.757911
gale-32b,Fastori,3483,231,107,stop,1897,1.088590
gale-32b,Fastori,2496,378,164,stop,1176,0.826939
gale-32b,Coreline,2478,250,113,stop,2855,0.896260
gale-32b,Coreline,2641,303,131,stop,16776,0.861785
gale-32b,NimbusServe,2297,320,139,stop,106027,0.887946
gale-32b,NimbusServe,2817,387,175,stop,52974,0.972469
gale-32b,NimbusServe,1652,352,157,stop,6696,0.652520
gale-32b,Coreline,2109,306,140,stop,2197,0.755160
gale-32b,NimbusServe,2792,260,116,stop,50554,0.864701
gale-32b,Steadfast,2032,353,156,stop,3944,0.703170
gale-32b,Steadfast,2153,254,116,stop,3787,0.713199
gale-32b,Steadfast,1886,310,148,stop,3234,0.732949
gale-32b,NimbusServe,2555,231,105,stop,6201,0.800467
gale-32b,Coreline,2760,316,140,length,2392,1.038268
gale-32b,NimbusServe,2305,352,164,stop,4833,0.834962
gale-32b,Fastori,2439,413,181,stop,1326,0.993737
gale-32b,Steadfast,2957,270,122,stop,3580,0.906877
gale-32b,Coreline,1420,377,173,stop,2634,0.552676
gale-32b,Fastori,2485,382,169,stop,1246,0.998457
gale-32b,Fastori,3402,226,102,stop,1311,1.128049
gale-32b,NimbusServe,2145,213,97,stop,56683,0.738661
gale-32b,Steadfast,3149,289,135,stop,3502,1.018863
gale-32b,Steadfast,2484,326,157,stop,3506,0.971404
gale-32b,Coreline,2268,281,123,stop,2330,0.780987
gale-32b,Steadfast,2411,323,153,stop,4557,0.817253
gale-32b,Fastori,2466,254,118,stop,1491,0.878926
gale-32b,NimbusServe,2144,405,177,stop,5407,0.806725
gale-32b,Steadfast,1894,307,140,stop,3252,0.710257
gale-32b,Steadfast,1349,349,155,stop,3975,0.512258
gale-32b,Fastori,2160,307,135,stop,1336,0.852747
gale-32b,Coreline,2654,172,77,stop,2437,0.792742
gale-32b,Fastori,2331,384,177,stop,1509,0.858615
gale-32b,Coreline,2731,234,107,stop,2225,0.921246
gale-32b,Steadfast,2688,262,125,stop,3900,0.905994
gale-32b,Fastori,2882,441,195,stop,1665,1.020444
gale-32b,Steadfast,1961,305,142,stop,3468,0.714896
gale-32b,Fastori,2895,317,142,stop,1317,0.944895
gale-32b,Coreline,1705,261,121,stop,2405,0.601903
gale-32b,Coreline,2289,388,179,stop,2422,0.901756
gale-32b,Fastori,2531,322,145,stop,1586,0.988730
gale-32b,Coreline,1590,342,153,stop,2076,0.573099
gale-32b,Fastori,2470,244,104,stop,1315,0.907415
gale-32b,Fastori,2225,354,158,stop,1090,0.841899
gale-32b,NimbusServe,2424,194,89,stop,5410,0.828179
gale-32b,Coreline,2608,307,137,stop,2935,0.891198
gale-32b,Coreline,2078,243,109,stop,2930,0.690074
gale-32b,Fastori,2323,352,155,stop,1334,0.879231
gale-32b,Steadfast,2532,347,153,stop,4349,0.841074
gale-32b,Steadfast,1836,349,157,stop,4779,0.743303
gale-32b,Steadfast,3268,327,150,stop,4606,1.207029
gale-32b,Steadfast,1267,333,151,stop,3883,0.572411
gale-32b,Steadfast,1963,279,128,stop,17341,0.753583
gale-32b,Fastori,3137,307,138,stop,1093,1.118154
gale-32b,NimbusServe,2143,324,146,stop,5841,0.842481
gale-32b,Steadfast,2605,367,163,stop,20190,1.018282
gale-32b,NimbusServe,2485,271,124,stop,96658,0.787348
gale-32b,NimbusServe,2284,359,159,stop,6798,0.756900
gale-32b,Fastori,1840,262,117,stop,1417,0.668297
gale-32b,Coreline,2006,358,161,stop,2698,0.818127
gale-32b,Fastori,2271,317,143,stop,1243,0.893737
gale-32b,Steadfast,2890,365,159,stop,22018,1.067546
gale-32b,NimbusServe,2597,399,182,stop,6374,1.042738
gale-32b,Steadfast,2015,297,140,stop,3129,0.690033
gale-32b,Fastori,2369,422,192,stop,1484,0.924968
gale-32b,Steadfast,1049,247,108,stop,3800,0.393039
gale-32b,NimbusServe,1978,284,128,stop,7018,0.766940
gale-32b,Steadfast,1583,331,152,stop,3779,0.651603
gale-32b,Fastori,1850,306,142,stop,1276,0.648920
gale-32b,Fastori,2192,397,177,length,1201,0.873973
gale-32b,NimbusServe,1652,391,174,stop,5906,0.621682
gale-32b,NimbusServe,2260,289,134,length,4484,0.747314
gale-32b,NimbusServe,1720,309,137,stop,7169,0.670570
gale-32b,NimbusServe,1378,210,93,stop,64072,0.460989
gale-32b,Steadfast,2604,372,166,stop,3133,0.910977
gale-32b,NimbusServe,2783,397,175,stop,6380,1.066547
gale-32b,Fastori,1969,356,167,stop,9621,0.682565
gale-32b,Fastori,3343,307,138,stop,1526,1.235455
gale-32b,Fastori,2401,337,157,stop,1472,0.791497
gale-32b,Coreline,2723,235,109,stop,3000,0.828143
gale-32b,Coreline,2411,393,183,stop,2222,0.872405
gale-32b,Coreline,1842,344,156,stop,2830,0.765187
gale-32b,Fastori,2808,289,131,stop,1320,1.031705
gale-32b,Steadfast,2618,435,204,stop,3529,0.902895
gale-32b,Coreline,1941,344,160,stop,2522,0.786415
gale-32b,NimbusServe,2635,229,103,stop,5828,0.863880
gale-32b,Steadfast,2538,292,127,stop,4172,0.975699
gale-32b,Coreline,2091,375,171,stop,2717,0.752908
gale-32b,Fastori,2844,270,122,stop,1199,1.012403
gale-32b,Coreline,3032,283,126,stop,2916,0.974532
gale-32b,NimbusServe,2036,476,207,stop,85482,0.785970
gale-32b,NimbusServe,2538,425,191,stop,6767,0.869980
gale-32b,NimbusServe,2281,271,120,stop,7320,0.796008
gale-32b,Coreline,2654,317,145,stop,2693,0.970564
gale-32b,Coreline,2814,281,129,stop,2633,0.873960
gale-32b,Coreline,2295,202,89,stop,10854,0.835698
gale-32b,Fastori,2144,367,167,stop,1540,0.828579
gale-32b,Coreline,2503,308,144,stop,2405,0.850272
gale-32b,NimbusServe,2504,286,130,stop,6549,0.903028
gale-32b,Steadfast,1500,366,167,stop,3532,0.624616
gale-32b,Coreline,2363,410,187,stop,2536,0.874756
gale-32b,Fastori,1638,264,124,stop,1324,0.573386
gale-32b,Coreline,3052,310,139,stop,3273,1.083772
gale-32b,NimbusServe,1604,334,148,stop,6711,0.664891
gale-32b,Steadfast,3261,430,201,stop,4073,1.256449
gale-32b,NimbusServe,2644,284,125,stop,5700,0.896875
gale-32b,Fastori,2707,306,137,stop,1277,0.909490
gale-32b,NimbusServe,3094,397,176,stop,5326,1.142593
gale-32b,NimbusServe,1704,361,155,stop,6097,0.715337
gale-32b,NimbusServe,2083,225,102,stop,96255,0.759675
gale-32b,Fastori,2644,360,167,stop,1254,0.910002
gale-32b,Coreline,2508,349,157,stop,2595,0.951639
gale-32b,NimbusServe,2786,337,151,stop,5434,1.066651
gale-32b,Fastori,2568,293,129,stop,1358,0.919223
gale-32b,Coreline,2656,283,131,stop,2629,0.908758
gale-32b,Fastori,2235,389,169,stop,1418,0.820420
gale-32b,NimbusServe,1726,424,186,stop,6588,0.738816
gale-32b,Steadfast,3420,362,164,stop,4077,1.294330
gale-32b,Steadfast,1634,479,213,stop,3675,0.660742
gale-32b,Coreline,2413,391,172,stop,2356,0.854678
gale-32b,NimbusServe,2063,352,153,stop,6075,0.693477
gale-32b,Fastori,2673,371,165,stop,1428,0.999794
gale-32b,Steadfast,2386,325,149,stop,3962,0.918436
gale-32b,Fastori,2768,329,148,stop,1421,1.008440
gale-32b,Fastori,2257,319,141,stop,1409,0.829622
gale-32b,NimbusServe,1886,446,198,stop,5433,0.801390
gale-32b,Coreline,2422,340,152,stop,1939,0.884998
gale-32b,Coreline,3025,256,118,stop,2757,0.942340
gale-32b,NimbusServe,3428,346,149,stop,6178,1.275638
gale-32b,NimbusServe,1961,394,179,stop,5870,0.714428
gale-32b,Steadfast,2384,364,159,stop,3466,0.808591
gale-32b,Coreline,2155,240,108,stop,2425,0.789713
gale-32b,NimbusServe,3389,180,81,stop,5082,1.072334
gale-32b,Steadfast,2348,386,185,stop,4731,0.847665
gale-32b,Steadfast,1662,334,145,stop,3864,0.652731
gale-32b,Coreline,2949,419,183,stop,2735,1.000126
gale-32b,Steadfast,2159,324,142,stop,4539,0.773529
gale-32b,Steadfast,3011,234,109,stop,3372,1.059885
gale-32b,Fastori,2245,462,201,stop,1373,0.851104
gale-32b,Steadfast,2464,328,147,stop,2937,0.904042
gale-32b,NimbusServe,2883,253,112,stop,5373,1.007513
gale-32b,Coreline,2561,319,139,stop,2473,0.890625
gale-32b,Steadfast,2553,299,139,stop,4612,0.882110
gale-32b,NimbusServe,3030,303,138,stop,5595,0.964146
gale-32b,Steadfast,2227,258,117,stop,3676,0.748720
gale-32b,NimbusServe,1599,424,193,stop,5639,0.693741
gale-32b,Coreline,1937,405,184,stop,3188,0.822864
gale-32b,Coreline,3354,250,117,stop,2352,1.074995
gale-32b,Fastori,2000,363,162,stop,1185,0.736292
gale-32b,Steadfast,3342,395,173,stop,4020,1.228800
gale-32b,Steadfast,2945,249,109,stop,3710,1.021637
gale-32b,NimbusServe,2623,335,148,stop,90174,1.021288
gale-32b,Steadfast,1686,340,151,stop,4415,0.672798
gale-32b,Fastori,3238,323,148,stop,1084,1.031675
gale-32b,Steadfast,2361,378,174,stop,4580,0.938422
gale-32b,NimbusServe,3080,388,180,stop,81407,1.139301
gale-32b,Coreline,2646,364,162,stop,3296,0.916504
gale-32b,Steadfast,2741,262,116,stop,3974,0.939501
gale-32b,Fastori,1865,342,158,stop,1253,0.746322
gale-32b,Steadfast,1789,381,165,stop,3915,0.738443
gale-32b,Coreline,1552,365,168,stop,2352,0.623882
gale-32b,Steadfast,2091,289,134,stop,3493,0.824110
gale-32b,Steadfast,2531,361,162,stop,4578,0.898978
gale-32b,NimbusServe,3134,242,107,stop,5347,0.989833
gale-32b,NimbusServe,2207,294,135,stop,5451,0.869371
gale-32b,Coreline,2665,335,147,stop,2315,1.010661
gale-32b,Fastori,2074,376,172,stop,1379,0.852300
gale-32b,Fastori,2616,210,101,stop,1407,0.857237
gale-32b,Coreline,2824,373,166,stop,2062,1.061108
gale-32b,Coreline,2514,407,186,stop,3039,0.878432
gale-32b,NimbusServe,2611,352,158,stop,7800,0.847984
gale-32b,Steadfast,2501,258,121,stop,3706,0.836886
gale-32b,Coreline,1930,366,163,stop,3022,0.804661
gale-32b,Coreline,3320,408,194,stop,2615,1.204330
gale-32b,Fastori,2512,359,152,stop,1321,0.823448
gale-32b,Steadfast,1956,329,147,stop,4475,0.759527
gale-32b,NimbusServe,2834,361,167,stop,4998,1.005524
gale-32b,NimbusServe,2072,387,177,stop,111335,0.862689
gale-32b,NimbusServe,1834,391,181,stop,6378,0.717530
gale-32b,Coreline,2428,314,140,stop,3158,0.939023
gale-32b,Fastori,2741,323,149,stop,1317,0.957554
gale-32b,Steadfast,1598,302,140,stop,4406,0.584051
gale-32b,Fastori,3054,401,176,stop,1649,1.013742
gale-32b,Coreline,3013,415,174,stop,2812,1.010812
gale-32b,Fastori,2506,259,116,stop,1368,0.877039
gale-32b,NimbusServe,2739,246,110,stop,81421,0.899757
gale-32b,Steadfast,2690,268,122,stop,4036,0.868978
gale-32b,NimbusServe,3150,326,146,stop,7347,0.986510
gale-32b,Fastori,2476,228,99,stop,1279,0.798015
gale-32b,NimbusServe,3195,361,167,stop,112887,1.172783
gale-32b,Coreline,2425,266,125,stop,2796,0.834105
gale-32b,NimbusServe,2135,265,113,stop,113068,0.815422
gale-32b,Fastori,1742,345,152,stop,1533,0.703306
gale-32b,Coreline,1943,277,127,stop,2112,0.702698
gale-32b,Steadfast,2221,295,128,stop,3092,0.746243
gale-32b,Coreline,2137,427,199,stop,2450,0.904795
gale-32b,Steadfast,1635,308,135,stop,4266,0.650357
gale-32b,NimbusServe,2753,282,121,stop,5275,1.024654
gale-32b,Coreline,2179,200,88,stop,3179,0.756509
gale-32b,Fastori,2798,391,178,stop,1416,0.911465
gale-32b,NimbusServe,3300,358,170,stop,51887,1.066392
gale-32b,Steadfast,1571,376,172,stop,4570,0.608228
gale-32b,NimbusServe,2187,292,131,stop,71353,0.713261
gale-32b,Fastori,2635,440,195,stop,1544,1.020015
gale-32b,NimbusServe,2634,209,93,stop,81387,0.917154
gale-32b,Coreline,2687,301,140,stop,1715,0.903499
gale-32b,Steadfast,2187,325,141,stop,3957,0.723393
gale-32b,Steadfast,2558,258,117,stop,4644,0.931080
gale-32b,Coreline,2438,315,135,stop,2168,0.885477
gale-32b,Steadfast,2882,307,141,stop,3385,1.024309
gale-32b,NimbusServe,2121,330,149,stop,83735,0.711770
gale-32b,NimbusServe,1650,189,87,stop,5940,0.545133
gale-32b,Steadfast,2053,223,98,stop,4126,0.719812
gale-32b,Coreline,3174,324,139,stop,1996,0.988497
gale-32b,Steadfast,3164,309,135,stop,3230,0.982334
gale-32b,Fastori,844,399,177,stop,1217,0.413182
gale-32b,Steadfast,2179,241,108,stop,4091,0.708523
gale-32b,NimbusServe,2565,300,136,stop,97045,0.985223
gale-32b,Steadfast,2242,293,129,stop,3310,0.744999
gale-32b,NimbusServe,2095,183,78,stop,6310,0.743556
gale-32b,Steadfast,2386,298,133,stop,4060,0.857865
gale-32b,Coreline,1252,333,153,stop,1760,0.521721
gale-32b,Fastori,3163,338,154,stop,1383,1.098395
gale-32b,Steadfast,2852,402,187,stop,3048,1.054422
gale-32b,Fastori,2557,457,212,stop,1352,1.015447
gale-32b,NimbusServe,1887,279,123,stop,5476,0.737059
gale-32b,Steadfast,3045,311,142,stop,4173,1.104120
gale-32b,Steadfast,1888,234,108,stop,4469,0.668474
gale-32b,NimbusServe,2120,265,119,stop,4779,0.692453
gale-32b,Steadfast,2530,362,159,stop,4536,0.907760
gale-32b,Coreline,2623,370,158,stop,1674,1.025896
gale-32b,Fastori,2486,240,104,stop,1151,0.901900
gale-32b,NimbusServe,2375,353,153,stop,6563,0.909621
gale-32b,Coreline,2921,458,208,stop,2805,1.055260
gale-32b,Coreline,3153,304,140,stop,2746,0.995394
gale-32b,Coreline,1729,377,172,stop,2095,0.697934
gale-32b,Coreline,2597,241,109,stop,2853,0.811714
gale-32b,Steadfast,2912,264,117,stop,3854,1.038150
gale-32b,Fastori,1664,442,192,stop,1350,0.710900
gale-32b,Fastori,3619,391,173,stop,1094,1.314811
gale-32b,Coreline,1852,327,151,stop,2885,0.766521
gale-32b,NimbusServe,2484,213,94,stop,6725,0.827813
gale-32b,Fastori,1728,299,133,stop,1269,0.587793
gale-32b,Coreline,2381,307,140,stop,2404,0.835606
gale-32b,NimbusServe,2729,264,118,stop,4810,0.979784
gale-32b,Fastori,3132,329,150,stop,1350,1.026062
gale-32b,Steadfast,2020,385,179,stop,4084,0.821836
gale-32b,NimbusServe,3354,380,167,stop,5762,1.211253
gale-32b,Fastori,1393,305,134,stop,1141,0.597466
gale-32b,Fastori,3229,238,109,stop,1843,1.099694
gale-32b,NimbusServe,1988,284,133,stop,7671,0.764917
gale-32b,Fastori,2374,241,105,stop,1811,0.795612
gale-32b,Steadfast,1818,394,179,stop,2799,0.715449
gale-32b,Fastori,1710,348,154,stop,1300,0.728380
gale-32b,Fastori,2341,336,158,stop,1233,0.879811
gale-32b,Fastori,3552,274,123,stop,1098,1.296461
gale-32b,NimbusServe,2486,182,83,stop,7440,0.816421
gale-32b,Fastori,2064,351,159,stop,852,0.815381
gale-32b,Steadfast,2003,409,186,stop,3639,0.844383
gale-32b,NimbusServe,2621,338,156,stop,5829,0.942508
gale-32b,Coreline,2449,321,142,stop,2104,0.943437
gale-32b,Coreline,2091,330,143,stop,3040,0.840505
gale-32b,Fastori,2888,306,135,stop,1028,0.909255
gale-32b,Coreline,2812,351,153,stop,2251,0.953552
gale-32b,Coreline,3129,238,107,stop,2699,0.970457
gale-32b,NimbusServe,2612,409,177,stop,7355,0.874385
gale-32b,NimbusServe,2707,316,141,stop,6384,0.939217
gale-32b,Steadfast,3471,257,115,stop,4054,1.106031
gale-32b,NimbusServe,2265,401,181,stop,5260,0.882881
gale-32b,NimbusServe,2528,204,91,stop,6218,0.917919
gale-32b,Fastori,2195,419,186,stop,1791,0.858308
fenn-15b,Coreline,2555,224,120,stop,2080,0.423758
fenn-15b,Fastori,2607,257,141,stop,1296,0.464493
fenn-15b,Steadfast,2168,407,227,stop,4058,0.458531
fenn-15b,Steadfast,3020,320,181,stop,4068,0.568902
fenn-15b,Coreline,2398,230,122,stop,2132,0.380330
fenn-15b,Coreline,2551,241,131,stop,1826,0.398046
fenn-15b,NimbusServe,2061,391,212,stop,5229,0.404188
fenn-15b,Steadfast,1863,382,213,stop,4034,0.385172
fenn-15b,Coreline,2082,306,162,stop,3262,0.398292
fenn-15b,NimbusServe,2988,225,121,stop,6635,0.541792
fenn-15b,NimbusServe,1524,382,199,stop,69120,0.297787
fenn-15b,Fastori,1979,319,175,stop,1370,0.371354
fenn-15b,NimbusServe,2414,304,167,stop,6054,0.453617
fenn-15b,Steadfast,2157,202,109,stop,4410,0.401436
fenn-15b,NimbusServe,2183,282,158,stop,83371,0.355888
fenn-15b,Coreline,3461,399,218,stop,2392,0.641558
fenn-15b,Coreline,2301,371,209,stop,2709,0.432493
fenn-15b,NimbusServe,3061,254,143,stop,6290,0.525546
fenn-15b,Steadfast,3221,356,195,stop,3909,0.595924
fenn-15b,Steadfast,2259,277,148,stop,4463,0.399948
fenn-15b,Fastori,3311,336,192,stop,1546,0.631176
fenn-15b,Fastori,2027,371,198,stop,1306,0.410486
fenn-15b,Steadfast,1397,366,193,stop,4686,0.291290
fenn-15b,NimbusServe,2475,273,146,stop,60407,0.470160
fenn-15b,Steadfast,2987,307,175,stop,3566,0.491106
fenn-15b,Fastori,2116,315,170,stop,1300,0.414121
fenn-15b,Fastori,2139,350,194,stop,1388,0.442503
fenn-15b,Coreline,3172,277,149,stop,2454,0.493369
fenn-15b,Fastori,2346,348,186,stop,1352,0.431562
fenn-15b,NimbusServe,1567,223,121,stop,6892,0.283334
fenn-15b,Coreline,2181,390,223,stop,2357,0.438059
fenn-15b,Coreline,1859,296,164,stop,10878,0.346234
fenn-15b,NimbusServe,2994,197,107,stop,6020,0.505675
fenn-15b,Coreline,2486,222,124,stop,2213,0.401481
fenn-15b,Steadfast,2923,373,202,stop,3575,0.501279
fenn-15b,Coreline,2065,282,157,stop,2622,0.381954
fenn-15b,Steadfast,2682,264,149,stop,4336,0.484109
fenn-15b,NimbusServe,2152,333,181,stop,6648,0.371612
fenn-15b,Coreline,2317,441,240,stop,2678,0.481576
fenn-15b,Fastori,1615,337,185,stop,1286,0.346994
fenn-15b,Steadfast,2990,375,206,stop,4533,0.488272
fenn-15b,Steadfast,2306,321,173,stop,3661,0.460650
fenn-15b,Fastori,1913,263,149,stop,1481,0.320419
fenn-15b,Steadfast,3256,364,198,stop,3771,0.590948
fenn-15b,Coreline,2973,351,188,stop,2638,0.552355
fenn-15b,NimbusServe,3028,372,206,stop,5817,0.522349
fenn-15b,Steadfast,2446,354,198,stop,3757,0.450670
fenn-15b,Coreline,3035,430,232,stop,2589,0.588694
fenn-15b,Steadfast,1900,311,170,stop,2992,0.338278
fenn-15b,Fastori,3178,234,127,stop,1543,0.577289
fenn-15b,Steadfast,2899,256,141,stop,4658,0.497503
fenn-15b,Fastori,2364,395,220,stop,1321,0.473056
fenn-15b,Fastori,2632,340,181,stop,1343,0.479846
fenn-15b,Steadfast,1636,330,183,stop,4305,0.323038
fenn-15b,Fastori,2379,252,141,stop,1075,0.410809
fenn-15b,Fastori,2468,329,185,stop,1367,0.440093
fenn-15b,NimbusServe,2735,400,221,stop,99497,0.541989
fenn-15b,NimbusServe,3297,345,185,stop,5131,0.618175
fenn-15b,NimbusServe,1585,327,184,stop,5995,0.294573
fenn-15b,Fastori,1557,309,172,stop,1398,0.283666
fenn-15b,Coreline,2775,257,150,stop,2168,0.501371
fenn-15b,NimbusServe,3297,369,201,stop,6460,0.544392
fenn-15b,NimbusServe,2294,326,181,stop,113315,0.404134
fenn-15b,Fastori,2828,187,99,stop,6034,0.467128
fenn-15b,NimbusServe,2772,393,225,stop,99401,0.504858
fenn-15b,Fastori,2257,284,156,stop,1310,0.368839
fenn-15b,Coreline,2337,444,244,stop,2662,0.489244
fenn-15b,Coreline,2073,356,195,stop,2884,0.390732
fenn-15b,NimbusServe,3111,257,144,stop,79034,0.542722
fenn-15b,Fastori,2640,301,161,stop,1540,0.435731
fenn-15b,NimbusServe,2801,481,263,stop,5145,0.537910
fenn-15b,Fastori,2732,286,156,stop,1158,0.503735
fenn-15b,Steadfast,3053,182,99,stop,5630,0.535149
fenn-15b,Coreline,2744,367,197,stop,2099,0.523925
fenn-15b,Coreline,2120,346,196,stop,2514,0.409840
fenn-15b,Coreline,3408,318,181,stop,3151,0.581288
fenn-15b,Coreline,2369,227,124,stop,2661,0.393382
fenn-15b,NimbusServe,2657,289,157,stop,5055,0.451443
fenn-15b,NimbusServe,2152,353,188,stop,5438,0.413165
fenn-15b,Fastori,2948,213,116,stop,1679,0.499281
fenn-15b,NimbusServe,2048,224,124,stop,6786,0.373932
fenn-15b,Steadfast,2732,220,118,stop,3966,0.442761
fenn-15b,Steadfast,3067,297,163,stop,4166,0.505239
fenn-15b,Fastori,2032,415,227,stop,1425,0.410689
fenn-15b,Steadfast,2488,255,141,stop,3731,0.461273
fenn-15b,NimbusServe,2442,411,220,stop,5790,0.496944
fenn-15b,Fastori,2270,326,174,stop,1555,0.439531
fenn-15b,Steadfast,2351,320,178,stop,3077,0.429335
fenn-15b,Steadfast,1676,422,233,stop,3858,0.343914
fenn-15b,Fastori,2588,253,138,stop,1260,0.423362
fenn-15b,Coreline,3213,253,137,stop,3297,0.592284
fenn-15b,Steadfast,2188,313,177,stop,3184,0.428894
fenn-15b,Coreline,2165,409,221,stop,2982,0.428226
fenn-15b,Fastori,1698,363,192,stop,1171,0.317636
fenn-15b,NimbusServe,2422,257,143,stop,6456,0.435494
fenn-15b,Steadfast,3219,250,138,stop,4139,0.585323
fenn-15b,Fastori,2277,376,206,stop,1649,0.437203
fenn-15b,Steadfast,2133,281,152,stop,4439,0.368375
fenn-15b,Fastori,2278,236,129,stop,1569,0.371218
fenn-15b,Coreline,2025,363,202,stop,2697,0.352847
fenn-15b,NimbusServe,2440,253,138,stop,6267,0.431214
fenn-15b,Steadfast,2522,312,174,stop,4001,0.484163
fenn-15b,Coreline,2272,368,205,stop,1966,0.448945
fenn-15b,Steadfast,2038,307,166,stop,2985,0.399254
fenn-15b,Steadfast,1794,331,181,stop,4740,0.368917
fenn-15b,Steadfast,2977,207,118,stop,2944,0.452776
fenn-15b,Fastori,3011,277,150,stop,1346,0.518019
fenn-15b,NimbusServe,3075,326,182,stop,7052,0.512086
fenn-15b,NimbusServe,3589,327,178,stop,5262,0.555513
fenn-15b,NimbusServe,1879,416,224,stop,5772,0.343881
fenn-15b,Coreline,2590,193,110,stop,2807,0.462815
fenn-15b,Coreline,1055,350,190,stop,2549,0.224873
fenn-15b,Steadfast,2671,279,157,stop,3599,0.434183
fenn-15b,NimbusServe,2897,225,126,stop,6690,0.496668
fenn-15b,Steadfast,3131,308,171,stop,4223,0.550130
fenn-15b,Coreline,3081,291,157,stop,2357,0.501595
fenn-15b,NimbusServe,1716,316,176,stop,6197,0.330399
fenn-15b,Fastori,2459,310,166,stop,1634,0.467117
fenn-15b,NimbusServe,2468,348,188,stop,5785,0.471270
fenn-15b,Coreline,1732,287,154,stop,2507,0.299124
fenn-15b,Steadfast,1801,232,129,stop,3813,0.341329
fenn-15b,Coreline,2100,304,167,stop,2081,0.357270
fenn-15b,NimbusServe,2058,308,168,stop,4343,0.400270
fenn-15b,Steadfast,3560,277,156,stop,3529,0.646579
fenn-15b,Fastori,2336,253,142,stop,1477,0.420886
fenn-15b,Coreline,2459,295,167,stop,2577,0.470187
fenn-15b,Coreline,2688,308,172,stop,2964,0.484645
fenn-15b,Steadfast,2156,317,175,stop,4055,0.361589
fenn-15b,NimbusServe,1386,244,136,stop,97628,0.275238
fenn-15b,Steadfast,2482,357,199,stop,4078,0.491976
fenn-15b,Fastori,2612,200,110,stop,1351,0.456812
fenn-15b,Coreline,2098,307,165,stop,2748,0.387901
fenn-15b,Coreline,2228,238,131,stop,2812,0.358371
fenn-15b,Coreline,2477,256,141,stop,2649,0.463088
fenn-15b,Coreline,2800,303,170,stop,2876,0.509283
fenn-15b,Coreline,2263,289,159,stop,2737,0.402963
fenn-15b,Steadfast,3621,431,242,stop,4589,0.660891
fenn-15b,Steadfast,3246,215,120,stop,4153,0.574599
fenn-15b,Fastori,2804,403,219,stop,1715,0.482832
fenn-15b,Fastori,1531,281,155,stop,1299,0.274814
fenn-15b,Coreline,2429,215,117,stop,3048,0.435312
fenn-15b,Fastori,2532,336,190,stop,1399,0.462210
fenn-15b,Fastori,2345,285,158,stop,1667,0.417755
fenn-15b,Coreline,3151,409,227,stop,2080,0.542604
fenn-15b,Coreline,2067,348,186,stop,2107,0.389047
fenn-15b,Fastori,2605,265,149,stop,1479,0.436399
fenn-15b,Coreline,3100,289,161,stop,15309,0.523712
fenn-15b,Coreline,2003,271,147,stop,2253,0.364720
fenn-15b,Fastori,2208,362,202,stop,1316,0.429395
fenn-15b,Steadfast,3537,401,225,stop,3861,0.586369
fenn-15b,Steadfast,2041,378,208,stop,19165,0.373368
fenn-15b,Coreline,1841,328,179,stop,2434,0.341458
fenn-15b,NimbusServe,2579,355,203,stop,107484,0.496110
fenn-15b,Coreline,2462,288,159,stop,2948,0.468496
fenn-15b,Fastori,2545,469,261,stop,1535,0.448403
fenn-15b,NimbusServe,1585,308,172,stop,4447,0.288383
fenn-15b,NimbusServe,2900,397,220,stop,5753,0.555233
fenn-15b,NimbusServe,2051,350,195,stop,5897,0.422317
fenn-15b,Fastori,2461,282,152,stop,1009,0.411550
fenn-15b,NimbusServe,1477,259,145,stop,4752,0.305976
fenn-15b,NimbusServe,1143,210,115,stop,51011,0.202495
fenn-15b,Fastori,2742,368,197,stop,1255,0.524171
fenn-15b,Coreline,3005,372,208,stop,2345,0.565467
fenn-15b,Fastori,2380,231,128,stop,1341,0.373639
fenn-15b,Coreline,3075,281,155,stop,2423,0.569060
fenn-15b,Fastori,2801,180,99,stop,1721,0.456052
fenn-15b,Fastori,2088,328,182,stop,1129,0.416539
fenn-15b,NimbusServe,1973,165,93,stop,5721,0.321063
fenn-15b,NimbusServe,2794,270,151,stop,5839,0.491761
fenn-15b,Coreline,1797,281,154,stop,2775,0.303940
fenn-15b,Coreline,2566,368,209,stop,3284,0.506001
fenn-15b,NimbusServe,2717,416,226,stop,8337,0.531840
fenn-15b,Coreline,1953,385,212,stop,3179,0.384901
fenn-15b,Steadfast,2183,246,137,stop,3914,0.391821
fenn-15b,Steadfast,1611,245,135,stop,4964,0.278160
fenn-15b,NimbusServe,1510,455,251,stop,5427,0.356223
fenn-15b,Fastori,2492,292,159,stop,1785,0.484665
fenn-15b,NimbusServe,2793,215,118,stop,7418,0.491703
fenn-15b,Steadfast,3128,237,132,stop,4207,0.553676
fenn-15b,Steadfast,2966,232,127,stop,3426,0.529837
fenn-15b,NimbusServe,2697,439,233,stop,68210,0.525965
fenn-15b,NimbusServe,2479,261,140,stop,6780,0.454320
fenn-15b,NimbusServe,2022,244,132,stop,5324,0.351127
fenn-15b,NimbusServe,3103,343,188,stop,4786,0.530255
fenn-15b,Coreline,1877,347,191,stop,2465,0.377758
fenn-15b,NimbusServe,1901,266,142,stop,6853,0.369698
fenn-15b,NimbusServe,3040,349,199,stop,5555,0.536653
fenn-15b,Steadfast,2832,305,164,stop,4565,0.521480
fenn-15b,NimbusServe,2460,305,170,stop,6543,0.424128
fenn-15b,Steadfast,2053,308,167,stop,3633,0.356086
fenn-15b,NimbusServe,2214,263,141,stop,83436,0.366031
fenn-15b,NimbusServe,1768,310,177,stop,6314,0.309458
fenn-15b,Steadfast,3019,388,219,stop,4227,0.519448
fenn-15b,Fastori,2143,456,249,stop,1483,0.384864
fenn-15b,NimbusServe,3112,326,176,stop,7088,0.509080
fenn-15b,Coreline,2032,328,175,stop,2162,0.361438
fenn-15b,Steadfast,2749,355,201,stop,4069,0.489237
fenn-15b,Steadfast,2482,315,177,stop,4077,0.424847
fenn-15b,NimbusServe,2243,174,95,stop,5359,0.387629
fenn-15b,Fastori,2598,354,199,stop,1295,0.490800
fenn-15b,NimbusServe,2551,398,218,stop,6796,0.484457
fenn-15b,NimbusServe,2577,358,195,stop,6246,0.504309
fenn-15b,Steadfast,2701,383,209,stop,4657,0.537235
fenn-15b,Coreline,2447,273,153,stop,2294,0.459487
fenn-15b,Fastori,1890,394,216,stop,1065,0.409154
fenn-15b,Steadfast,2320,310,176,stop,4677,0.436191
fenn-15b,NimbusServe,2191,302,163,stop,4924,0.365570
fenn-15b,Steadfast,2093,246,138,stop,4106,0.354113
fenn-15b,Fastori,2973,283,158,stop,1397,0.470627
fenn-15b,Fastori,2300,345,189,stop,5900,0.458040
fenn-15b,Steadfast,2696,327,180,stop,3898,0.522751
fenn-15b,Coreline,2069,366,203,stop,3395,0.386718
fenn-15b,Coreline,1528,345,184,stop,2946,0.290603
fenn-15b,Coreline,2781,349,193,stop,2795,0.509075
fenn-15b,Steadfast,2277,325,187,stop,3006,0.431880
fenn-15b,Coreline,2972,256,137,stop,2302,0.472808
fenn-15b,Steadfast,2739,400,219,stop,3879,0.489281
fenn-15b,NimbusServe,2030,277,148,stop,4807,0.381996
fenn-15b,NimbusServe,3115,384,208,stop,5765,0.586989
fenn-15b,Fastori,3426,385,216,stop,1430,0.659307
fenn-15b,Coreline,2701,441,233,stop,2271,0.498546
fenn-15b,Coreline,2458,329,179,stop,3178,0.414936
fenn-15b,Coreline,2183,344,190,stop,2808,0.383079
fenn-15b,Fastori,2403,353,195,stop,1269,0.406192
fenn-15b,Coreline,2920,323,176,stop,2194,0.462912
fenn-15b,NimbusServe,2513,393,212,stop,6513,0.455650
fenn-15b,Fastori,2670,290,159,stop,1097,0.510701
fenn-15b,Coreline,3165,351,195,stop,3122,0.605414
fenn-15b,NimbusServe,2566,350,192,stop,5974,0.487610
fenn-15b,Steadfast,2109,373,204,stop,3725,0.422699
fenn-15b,Steadfast,2652,350,190,stop,4166,0.482207
fenn-15b,Coreline,2950,396,222,stop,2628,0.585135
fenn-15b,Fastori,3239,299,167,stop,1010,0.607725
fenn-15b,Fastori,2104,317,174,stop,1391,0.359145
fenn-15b,Steadfast,2754,280,156,stop,3925,0.503223
fenn-15b,Fastori,1896,342,193,stop,860,0.392441
fenn-15b,Fastori,2501,285,155,stop,937,0.431594
fenn-15b,Steadfast,2914,383,215,stop,2922,0.564300
fenn-15b,Coreline,1406,258,136,stop,3222,0.273219
fenn-15b,Coreline,2306,364,200,stop,2800,0.462911
fenn-15b,Fastori,3372,437,240,stop,1583,0.651747
fenn-15b,Fastori,2357,328,178,stop,1273,0.452562
fenn-15b,Fastori,2850,244,130,stop,1346,0.438182
fenn-15b,Fastori,2740,315,172,stop,1386,0.483566
fenn-15b,Steadfast,3076,277,154,stop,20107,0.485170
fenn-15b,NimbusServe,2435,420,224,stop,7074,0.428420
fenn-15b,NimbusServe,2385,389,215,stop,6178,0.416006
fenn-15b,NimbusServe,3188,225,121,stop,5513,0.507377
fenn-15b,Steadfast,3221,307,169,stop,5179,0.539837
fenn-15b,Steadfast,2568,239,137,stop,4973,0.415946
fenn-15b,Coreline,2652,277,151,stop,2555,0.430547
fenn-15b,NimbusServe,3978,312,169,stop,54370,0.709517
fenn-15b,Coreline,1980,292,163,stop,2176,0.336716
fenn-15b,Coreline,2633,363,197,stop,2750,0.458452
fenn-15b,Coreline,1949,415,234,stop,2220,0.355133
fenn-15b,Coreline,1852,378,205,stop,2082,0.389127
fenn-15b,Fastori,2069,331,180,stop,1573,0.424720
fenn-15b,Steadfast,2225,286,160,stop,4294,0.413623
fenn-15b,Coreline,1482,190,103,stop,2757,0.276571
fenn-15b,Steadfast,2292,220,121,stop,3652,0.415801
fenn-15b,Fastori,1747,277,153,stop,1492,0.321466
fenn-15b,Steadfast,2064,373,211,stop,4524,0.417849
fenn-15b,NimbusServe,2552,204,116,stop,4774,0.471830
fenn-15b,Coreline,2871,249,139,stop,2981,0.492404
fenn-15b,NimbusServe,2796,421,224,stop,5287,0.482198
fenn-15b,Coreline,2799,284,153,stop,2821,0.470298
fenn-15b,NimbusServe,2349,237,132,stop,5756,0.386346
fenn-15b,Fastori,2920,325,180,stop,903,0.504500
fenn-15b,Coreline,2424,416,230,stop,2266,0.420128
fenn-15b,Fastori,2236,304,166,stop,1547,0.417530
fenn-15b,Coreline,2055,373,202,stop,2646,0.427181
fenn-15b,Fastori,2617,413,223,stop,1378,0.449851
fenn-15b,Steadfast,2718,397,217,stop,4329,0.459387
fenn-15b,Fastori,2307,247,136,stop,1713,0.411848
fenn-15b,Steadfast,2429,336,176,stop,5049,0.474387
fenn-15b,Coreline,2571,349,195,stop,2764,0.508026
fenn-15b,Steadfast,2558,342,188,stop,4281,0.473952
fenn-15b,Steadfast,2809,323,178,stop,3615,0.501550
fenn-15b,Steadfast,2606,232,125,stop,4054,0.449417
fenn-15b,Fastori,2547,234,129,stop,1329,0.405860
fenn-15b,Coreline,2175,238,130,stop,1987,0.403469
fenn-15b,NimbusServe,2742,260,145,stop,5449,0.501236
fenn-15b,NimbusServe,2648,432,237,stop,6961,0.488401
fenn-15b,NimbusServe,2697,345,185,stop,59614,0.462536
fenn-15b,Fastori,2773,265,143,stop,1424,0.490139
fenn-15b,Fastori,2739,290,154,stop,1390,0.491383
fenn-15b,Steadfast,2594,351,195,stop,3299,0.479776
fenn-15b,Fastori,2234,353,195,stop,1366,0.416449
fenn-15b,Fastori,1323,204,113,stop,1236,0.237908
fenn-15b,Steadfast,1792,195,110,stop,3895,0.294183
fenn-15b,NimbusServe,3046,326,180,stop,6186,0.542507
fenn-15b,Coreline,1637,387,217,stop,2538,0.329845
fenn-15b,Coreline,1868,299,162,stop,2551,0.370980
fenn-15b,Fastori,1750,323,181,stop,1442,0.355649
fenn-15b,Fastori,2423,344,186,stop,1667,0.479224
fenn-15b,Fastori,2292,307,164,stop,1176,0.438838
fenn-15b,Fastori,2533,274,147,stop,1563,0.429317
fenn-15b,NimbusServe,3541,281,159,stop,6157,0.647309
fenn-15b,Fastori,2326,305,164,stop,1542,0.400667
fenn-15b,Fastori,2647,189,104,stop,1379,0.416813
fenn-15b,NimbusServe,3045,344,188,stop,4069,0.587718
fenn-15b,Fastori,2030,253,134,stop,1168,0.360112
fenn-15b,Steadfast,1967,273,153,stop,16650,0.367054
fenn-15b,NimbusServe,2372,353,198,stop,6242,0.462390
fenn-15b,Steadfast,2637,311,178,stop,4976,0.482860
fenn-15b,NimbusServe,2678,204,115,stop,5319,0.486200
fenn-15b,Coreline,2811,231,131,stop,3013,0.521826
fenn-15b,Fastori,2114,296,161,stop,1743,0.392442
fenn-15b,Fastori,2084,291,154,stop,1350,0.401302
fenn-15b,Steadfast,1587,321,182,stop,4250,0.326730
fenn-15b,NimbusServe,2005,216,117,stop,7620,0.377127
fenn-15b,Fastori,2099,302,162,stop,1080,0.378880
fenn-15b,Fastori,2694,288,160,stop,1332,0.503633
fenn-15b,Coreline,2452,325,181,stop,2843,0.472576
fenn-15b,Coreline,3045,387,212,stop,2130,0.506883
fenn-15b,Coreline,2331,309,168,stop,2075,0.439797
fenn-15b,Coreline,2398,238,134,stop,2911,0.389761
fenn-15b,Steadfast,3048,351,186,stop,3672,0.515301
fenn-15b,Steadfast,2776,429,225,stop,4071,0.512349
fenn-15b,Fastori,2577,423,230,stop,1370,0.454773
fenn-15b,Coreline,1988,390,206,stop,2316,0.373402
fenn-15b,Steadfast,2763,320,174,stop,3621,0.523964
fenn-15b,Steadfast,1742,410,226,stop,2610,0.344494
fenn-15b,Steadfast,2508,321,176,stop,4366,0.439166
fenn-15b,Fastori,2840,311,174,stop,1318,0.528992
fenn-15b,NimbusServe,2549,312,171,stop,5915,0.414884
fenn-15b,NimbusServe,1420,251,143,stop,4015,0.259090
fenn-15b,NimbusServe,3272,209,116,stop,5079,0.533727
fenn-15b,Coreline,2110,310,170,stop,2986,0.369904
fenn-15b,Fastori,1639,427,228,stop,1516,0.376277
fenn-15b,Coreline,1582,180,99,stop,2536,0.299456
fenn-15b,Fastori,2424,374,208,stop,1439,0.465750
fenn-15b,Fastori,2506,300,157,stop,1396,0.487874
fenn-15b,Fastori,1929,389,214,stop,1714,0.345807
fenn-15b,NimbusServe,2697,336,193,stop,4253,0.525783
fenn-15b,Fastori,2261,369,201,stop,1091,0.443289
fenn-15b,Fastori,2591,431,247,stop,1513,0.523701
fenn-15b,Coreline,2559,287,162,stop,3021,0.438603
fenn-15b,Steadfast,3054,300,165,stop,4606,0.542057
fenn-15b,NimbusServe,3196,299,162,stop,71135,0.493698
fenn-15b,Fastori,3140,403,219,stop,1313,0.587726
fenn-15b,Coreline,3230,263,150,stop,1856,0.494791
fenn-15b,Coreline,1590,363,199,stop,2770,0.329413
fenn-15b,Coreline,2639,318,174,stop,2409,0.451767
fenn-15b,Fastori,2170,245,134,stop,7907,0.403719
fenn-15b,Fastori,2187,379,208,stop,1170,0.433317
fenn-15b,Steadfast,3168,334,182,stop,4861,0.585073
fenn-15b,NimbusServe,3405,447,253,stop,6154,0.626415
fenn-15b,Steadfast,2158,345,185,stop,3722,0.402636
fenn-15b,Steadfast,2682,343,186,stop,3570,0.503369
fenn-15b,Steadfast,2446,367,202,stop,4172,0.409459
fenn-15b,Steadfast,2506,320,180,stop,3397,0.417961
fenn-15b,NimbusServe,1853,338,179,stop,5748,0.338779
fenn-15b,NimbusServe,1858,279,152,stop,7060,0.332433
fenn-15b,Coreline,2139,361,196,stop,1594,0.375464
fenn-15b,Steadfast,2185,342,187,stop,3741,0.408261
fenn-15b,Coreline,3172,285,161,stop,2412,0.566019
fenn-15b,NimbusServe,1858,361,199,stop,6391,0.363762
fenn-15b,NimbusServe,2166,325,178,stop,6341,0.402059
fenn-15b,Fastori,2162,240,131,stop,1211,0.395302
fenn-15b,NimbusServe,1816,280,153,stop,6492,0.356007
fenn-15b,Steadfast,1423,318,179,stop,4360,0.264977
fenn-15b,Coreline,1877,329,181,stop,1941,0.387041
fenn-15b,Steadfast,2750,410,227,stop,4255,0.491205
fenn-15b,Fastori,1132,238,130,stop,1672,0.243973
fenn-15b,Fastori,2550,262,149,stop,1334,0.458933
fenn-15b,Steadfast,2254,244,139,stop,4951,0.374742
fenn-15b,NimbusServe,1860,357,195,stop,4229,0.355122
fenn-15b,Fastori,2228,309,173,stop,1530,0.446707
fenn-15b,Coreline,2270,277,152,stop,2626,0.435268
fenn-15b,Steadfast,2439,296,166,stop,3463,0.475649
fenn-15b,Coreline,2008,214,117,stop,2836,0.360391
fenn-15b,NimbusServe,1759,226,122,stop,6485,0.345232
fenn-15b,Coreline,2385,287,155,stop,2082,0.438365
fenn-15b,NimbusServe,1417,275,156,stop,5393,0.283339
fenn-15b,Coreline,2613,342,186,stop,1949,0.484663
fenn-15b,Coreline,2414,312,176,stop,1941,0.469684
fenn-15b,NimbusServe,3753,248,128,stop,6180,0.680978
fenn-15b,Fastori,2441,252,138,stop,1287,0.426357
fenn-15b,Fastori,1755,283,164,stop,1028,0.334560
fenn-15b,Steadfast,2731,426,232,stop,17708,0.510883
fenn-15b,Fastori,2751,326,184,stop,1661,0.461763
fenn-15b,NimbusServe,3254,319,180,stop,3805,0.599666
fenn-15b,Fastori,2503,407,228,stop,1524,0.448828
fenn-15b,Coreline,1718,429,227,stop,2738,0.367482
fenn-15b,Steadfast,2045,233,133,stop,11575,0.342361
fenn-15b,Coreline,2385,364,202,stop,2615,0.452728
fenn-15b,Steadfast,1711,352,189,stop,3260,0.305423
fenn-15b,Coreline,1349,293,159,stop,2093,0.288426
fenn-15b,Steadfast,3017,328,181,stop,4721,0.566127
fenn-15b,Fastori,2052,462,247,stop,1377,0.381472
fenn-15b,Fastori,2756,310,170,stop,1469,0.529074
fenn-15b,NimbusServe,2583,255,139,stop,6234,0.427966
fenn-15b,Fastori,2123,332,179,stop,1554,0.375472
fenn-15b,Coreline,2848,280,158,stop,16523,0.494225
fenn-15b,Coreline,1996,298,164,stop,1993,0.333625
fenn-15b,Coreline,1726,385,205,stop,2668,0.331178
fenn-15b,Fastori,2494,339,184,stop,1176,0.458492
fenn-15b,Fastori,3245,330,178,stop,1050,0.587736
fenn-15b,Fastori,2440,258,136,stop,1268,0.407444
fenn-15b,Steadfast,2225,430,233,stop,4623,0.475254
fenn-15b,Fastori,2042,378,210,stop,1280,0.433273
fenn-15b,Fastori,1959,265,147,stop,1609,0.334864
fenn-15b,Fastori,2449,397,215,stop,1681,0.449837
fenn-15b,Coreline,1519,439,245,stop,2488,0.344321
fenn-15b,Fastori,2353,323,179,stop,1504,0.445919
fenn-15b,NimbusServe,2625,245,137,stop,5940,0.468095
fenn-15b,Steadfast,3193,373,201,stop,4198,0.555931
fenn-15b,Coreline,2893,224,122,stop,1912,0.467735
fenn-15b,Steadfast,2979,392,204,stop,4052,0.501496
fenn-15b,NimbusServe,1474,280,153,stop,6234,0.266139
fenn-15b,Fastori,1733,460,247,stop,1362,0.352518
fenn-15b,Steadfast,3028,442,243,stop,3217,0.507223
fenn-15b,Fastori,2864,301,167,stop,1178,0.483938
fenn-15b,Steadfast,3090,404,224,stop,4505,0.532355
fenn-15b,Fastori,2938,384,211,stop,1507,0.553199
fenn-15b,Steadfast,1634,354,202,stop,2916,0.353394
fenn-15b,Steadfast,2220,440,232,stop,4314,0.431456
fenn-15b,NimbusServe,2820,374,200,stop,6629,0.491180
fenn-15b,NimbusServe,2244,327,181,stop,5570,0.379184
fenn-15b,Steadfast,1459,383,206,stop,4309,0.305588
fenn-15b,NimbusServe,2620,422,234,stop,5819,0.468081
fenn-15b,Coreline,2309,281,150,stop,2392,0.414822
fenn-15b,Steadfast,1654,339,184,stop,3241,0.312867
fenn-15b,Coreline,1232,307,169,stop,2631,0.244178
fenn-15b,Steadfast,2083,288,157,stop,3807,0.356343
fenn-15b,Steadfast,2360,354,194,stop,3571,0.401455
fenn-15b,Fastori,2610,433,237,stop,1691,0.516534
fenn-15b,Steadfast,1556,332,178,stop,4257,0.316008
fenn-15b,Steadfast,2306,337,183,stop,3930,0.437268
fenn-15b,Coreline,2930,333,185,stop,2164,0.533655
fenn-15b,NimbusServe,2214,296,163,stop,65303,0.407176
fenn-15b,Coreline,2753,387,214,stop,2916,0.464169
fenn-15b,NimbusServe,3483,213,120,stop,59471,0.579306
fenn-15b,Steadfast,2419,243,132,stop,2661,0.458182
fenn-15b,Steadfast,3463,336,187,stop,4717,0.633451
fenn-15b,Fastori,2138,305,164,stop,1317,0.404762
fenn-15b,Coreline,1861,215,113,stop,2736,0.317921
fenn-15b,Fastori,2617,351,193,stop,1541,0.511852
fenn-15b,NimbusServe,2882,395,220,stop,6402,0.549199
fenn-15b,NimbusServe,1872,329,180,stop,4623,0.389477
fenn-15b,NimbusServe,2164,348,183,stop,5762,0.436981
fenn-15b,Steadfast,3525,396,216,stop,4663,0.644032
fenn-15b,Steadfast,2094,377,211,stop,4558,0.368948
fenn-15b,Fastori,1956,271,154,stop,1522,0.337806
fenn-15b,Fastori,2108,358,195,stop,1322,0.410992
fenn-15b,Steadfast,1982,179,99,stop,3771,0.315004
fenn-15b,Steadfast,2022,397,225,stop,3527,0.411124
fenn-15b,Coreline,1913,359,198,stop,2235,0.342852
fenn-15b,Steadfast,1544,257,137,stop,4410,0.282791
fenn-15b,Fastori,1180,336,191,stop,1677,0.247612
fenn-15b,Coreline,2545,374,201,stop,2252,0.479599
fenn-15b,Steadfast,2978,376,201,stop,4095,0.512829
fenn-15b,Steadfast,2255,359,201,stop,4824,0.432151
fenn-15b,Coreline,2166,207,112,stop,2339,0.408357
fenn-15b,NimbusServe,3189,333,176,stop,5891,0.508406
fenn-15b,Coreline,2239,327,182,stop,2471,0.406598
fenn-15b,Coreline,2336,330,181,stop,2465,0.412466
fenn-15b,Fastori,2586,342,194,stop,1395,0.476361
fenn-15b,NimbusServe,2826,388,220,stop,7088,0.466985
fenn-15b,Fastori,1806,251,138,stop,1570,0.358378
fenn-15b,Coreline,2748,334,188,stop,2695,0.520750
fenn-15b,NimbusServe,3419,327,175,stop,7362,0.613408
fenn-15b,Coreline,2555,244,131,stop,2912,0.464957
fenn-15b,Steadfast,2864,238,135,stop,4442,0.496196
fenn-15b,NimbusServe,3182,384,208,stop,5761,0.549980
fenn-15b,Fastori,1916,348,190,stop,1252,0.398658
fenn-15b,Coreline,1785,284,160,stop,2470,0.332151
fenn-15b,Coreline,2184,365,202,stop,2865,0.415963
fenn-15b,Fastori,2940,379,206,stop,1690,0.540230
fenn-15b,Fastori,2636,360,196,stop,1045,0.515136
fenn-15b,Coreline,2280,240,133,stop,2350,0.391234
fenn-15b,Fastori,2481,418,231,stop,1397,0.499695
fenn-15b,Coreline,3540,231,127,stop,2583,0.623058
fenn-15b,Fastori,2726,187,103,stop,1421,0.490739
fenn-15b,Steadfast,1931,224,127,stop,4698,0.311027
fenn-15b,NimbusServe,2021,389,213,stop,5700,0.413849
fenn-15b,Coreline,2218,312,175,stop,2980,0.413635
fenn-15b,Steadfast,1756,385,215,stop,3479,0.333857
fenn-15b,Coreline,2613,235,131,stop,2755,0.455932
fenn-15b,Fastori,2167,440,236,stop,1327,0.426015
fenn-15b,Fastori,2163,301,160,stop,1520,0.395684
fenn-15b,Fastori,1527,334,184,stop,1326,0.292468
fenn-15b,Steadfast,2446,354,194,stop,3682,0.459902
fenn-15b,Fastori,1937,338,185,stop,1353,0.380315
fenn-15b,Steadfast,2979,321,177,stop,4822,0.487610
fenn-15b,NimbusServe,2310,345,190,stop,5910,0.390165
fenn-15b,Steadfast,1755,273,151,stop,3511,0.314973
fenn-15b,NimbusServe,1751,371,205,stop,6583,0.362306
fenn-15b,Coreline,3182,237,132,stop,2994,0.492169
fenn-15b,NimbusServe,1807,363,208,stop,5720,0.321044
fenn-15b,Steadfast,1891,357,191,stop,4201,0.381283
fenn-15b,Coreline,2757,454,258,stop,2172,0.515683
fenn-15b,Coreline,2743,344,186,stop,1803,0.471586
fenn-15b,Fastori,1973,332,180,stop,1438,0.357271
fenn-15b,Fastori,2582,321,181,stop,1182,0.508212
fenn-15b,NimbusServe,2427,234,128,stop,5399,0.390855
fenn-15b,Coreline,1581,335,191,stop,2566,0.337635
fenn-15b,Fastori,3255,425,243,stop,1487,0.635000
fenn-15b,Fastori,2482,487,274,stop,1148,0.502752
fenn-15b,NimbusServe,2937,374,215,stop,6770,0.551510
fenn-15b,Steadfast,2906,369,202,stop,2405,0.561991
fenn-15b,Steadfast,2300,384,219,stop,4214,0.423052
fenn-15b,Fastori,1993,353,185,stop,1530,0.406599
fenn-15b,Fastori,2047,373,207,stop,1458,0.386481
fenn-15b,NimbusServe,1949,345,188,stop,5215,0.375302
fenn-15b,Fastori,2420,364,193,stop,1682,0.412787
fenn-15b,Coreline,2699,421,238,stop,1995,0.533245
fenn-15b,Coreline,2403,301,167,stop,2570,0.396568
fenn-15b,Fastori,1561,274,147,stop,1355,0.292008
fenn-15b,Fastori,2266,202,111,stop,1384,0.349116
fenn-15b,Fastori,2203,344,184,stop,1514,0.374361
fenn-15b,Steadfast,2411,368,200,stop,4232,0.421555
fenn-15b,Coreline,2028,267,149,stop,2300,0.341419
fenn-15b,NimbusServe,1458,262,139,stop,5050,0.306638
fenn-15b,Steadfast,2906,296,166,stop,3919,0.462615
fenn-15b,NimbusServe,2812,382,212,stop,113206,0.487361
fenn-15b,Coreline,2757,271,148,stop,8443,0.512178
fenn-15b,Fastori,2724,417,229,stop,973,0.470822
fenn-15b,Fastori,1698,335,176,stop,1765,0.302156
fenn-15b,Steadfast,2258,350,187,stop,3708,0.413887
fenn-15b,Fastori,2386,268,149,stop,1726,0.427621
fenn-15b,Fastori,3417,275,155,stop,1685,0.526533
fenn-15b,Fastori,2297,242,135,stop,1398,0.367804
fenn-15b,Steadfast,2048,343,191,stop,3730,0.359543
fenn-15b,Coreline,3252,308,169,stop,2854,0.505382
fenn-15b,Fastori,2884,280,153,stop,1354,0.460225
fenn-15b,Coreline,2338,255,143,stop,2600,0.422042
fenn-15b,Coreline,1735,348,185,stop,2336,0.364217
fenn-15b,Steadfast,2604,339,184,stop,3443,0.498516
fenn-15b,Coreline,1603,265,147,stop,2958,0.303670
fenn-15b,Steadfast,2032,300,169,stop,4832,0.350279
fenn-15b,Steadfast,2900,271,151,stop,4958,0.516187
fenn-15b,Coreline,3232,255,139,stop,2663,0.531569
fenn-15b,Fastori,2296,223,121,stop,1045,0.388881
fenn-15b,NimbusServe,2846,236,126,stop,5772,0.481820
fenn-15b,Fastori,2676,377,210,stop,1569,0.472554
fenn-15b,Steadfast,2313,390,214,stop,3420,0.404910
fenn-15b,NimbusServe,2129,293,156,stop,7401,0.401131
fenn-15b,Steadfast,2928,187,100,stop,4429,0.453365
fenn-15b,Steadfast,3130,345,181,stop,3242,0.553708
fenn-15b,Fastori,1678,324,175,stop,1268,0.356999
fenn-15b,Coreline,1833,373,203,stop,2564,0.364912
fenn-15b,NimbusServe,2522,380,200,stop,5116,0.431736
fenn-15b,NimbusServe,2502,344,185,stop,95729,0.439623
fenn-15b,Fastori,1667,282,150,stop,1221,0.307299
fenn-15b,Fastori,2844,274,148,stop,1437,0.480376
fenn-15b,NimbusServe,2855,317,175,stop,6713,0.496668
fenn-15b,Fastori,2537,302,164,stop,1720,0.420794
fenn-15b,Coreline,1510,327,179,stop,2921,0.272752
fenn-15b,Coreline,2426,419,229,stop,2729,0.457350
fenn-15b,Fastori,2665,442,244,stop,1296,0.460478
fenn-15b,Coreline,1907,348,185,stop,2635,0.395894
fenn-15b,Coreline,2658,410,222,stop,1855,0.523414
fenn-15b,Fastori,3445,332,178,stop,1705,0.583495
fenn-15b,NimbusServe,2909,245,135,stop,54546,0.477081
fenn-15b,Fastori,1917,225,126,stop,1374,0.307355
fenn-15b,Coreline,2848,189,105,stop,2464,0.438342
fenn-15b,Steadfast,2718,265,143,stop,3738,0.511064
fenn-15b,NimbusServe,1693,257,141,stop,5497,0.294459
fenn-15b,Fastori,2357,435,243,stop,1063,0.438698
fenn-15b,Coreline,3288,329,176,stop,2823,0.585500
fenn-15b,Fastori,1869,399,213,stop,1508,0.398451
fenn-15b,Fastori,3016,349,185,stop,6382,0.492091
fenn-15b,Steadfast,3003,252,144,stop,4207,0.516393
fenn-15b,Steadfast,2950,368,205,stop,3323,0.492082
fenn-15b,Fastori,2171,277,153,stop,1586,0.377654
fenn-15b,Fastori,2085,321,176,stop,1197,0.401536
fenn-15b,Steadfast,2719,297,160,stop,4786,0.486398
fenn-15b,Coreline,2439,301,166,stop,2249,0.434281
fenn-15b,Fastori,2373,321,171,stop,1508,0.421827
fenn-15b,Fastori,3062,249,136,stop,1385,0.504947
fenn-15b,Steadfast,2787,308,169,stop,3861,0.458534
fenn-15b,NimbusServe,3030,315,169,stop,100348,0.556249
fenn-15b,Fastori,2115,412,227,stop,1167,0.452543
fenn-15b,Coreline,2850,252,134,stop,2803,0.524294
fenn-15b,NimbusServe,3103,234,130,stop,5647,0.522684
fenn-15b,Coreline,1966,326,174,stop,2382,0.372636
fenn-15b,NimbusServe,2715,384,216,stop,6452,0.500274
fenn-15b,Coreline,1864,274,149,stop,2032,0.359258
fenn-15b,Coreline,2086,351,195,stop,2211,0.426115
fenn-15b,NimbusServe,2673,308,163,stop,5187,0.488268
fenn-15b,Fastori,3027,297,170,stop,1101,0.485028
fenn-15b,NimbusServe,3174,221,122,stop,4033,0.529816
fenn-15b,Coreline,3243,288,162,stop,2626,0.602083
fenn-15b,Fastori,2719,264,151,stop,1643,0.492745
fenn-15b,NimbusServe,2215,382,209,stop,6453,0.457115
fenn-15b,NimbusServe,1737,214,121,stop,4679,0.328744
fenn-15b,Steadfast,2147,407,225,stop,3257,0.409201
fenn-15b,Steadfast,1838,286,156,stop,3442,0.329336
fenn-15b,Coreline,974,268,146,stop,2434,0.189503
fenn-15b,Fastori,2299,264,148,stop,1091,0.379016
fenn-15b,Steadfast,2879,269,149,stop,4551,0.502096
fenn-15b,Steadfast,2568,353,196,stop,4119,0.496413
fenn-15b,Fastori,2358,282,152,stop,1608,0.416886
fenn-15b,Steadfast,1939,342,195,stop,3372,0.386154
fenn-15b,Steadfast,2322,400,218,stop,15515,0.473302
fenn-15b,Steadfast,949,292,158,stop,3289,0.224093
fenn-15b,Steadfast,1691,244,134,stop,4461,0.320508
fenn-15b,Steadfast,2205,231,128,stop,3599,0.411884
fenn-15b,Steadfast,2331,375,204,stop,3578,0.405223
fenn-15b,Steadfast,1192,279,153,stop,3534,0.245979
fenn-15b,Fastori,1903,258,143,stop,1109,0.334761
fenn-15b,Fastori,1694,267,145,stop,1890,0.330232
fenn-15b,Coreline,3152,385,205,stop,2424,0.524658
fenn-15b,Fastori,2094,407,214,stop,1363,0.385433
fenn-15b,Fastori,2559,345,187,stop,1413,0.468564
fenn-15b,Coreline,3261,295,159,stop,2691,0.541323
fenn-15b,NimbusServe,2854,254,136,stop,5237,0.459087
fenn-15b,Steadfast,2821,244,133,stop,2969,0.441629
fenn-15b,Steadfast,1996,347,191,stop,2929,0.366746
fenn-15b,NimbusServe,2500,309,170,stop,6157,0.416975
fenn-15b,Steadfast,2801,338,189,stop,4531,0.463379
fenn-15b,NimbusServe,3753,375,205,stop,4924,0.684758
fenn-15b,NimbusServe,2449,213,121,stop,6289,0.390957
fenn-15b,Coreline,1952,205,111,stop,2675,0.320559
fenn-15b,Fastori,2852,350,200,stop,1439,0.546625
fenn-15b,Fastori,1483,325,184,stop,1635,0.284296
fenn-15b,Steadfast,3145,414,220,stop,3769,0.568420
fenn-15b,Coreline,2447,230,124,stop,3120,0.397079
fenn-15b,Fastori,2899,254,140,stop,1363,0.502626
fenn-15b,NimbusServe,2322,342,194,stop,5352,0.443855
fenn-15b,Coreline,2174,278,153,stop,2796,0.421350
fenn-15b,Coreline,2267,359,202,stop,1785,0.388573
fenn-15b,Fastori,1507,296,160,stop,1399,0.297128
fenn-15b,Fastori,2727,332,180,length,6996,0.534155
fenn-15b,NimbusServe,2222,299,160,stop,54214,0.398419
fenn-15b,Steadfast,3008,125,69,stop,3684,0.526088
fenn-15b,Coreline,2435,338,184,stop,2747,0.465299
fenn-15b,Steadfast,1864,333,180,stop,20494,0.335053
fenn-15b,Steadfast,2230,375,206,stop,4545,0.409805
fenn-15b,Steadfast,2008,267,151,stop,3929,0.393122
fenn-15b,Coreline,2293,202,111,stop,2455,0.354085
fenn-15b,Coreline,2114,335,184,stop,1933,0.386420
fenn-15b,Steadfast,2940,330,183,stop,3756,0.513784
fenn-15b,Coreline,3007,353,204,stop,2698,0.538949
fenn-15b,NimbusServe,3345,219,121,stop,6040,0.499348
fenn-15b,NimbusServe,1821,345,187,stop,113675,0.364085
fenn-15b,NimbusServe,2851,295,165,stop,70483,0.529030
fenn-15b,Steadfast,1024,276,155,stop,4611,0.197333
fenn-15b,Fastori,2348,336,186,stop,1334,0.399456
fenn-15b,Coreline,2860,270,148,stop,2614,0.497512
fenn-15b,Fastori,3061,287,157,stop,1295,0.482440
fenn-15b,NimbusServe,2709,266,140,stop,71315,0.490053
fenn-15b,Coreline,2965,327,182,stop,2805,0.556398
fenn-15b,Steadfast,2184,314,174,stop,3783,0.398164
fenn-15b,Fastori,2153,359,205,stop,1416,0.376815
fenn-15b,Steadfast,2919,378,219,stop,4316,0.504922
fenn-15b,Fastori,2114,336,184,stop,1446,0.385373
fenn-15b,Steadfast,2695,179,99,stop,4014,0.480728
fenn-15b,Steadfast,2614,347,195,stop,4219,0.494967
fenn-15b,NimbusServe,2152,444,236,stop,6598,0.412294
fenn-15b,Coreline,2228,231,126,stop,2686,0.374341
fenn-15b,Steadfast,1996,221,121,stop,3367,0.384570
fenn-15b,Steadfast,1711,392,226,stop,4711,0.328035
fenn-15b,Coreline,3102,292,155,stop,2311,0.550926
fenn-15b,Coreline,2127,189,105,stop,3332,0.363370
fenn-15b,Coreline,2088,367,208,stop,2353,0.375272
fenn-15b,Fastori,2033,413,228,stop,1386,0.392077
fenn-15b,NimbusServe,2461,227,123,stop,5410,0.389168
fenn-15b,Fastori,3072,314,168,stop,1333,0.494722
fenn-15b,Coreline,2609,318,182,stop,2986,0.459967
fenn-15b,Coreline,997,351,190,stop,2931,0.239809
fenn-15b,Steadfast,2258,333,183,stop,4208,0.411156
fenn-15b,NimbusServe,2795,278,148,stop,5370,0.448144
fenn-15b,Fastori,3402,368,206,stop,10667,0.563746
fenn-15b,Steadfast,2543,222,121,stop,4108,0.443207
fenn-15b,Fastori,1983,350,191,stop,1692,0.398879
fenn-15b,Fastori,2830,268,150,stop,1171,0.475972
fenn-15b,NimbusServe,2310,374,202,stop,5694,0.423393
fenn-15b,Coreline,2221,309,167,stop,2061,0.434653
fenn-15b,Coreline,2278,252,138,stop,2987,0.390248
fenn-15b,NimbusServe,1850,326,184,stop,5849,0.341316
fenn-15b,NimbusServe,2280,246,133,stop,6818,0.377156
fenn-15b,NimbusServe,1950,350,198,stop,84354,0.407489
fenn-15b,Coreline,2834,238,131,stop,2866,0.492138
fenn-15b,Fastori,2726,291,155,stop,1335,0.479231
fenn-15b,Steadfast,2449,300,163,stop,3402,0.464438
fenn-15b,Coreline,2811,327,175,stop,2546,0.541416
fenn-15b,Fastori,3018,217,119,stop,1110,0.510651
fenn-15b,Fastori,2888,336,180,stop,1503,0.502305
fenn-15b,Coreline,1941,310,177,stop,2307,0.395858
fenn-15b,Steadfast,1741,313,174,stop,4569,0.339595
fenn-15b,Fastori,2902,316,169,stop,1466,0.555115
fenn-15b,Steadfast,2257,272,154,stop,3442,0.376017
fenn-15b,Steadfast,3309,237,126,stop,4060,0.548673
fenn-15b,Coreline,2697,320,172,stop,2383,0.461666
fenn-15b,NimbusServe,2163,229,129,stop,5092,0.412732
fenn-15b,NimbusServe,1553,215,123,stop,111948,0.270593
fenn-15b,Coreline,3385,321,179,stop,2723,0.561487
fenn-15b,NimbusServe,2779,313,171,stop,7444,0.476086
fenn-15b,Fastori,1468,290,153,stop,1315,0.259973
fenn-15b,Steadfast,1708,375,211,stop,24597,0.342922
fenn-15b,Steadfast,1671,367,201,stop,3740,0.316016
fenn-15b,Coreline,2905,332,178,stop,2406,0.556275
fenn-15b,Fastori,2393,375,210,stop,1356,0.424735
fenn-15b,Fastori,2683,398,226,stop,1126,0.501404
fenn-15b,Steadfast,1086,295,161,stop,2664,0.244087
fenn-15b,Coreline,1650,450,251,stop,2970,0.383132
fenn-15b,Steadfast,2245,368,206,stop,4942,0.462821
fenn-15b,Coreline,1260,388,209,stop,2243,0.292734
fenn-15b,NimbusServe,2698,388,217,stop,4608,0.544717
fenn-15b,Fastori,2979,325,178,stop,1556,0.496221
fenn-15b,Fastori,2435,241,130,stop,1151,0.418610
fenn-15b,Steadfast,2101,397,214,stop,3944,0.366943
fenn-15b,NimbusServe,1999,277,153,stop,5910,0.377486
fenn-15b,Steadfast,2443,310,171,stop,3293,0.452804
fenn-15b,NimbusServe,1636,307,170,stop,6831,0.294734
fenn-15b,Coreline,2873,319,180,stop,2378,0.519856
fenn-15b,NimbusServe,2292,241,133,stop,5081,0.417651
fenn-15b,NimbusServe,1911,394,223,stop,5193,0.353535
fenn-15b,Fastori,2263,356,194,stop,1743,0.412576
fenn-15b,Coreline,2189,396,226,stop,2740,0.441253
fenn-15b,Fastori,3018,406,222,stop,1224,0.565474
fenn-15b,NimbusServe,1790,345,194,stop,6440,0.315398
fenn-15b,Coreline,1951,252,143,stop,2457,0.369379
fenn-15b,NimbusServe,1931,319,172,stop,5691,0.344139
fenn-15b,Fastori,3071,339,189,stop,1521,0.585013
fenn-15b,NimbusServe,2199,288,152,stop,5529,0.426413
fenn-15b,Steadfast,3346,354,189,stop,4680,0.569261
fenn-15b,Steadfast,2316,229,124,stop,3846,0.360580
fenn-15b,Steadfast,2249,232,125,stop,2894,0.392931
fenn-15b,Coreline,2376,424,237,stop,2529,0.424779
fenn-15b,Fastori,1891,453,247,stop,1458,0.386350
fenn-15b,Coreline,2415,411,219,stop,2656,0.467141
fenn-15b,Steadfast,2930,395,215,stop,3439,0.543924
fenn-15b,Coreline,2371,327,179,stop,2139,0.421414
fenn-15b,NimbusServe,1801,256,135,stop,113464,0.319623
fenn-15b,NimbusServe,2438,464,266,stop,6156,0.487522
fenn-15b,Fastori,2368,297,166,stop,1280,0.420559
fenn-15b,Coreline,2068,355,194,stop,2294,0.358752
fenn-15b,NimbusServe,3109,204,114,stop,5674,0.475948
fenn-15b,NimbusServe,1745,343,184,stop,6807,0.313380
fenn-15b,Coreline,2652,350,199,stop,2782,0.469489
fenn-15b,Steadfast,2629,288,160,stop,2529,0.449643
fenn-15b,Fastori,2099,200,107,stop,1685,0.330761
fenn-15b,NimbusServe,2595,312,171,stop,4894,0.458072
fenn-15b,NimbusServe,3301,242,133,stop,7606,0.499618
fenn-15b,NimbusServe,2421,368,202,stop,5786,0.459953
fenn-15b,Coreline,2028,292,157,stop,2782,0.363219
fenn-15b,Coreline,2510,294,163,stop,2680,0.421251
fenn-15b,Fastori,2829,345,188,stop,921,0.485893
fenn-15b,NimbusServe,1313,320,180,stop,6375,0.275829
fenn-15b,NimbusServe,1964,285,163,stop,5903,0.393385
fenn-15b,Steadfast,3127,330,185,stop,3784,0.590840
fenn-15b,Steadfast,3056,226,121,stop,2983,0.465729
fenn-15b,Fastori,2733,250,139,stop,1670,0.434725
fenn-15b,Fastori,2553,227,123,stop,1293,0.420761
fenn-15b,Fastori,3464,157,84,stop,1181,0.536109
fenn-15b,Fastori,2146,305,168,stop,1665,0.358945
fenn-15b,NimbusServe,2234,256,138,stop,5410,0.371190
fenn-15b,Fastori,2343,243,136,stop,1134,0.417668
fenn-15b,Steadfast,2531,357,194,stop,2979,0.484829
fenn-15b,Steadfast,2202,321,169,stop,3922,0.426331
fenn-15b,NimbusServe,2124,401,222,stop,5552,0.372378
fenn-15b,Coreline,2898,292,165,stop,2401,0.467560
fenn-15b,Fastori,3236,318,173,stop,1550,0.568957
fenn-15b,NimbusServe,1889,305,169,stop,5443,0.345120
fenn-15b,NimbusServe,2711,268,147,stop,71951,0.451307
fenn-15b,Steadfast,2731,302,169,stop,3844,0.527742
fenn-15b,Coreline,2411,352,188,stop,2299,0.435258
fenn-15b,NimbusServe,2467,337,188,stop,7154,0.404556
fenn-15b,Steadfast,2219,443,247,stop,3829,0.479753
fenn-15b,NimbusServe,1824,315,176,stop,93508,0.367941
fenn-15b,Coreline,3352,260,147,stop,2316,0.590994
fenn-15b,Fastori,2673,340,188,stop,1137,0.457939
fenn-15b,Steadfast,2012,354,201,stop,3868,0.396719
fenn-15b,Steadfast,2333,338,186,stop,3730,0.412124
fenn-15b,Coreline,3011,300,170,stop,2252,0.497234
fenn-15b,Coreline,2088,254,137,stop,2219,0.349005
fenn-15b,Coreline,1554,309,174,stop,14788,0.307461
fenn-15b,NimbusServe,3215,434,236,stop,5793,0.526787
fenn-15b,Fastori,1648,393,222,stop,1508,0.355039
fenn-15b,Steadfast,1975,240,135,stop,3775,0.366068
fenn-15b,NimbusServe,2831,367,202,stop,5721,0.471799
fenn-15b,NimbusServe,1987,309,172,stop,5356,0.341159
fenn-15b,Fastori,2697,319,166,stop,1773,0.442051
fenn-15b,Coreline,2841,311,169,stop,1749,0.539254
fenn-15b,Steadfast,2604,235,125,stop,3942,0.462602
fenn-15b,Fastori,2695,229,127,stop,1210,0.458525
fenn-15b,Coreline,1857,415,227,stop,2467,0.367709
fenn-15b,Coreline,2424,229,126,stop,2344,0.410655
fenn-15b,NimbusServe,1638,316,172,stop,51956,0.310881
fenn-15b,NimbusServe,2916,291,166,stop,6692,0.504928
fenn-15b,Steadfast,2568,247,140,stop,4061,0.472491
fenn-15b,Coreline,2125,275,147,stop,2106,0.352959
fenn-15b,Fastori,2616,362,201,stop,1449,0.518496
fenn-15b,NimbusServe,2892,323,173,stop,6710,0.493446
fenn-15b,Fastori,2083,304,162,stop,1425,0.369148
fenn-15b,NimbusServe,3048,359,193,stop,112284,0.563437
fenn-15b,Coreline,2402,253,144,stop,1946,0.392874
fenn-15b,Coreline,2778,318,167,stop,3303,0.506667
fenn-15b,Steadfast,2751,315,173,stop,4329,0.500172
fenn-15b,Fastori,2509,273,148,stop,1334,0.397516
fenn-15b,Fastori,1976,232,129,stop,1838,0.366868
fenn-15b,NimbusServe,2830,427,230,stop,7134,0.531193
fenn-15b,Steadfast,2590,381,202,stop,3752,0.519698
fenn-15b,Fastori,3072,296,166,stop,1676,0.546752
fenn-15b,Steadfast,1536,225,119,stop,4217,0.289398
fenn-15b,Coreline,2511,333,184,stop,2381,0.436895
fenn-15b,Steadfast,1924,252,139,stop,3893,0.361574
fenn-15b,Coreline,1765,390,219,stop,1814,0.322593
fenn-15b,Fastori,2447,300,166,stop,1211,0.471594
fenn-15b,Steadfast,1971,332,184,stop,3375,0.340122
fenn-15b,Coreline,2361,379,205,stop,2781,0.430177
fenn-15b,Steadfast,2339,324,173,stop,3962,0.437434
fenn-15b,Coreline,1919,282,154,length,2267,0.354719
fenn-15b,NimbusServe,3174,304,172,stop,82801,0.570243
fenn-15b,NimbusServe,2100,345,188,stop,72165,0.421251
fenn-15b,Fastori,1213,336,182,stop,1672,0.255277
fenn-15b,NimbusServe,2854,365,193,stop,7138,0.505401
fenn-15b,Steadfast,2607,383,209,stop,4547,0.447361
fenn-15b,Steadfast,2442,459,254,stop,4644,0.516360
fenn-15b,Steadfast,2629,234,129,stop,4324,0.438394
fenn-15b,NimbusServe,3077,310,174,stop,105656,0.572939
fenn-15b,Coreline,2871,347,198,stop,2417,0.537016
fenn-15b,Coreline,2180,219,122,stop,2175,0.414721
fenn-15b,Coreline,2454,323,175,stop,1883,0.420269
fenn-15b,Fastori,2919,316,173,stop,1276,0.483703
fenn-15b,Fastori,3410,336,182,stop,1258,0.547521
fenn-15b,Steadfast,2105,212,117,stop,4323,0.366806
fenn-15b,NimbusServe,2539,351,191,stop,57245,0.455846
fenn-15b,Steadfast,2744,240,131,stop,2918,0.481603
fenn-15b,NimbusServe,1783,454,250,stop,7348,0.398156
fenn-15b,Coreline,2636,366,204,stop,1916,0.456194
fenn-15b,Coreline,2204,296,159,stop,2182,0.392886
fenn-15b,Coreline,1573,379,210,stop,2834,0.326653
fenn-15b,Coreline,1838,287,161,stop,2498,0.310796
fenn-15b,NimbusServe,1810,328,173,stop,3880,0.326714
fenn-15b,NimbusServe,1937,327,180,stop,5919,0.383391
fenn-15b,Coreline,2296,295,164,stop,3026,0.428404
fenn-15b,NimbusServe,2465,329,180,stop,77966,0.485010
fenn-15b,Coreline,1425,387,216,stop,2795,0.282525
fenn-15b,Coreline,2427,259,138,stop,2176,0.451419
fenn-15b,NimbusServe,2050,287,154,stop,5476,0.367044
fenn-15b,Coreline,2932,283,153,stop,2609,0.506608
fenn-15b,Fastori,2076,301,164,stop,1166,0.391962
fenn-15b,Steadfast,2731,281,154,stop,3522,0.509544
fenn-15b,Steadfast,2022,361,198,stop,4202,0.393780
fenn-15b,Fastori,2926,293,165,stop,1590,0.556069
fenn-15b,Fastori,2787,312,170,stop,1737,0.528966
fenn-15b,NimbusServe,2355,323,178,stop,5690,0.457280
fenn-15b,Steadfast,3193,346,187,stop,3269,0.511077
fenn-15b,Fastori,1946,330,190,stop,9306,0.390513
fenn-15b,Coreline,2769,395,216,stop,2760,0.479673
fenn-15b,Steadfast,2652,256,138,stop,4077,0.464283
fenn-15b,Coreline,1969,313,173,stop,2459,0.362450
fenn-15b,Fastori,1968,317,179,stop,1468,0.386862
fenn-15b,NimbusServe,2683,324,176,stop,7026,0.473657
fenn-15b,NimbusServe,1605,406,224,stop,4850,0.336062
fenn-15b,Coreline,1763,312,169,stop,1749,0.362113
fenn-15b,Fastori,2762,323,182,stop,989,0.508225
fenn-15b,Fastori,3024,347,188,stop,1396,0.517357
fenn-15b,NimbusServe,3115,176,98,stop,5868,0.459727
fenn-15b,Coreline,1867,366,197,stop,2854,0.345130
fenn-15b,Steadfast,3178,294,162,stop,4328,0.592982
fenn-15b,Coreline,3121,268,146,stop,3020,0.484866
fenn-15b,Fastori,1964,344,190,stop,1165,0.402350
fenn-15b,Fastori,1817,303,172,stop,1427,0.362792
fenn-15b,Fastori,2982,289,161,stop,1649,0.544621
fenn-15b,Coreline,2145,290,160,stop,10833,0.362234
fenn-15b,Coreline,1838,368,210,stop,2761,0.346498
fenn-15b,Steadfast,2238,367,204,stop,3379,0.405625
fenn-15b,Steadfast,2226,264,142,stop,5236,0.416456
fenn-15b,Steadfast,1781,392,218,stop,4034,0.326388
fenn-15b,Steadfast,2007,310,170,stop,3196,0.363118
fenn-15b,NimbusServe,2580,295,161,stop,80056,0.441989
fenn-15b,Steadfast,3146,294,160,stop,4765,0.546821
fenn-15b,Steadfast,3525,342,193,stop,3204,0.666991
fenn-15b,Steadfast,2267,316,167,stop,25379,0.410742
fenn-15b,Steadfast,2633,327,178,stop,4125,0.436198
fenn-15b,Fastori,2560,323,179,stop,1669,0.476941
fenn-15b,Coreline,2940,274,151,stop,2901,0.529158
fenn-15b,Coreline,1948,235,123,stop,1992,0.349524
fenn-15b,Fastori,2178,213,114,stop,1459,0.407728
fenn-15b,Coreline,2018,245,132,stop,1889,0.364481
fenn-15b,Fastori,2007,340,185,stop,1564,0.416881
fenn-15b,Fastori,3453,356,203,stop,1158,0.626148
fenn-15b,Coreline,3406,228,128,stop,2451,0.578054
fenn-15b,Fastori,1796,320,172,stop,1257,0.339647
fenn-15b,Coreline,2331,383,210,stop,2197,0.432895
fenn-15b,Steadfast,1843,322,184,stop,3165,0.339191
fenn-15b,Steadfast,3368,274,153,stop,3949,0.598515
fenn-15b,Steadfast,2495,297,166,stop,3929,0.443352
fenn-15b,Fastori,2344,379,206,stop,1648,0.417490
fenn-15b,Coreline,2850,351,197,stop,2401,0.551084
fenn-15b,Fastori,2092,270,147,stop,1519,0.357585
fenn-15b,Coreline,3436,286,158,stop,2363,0.569610
fenn-15b,NimbusServe,2512,357,194,stop,5344,0.434528
fenn-15b,NimbusServe,2525,289,156,stop,5718,0.464080
fenn-15b,Fastori,1603,273,150,stop,1373,0.328917
fenn-15b,NimbusServe,2710,314,174,stop,85843,0.442184
fenn-15b,Coreline,2185,415,228,stop,2578,0.410681
fenn-15b,Fastori,2704,376,203,stop,1721,0.516285
fenn-15b,Steadfast,2137,320,173,stop,2715,0.416347
fenn-15b,Coreline,2376,357,197,stop,1977,0.413585
fenn-15b,NimbusServe,2725,322,174,stop,84482,0.505478
fenn-15b,Coreline,3349,403,216,stop,2425,0.541852
fenn-15b,Fastori,3032,239,132,stop,1270,0.551689
fenn-15b,Fastori,1329,457,250,stop,1457,0.324805
fenn-15b,Fastori,2947,352,200,stop,1846,0.474769
fenn-15b,Fastori,2284,443,240,stop,1371,0.444023
fenn-15b,Fastori,1807,247,131,stop,1510,0.301345
fenn-15b,Fastori,2460,218,121,stop,1447,0.398631
fenn-15b,Coreline,1398,255,145,stop,1514,0.285658
fenn-15b,Fastori,2575,365,201,stop,1678,0.484397
fenn-15b,Fastori,2383,347,194,stop,1202,0.429911
fenn-15b,Coreline,2431,241,128,stop,2790,0.436990
fenn-15b,NimbusServe,2429,334,181,stop,6183,0.467708
fenn-15b,NimbusServe,1895,332,179,stop,5894,0.364803
fenn-15b,Fastori,2033,319,165,stop,1334,0.343776
fenn-15b,Coreline,1806,363,196,stop,2123,0.369794
fenn-15b,Coreline,2251,377,210,stop,2516,0.408780
fenn-15b,Steadfast,2138,389,211,stop,3873,0.448732
fenn-15b,Coreline,2624,302,168,stop,2603,0.439313
fenn-15b,NimbusServe,1841,279,160,stop,85423,0.369356
fenn-15b,Steadfast,3000,302,161,stop,3766,0.564952
fenn-15b,Steadfast,2310,294,162,stop,3648,0.427272
fenn-15b,Steadfast,3130,317,180,stop,3837,0.512205
fenn-15b,Fastori,3218,383,208,stop,1049,0.567289
fenn-15b,NimbusServe,2487,359,195,stop,98316,0.456425
fenn-15b,Fastori,2079,308,166,stop,1269,0.395415
fenn-15b,Steadfast,2446,271,143,stop,4504,0.471871
fenn-15b,NimbusServe,3254,330,186,stop,95261,0.599379
fenn-15b,Fastori,1477,337,182,stop,1821,0.325654
fenn-15b,Fastori,2606,400,223,stop,1227,0.461909
fenn-15b,Coreline,2335,398,214,stop,2514,0.474674
fenn-15b,NimbusServe,2245,270,148,stop,57716,0.423824
fenn-15b,Coreline,2041,407,223,stop,2858,0.384957
fenn-15b,NimbusServe,2429,403,229,stop,70555,0.444376
fenn-15b,Coreline,1743,302,162,stop,3252,0.352323
fenn-15b,Coreline,2692,213,116,stop,2375,0.492255
fenn-15b,Steadfast,2746,292,156,stop,4739,0.502741
fenn-15b,NimbusServe,2324,301,167,stop,4164,0.436536
fenn-15b,Steadfast,1846,303,169,stop,4377,0.367508
fenn-15b,Coreline,2800,295,162,stop,2069,0.476569
fenn-15b,Steadfast,2328,399,218,stop,4579,0.451689
fenn-15b,Fastori,1853,303,171,stop,1488,0.361994
fenn-15b,Coreline,2420,285,160,stop,2277,0.389778
fenn-15b,Coreline,2264,378,205,stop,2505,0.389646
fenn-15b,NimbusServe,3008,246,139,stop,5973,0.470831
fenn-15b,Fastori,2290,455,254,stop,1256,0.450815
fenn-15b,Coreline,2360,301,161,stop,2971,0.413970
fenn-15b,NimbusServe,2162,295,165,stop,5583,0.369975
fenn-15b,Fastori,3471,276,153,stop,1759,0.637996
fenn-15b,Fastori,2419,286,162,stop,1568,0.416034
fenn-15b,Fastori,2547,360,197,stop,1253,0.512114
fenn-15b,Coreline,2327,233,129,stop,3036,0.443573
fenn-15b,NimbusServe,1725,401,219,stop,5544,0.358782
fenn-15b,Fastori,3098,352,192,stop,1302,0.580256
fenn-15b,Coreline,2845,315,173,stop,2718,0.509641
fenn-15b,Coreline,2433,255,146,stop,2104,0.406220
fenn-15b,Coreline,1821,335,181,stop,2929,0.335757
fenn-15b,Fastori,1415,279,154,stop,1325,0.256978
fenn-15b,Coreline,1442,361,202,stop,2471,0.271463
fenn-15b,Fastori,1591,186,103,stop,1278,0.265344
fenn-15b,NimbusServe,1695,365,200,stop,6647,0.345371
fenn-15b,Steadfast,1620,423,246,stop,13582,0.352303
fenn-15b,NimbusServe,2257,314,173,stop,7773,0.397265
fenn-15b,NimbusServe,1507,368,202,stop,6083,0.337695
fenn-15b,NimbusServe,2162,270,154,stop,6019,0.417267
fenn-15b,Fastori,2803,383,220,stop,1411,0.558715
fenn-15b,NimbusServe,2706,317,176,stop,101356,0.456080
fenn-15b,Steadfast,2051,292,164,stop,3607,0.375851
fenn-15b,Coreline,1561,241,131,stop,2418,0.263937
fenn-15b,Coreline,3020,313,169,stop,2837,0.571558
fenn-15b,NimbusServe,2085,382,205,stop,99661,0.431313
fenn-15b,NimbusServe,2586,377,211,stop,83636,0.484637
fenn-15b,Fastori,1745,253,135,stop,1332,0.319755
fenn-15b,Fastori,3782,335,182,stop,1298,0.700437
fenn-15b,Fastori,1574,294,163,stop,1532,0.314421
fenn-15b,NimbusServe,3017,357,193,stop,92967,0.563636
fenn-15b,Fastori,2372,295,161,stop,1376,0.428188
fenn-15b,Coreline,1972,281,155,stop,2883,0.360890
fenn-15b,Steadfast,2193,396,218,stop,4070,0.387692
fenn-15b,Coreline,2886,288,156,stop,2479,0.462460
fenn-15b,NimbusServe,1884,245,139,stop,7778,0.330916
fenn-15b,NimbusServe,2329,355,192,stop,5198,0.436623
fenn-15b,Fastori,1864,295,158,stop,1491,0.337300
fenn-15b,Coreline,1640,325,181,stop,2670,0.292809
fenn-15b,NimbusServe,2461,363,195,stop,6156,0.469140
fenn-15b,NimbusServe,1112,333,189,stop,73886,0.221606
fenn-15b,NimbusServe,2119,326,178,stop,6257,0.390390
fenn-15b,Fastori,1629,369,200,stop,1245,0.342793
fenn-15b,Fastori,2390,253,138,stop,1757,0.382880
fenn-15b,Steadfast,1879,425,231,stop,3184,0.346447
fenn-15b,Steadfast,2278,274,150,stop,3706,0.372572
fenn-15b,Fastori,3815,196,110,stop,1490,0.650597
fenn-15b,Coreline,1117,298,161,stop,2123,0.218845
fenn-15b,Fastori,2577,279,149,stop,1503,0.486517
fenn-15b,Coreline,2705,206,118,stop,2252,0.468518
fenn-15b,Coreline,1921,279,153,stop,2416,0.355682
fenn-15b,Steadfast,2671,471,265,stop,3478,0.477180
fenn-15b,Steadfast,2975,395,213,stop,4794,0.548531
fenn-15b,Fastori,2255,326,172,stop,1203,0.405409
fenn-15b,NimbusServe,3074,390,212,stop,6731,0.507251
fenn-15b,Steadfast,2227,392,213,stop,3968,0.428580
fenn-15b,Fastori,2755,368,205,stop,1437,0.517560
fenn-15b,NimbusServe,3062,373,205,stop,5367,0.523754
fenn-15b,Coreline,2519,323,174,stop,2087,0.460874
fenn-15b,Steadfast,1673,341,184,stop,2912,0.315190
fenn-15b,Steadfast,3211,254,140,stop,4912,0.505495
fenn-15b,Coreline,1271,260,147,stop,3213,0.227896
fenn-15b,Fastori,2126,327,182,stop,1171,0.382000
fenn-15b,Coreline,2805,289,162,stop,2797,0.486778
fenn-15b,Fastori,2452,350,193,stop,1234,0.467516
fenn-15b,Steadfast,2384,395,216,stop,4221,0.483445
fenn-15b,Coreline,2111,338,187,stop,2672,0.395645
fenn-15b,Steadfast,2189,313,176,stop,3883,0.426992
fenn-15b,NimbusServe,3261,327,182,stop,6056,0.574807
fenn-15b,Fastori,2570,304,168,stop,1578,0.425855
fenn-15b,Fastori,3455,354,191,stop,1677,0.568184
fenn-15b,Fastori,1792,364,199,stop,1434,0.359884
fenn-15b,Steadfast,1723,331,177,stop,3722,0.311001
fenn-15b,NimbusServe,2067,394,222,stop,8025,0.365083
fenn-15b,NimbusServe,2274,295,163,stop,5749,0.424883
fenn-15b,Steadfast,2112,364,199,stop,4480,0.381967
fenn-15b,Coreline,2899,307,168,stop,2653,0.537625
fenn-15b,Steadfast,2358,288,159,stop,3196,0.422862
fenn-15b,NimbusServe,2937,229,126,stop,5538,0.489077
fenn-15b,Coreline,2406,318,173,stop,2300,0.395325
fenn-15b,Coreline,2218,429,234,stop,2592,0.407818
fenn-15b,Coreline,3041,456,243,stop,2129,0.517411
fenn-15b,Fastori,2504,351,196,stop,1292,0.493642
fenn-15b,Steadfast,2131,266,143,stop,4789,0.391169
fenn-15b,Coreline,3190,299,166,stop,2116,0.595858
fenn-15b,Steadfast,1984,271,142,stop,11632,0.376106
fenn-15b,Steadfast,2773,383,214,stop,3457,0.527381
fenn-15b,NimbusServe,2885,359,195,stop,6155,0.565444
fenn-15b,NimbusServe,2875,298,166,stop,6176,0.480588
fenn-15b,Coreline,2581,271,140,stop,2870,0.422364
fenn-15b,Coreline,2520,247,139,stop,2603,0.410081
fenn-15b,Coreline,2015,211,116,stop,2375,0.338923
fenn-15b,NimbusServe,2899,384,210,stop,99220,0.556366
fenn-15b,Steadfast,3115,312,176,stop,3687,0.521816
fenn-15b,Coreline,2473,196,110,stop,1857,0.442633
fenn-15b,Steadfast,2374,295,165,stop,2905,0.414716
fenn-15b,NimbusServe,3357,259,145,stop,5798,0.579181
fenn-15b,Steadfast,2605,365,207,stop,4618,0.513931
fenn-15b,Coreline,2520,254,141,stop,1770,0.403787
fenn-15b,NimbusServe,2387,302,175,stop,6023,0.438400
fenn-15b,Fastori,1953,369,196,stop,1600,0.380661
fenn-15b,NimbusServe,2604,293,158,stop,5918,0.502821
fenn-15b,Fastori,2374,215,123,stop,1254,0.420436
fenn-15b,Fastori,2739,387,218,stop,1197,0.456678
fenn-15b,Coreline,2589,210,116,stop,2568,0.454590
fenn-15b,Coreline,2521,372,202,stop,2639,0.471667
fenn-15b,Fastori,2124,265,147,stop,1056,0.399977
fenn-15b,NimbusServe,2007,330,182,stop,109234,0.370998
fenn-15b,Coreline,2377,280,155,stop,2064,0.461480
fenn-15b,Steadfast,1270,350,193,stop,3796,0.248423
fenn-15b,Coreline,2778,340,183,stop,2168,0.518077
fenn-15b,Fastori,3702,405,223,stop,1482,0.641214
fenn-15b,Steadfast,3004,345,186,stop,3544,0.493267
fenn-15b,NimbusServe,2827,359,193,stop,6213,0.526696
fenn-15b,Steadfast,2346,297,164,stop,3963,0.462942
fenn-15b,NimbusServe,1579,291,155,stop,5317,0.284434
fenn-15b,Steadfast,2647,360,198,length,5136,0.525049
fenn-15b,Fastori,1913,275,154,stop,1584,0.337169
fenn-15b,Coreline,2554,384,218,stop,1757,0.487020
fenn-15b,NimbusServe,2750,342,193,stop,5065,0.474450
fenn-15b,NimbusServe,2586,278,156,stop,5151,0.497746
fenn-15b,Fastori,2909,406,228,stop,1679,0.479436
fenn-15b,Steadfast,1036,278,150,stop,4133,0.235361
fenn-15b,Steadfast,2072,399,218,stop,4067,0.424567
fenn-15b,Coreline,2213,340,186,stop,1855,0.373183
fenn-15b,Steadfast,2653,276,153,stop,4803,0.446655
fenn-15b,Steadfast,3476,352,194,stop,4239,0.543355
fenn-15b,Coreline,2286,424,236,stop,3185,0.448137
fenn-15b,Steadfast,1736,368,201,stop,3989,0.377245
fenn-15b,Fastori,2425,285,153,stop,1512,0.393484
fenn-15b,Coreline,2446,316,166,stop,2546,0.447211
fenn-15b,Fastori,1409,377,212,stop,1382,0.316806
fenn-15b,NimbusServe,2326,280,151,stop,5910,0.413911
fenn-15b,NimbusServe,2035,342,186,stop,4968,0.397511
fenn-15b,Steadfast,2748,301,162,stop,4483,0.457045
fenn-15b,Coreline,2225,332,181,stop,2351,0.438604
fenn-15b,Steadfast,2939,265,145,stop,4190,0.465647
fenn-15b,NimbusServe,3181,316,168,stop,6456,0.566035
fenn-15b,NimbusServe,1890,355,193,stop,6657,0.343767
fenn-15b,NimbusServe,2533,286,160,stop,6460,0.449741
fenn-15b,Steadfast,1836,392,213,stop,4441,0.339657
fenn-15b,Coreline,2346,257,141,stop,2773,0.409851
fenn-15b,Coreline,2329,340,184,stop,2735,0.469393
fenn-15b,Coreline,2391,254,143,stop,2952,0.443881
fenn-15b,Fastori,2543,306,167,stop,1473,0.448416
fenn-15b,Fastori,2927,370,206,stop,1480,0.571941
fenn-15b,Steadfast,2785,354,187,stop,4684,0.523000
fenn-15b,Fastori,2226,260,141,stop,1125,0.411727
fenn-15b,Steadfast,2013,276,153,stop,4527,0.349344
fenn-15b,Steadfast,2793,376,214,stop,4904,0.496807
fenn-15b,NimbusServe,2377,330,182,stop,4751,0.408182
fenn-15b,Coreline,2679,303,168,stop,2529,0.471198
fenn-15b,Steadfast,2272,320,177,stop,4782,0.422293
fenn-15b,Steadfast,1843,255,137,stop,3412,0.355098
fenn-15b,Fastori,2892,389,209,stop,1448,0.521428
fenn-15b,Coreline,2408,357,201,stop,2182,0.473712
fenn-15b,Steadfast,2658,330,183,stop,4519,0.475008
fenn-15b,NimbusServe,2572,323,176,stop,6032,0.486336
fenn-15b,Steadfast,2716,388,217,stop,4273,0.451149
fenn-15b,NimbusServe,2625,326,180,stop,6894,0.514231
fenn-15b,Fastori,2741,383,209,stop,1220,0.526674
fenn-15b,Coreline,2851,330,187,stop,2887,0.475242
fenn-15b,Steadfast,2087,288,154,stop,3865,0.369538
fenn-15b,Fastori,1023,325,176,stop,1399,0.244358
fenn-15b,NimbusServe,2799,433,236,stop,4714,0.470734
fenn-15b,Steadfast,1891,339,189,stop,2204,0.359473
fenn-15b,NimbusServe,2204,355,188,stop,6458,0.414789
fenn-15b,Coreline,1749,362,190,stop,14283,0.317697
fenn-15b,Coreline,2687,257,141,stop,2389,0.427049
fenn-15b,Coreline,2223,315,176,stop,2494,0.384796
fenn-15b,Fastori,2457,294,166,stop,1371,0.399361
fenn-15b,Steadfast,2081,353,190,stop,4341,0.360754
fenn-15b,Coreline,2474,209,115,stop,2361,0.400839
fenn-15b,Fastori,2520,319,179,stop,1670,0.435369
fenn-15b,Coreline,2398,389,207,stop,2908,0.460862
fenn-15b,Fastori,2985,239,129,stop,1190,0.496348
fenn-15b,Fastori,3096,384,215,stop,1622,0.598592
fenn-15b,NimbusServe,2568,369,212,stop,70893,0.436875
fenn-15b,Coreline,2578,336,183,stop,2652,0.507519
fenn-15b,Coreline,1802,278,153,stop,2902,0.361254
fenn-15b,NimbusServe,2323,336,188,stop,6461,0.412376
fenn-15b,NimbusServe,2775,385,209,stop,5273,0.495522
fenn-15b,Fastori,2822,393,213,stop,1285,0.490778
fenn-15b,Coreline,2010,341,184,stop,2657,0.408790
fenn-15b,Coreline,1821,319,168,stop,2147,0.349210
fenn-15b,Coreline,2608,308,173,stop,2484,0.492766
fenn-15b,NimbusServe,2650,414,230,stop,6059,0.481471
fenn-15b,Steadfast,2825,310,171,stop,4468,0.453970
fenn-15b,Fastori,1919,229,126,stop,1697,0.319952
fenn-15b,Fastori,2643,456,252,stop,1260,0.534800
fenn-15b,Fastori,3019,358,197,stop,1209,0.576093
fenn-15b,Steadfast,2644,277,152,stop,3417,0.475988
fenn-15b,Coreline,3313,353,199,stop,2090,0.544293
fenn-15b,Fastori,2601,303,165,stop,1359,0.433979
fenn-15b,Coreline,2381,329,180,stop,2509,0.410342
fenn-15b,Fastori,2771,273,152,stop,1119,0.483048
fenn-15b,Steadfast,1672,402,217,stop,4071,0.344683
fenn-15b,Fastori,2357,370,209,stop,1199,0.443618
fenn-15b,Coreline,2360,435,238,stop,2055,0.449415
fenn-15b,Fastori,1712,371,207,stop,1230,0.311999
fenn-15b,Coreline,2532,282,153,stop,2370,0.466319
fenn-15b,NimbusServe,2304,278,150,stop,6143,0.379853
fenn-15b,NimbusServe,3276,367,197,stop,7331,0.589114
fenn-15b,Fastori,2734,336,180,stop,1345,0.452360
fenn-15b,Coreline,2534,287,154,stop,2657,0.478539
fenn-15b,Coreline,2257,299,171,stop,2546,0.438396
fenn-15b,Fastori,1802,202,116,stop,1577,0.314963
fenn-15b,Fastori,3378,242,127,stop,1315,0.508846
fenn-15b,Coreline,2040,392,215,stop,2074,0.434284
fenn-15b,NimbusServe,1350,374,208,stop,6940,0.265422
fenn-15b,NimbusServe,2568,319,177,stop,7885,0.472354
fenn-15b,NimbusServe,2782,371,204,stop,6590,0.496843
fenn-15b,Coreline,2720,289,153,stop,1894,0.484732
fenn-15b,NimbusServe,2315,301,163,stop,62966,0.439756
fenn-15b,Fastori,2266,374,209,stop,1548,0.405048
fenn-15b,Fastori,2320,223,122,stop,1446,0.434669
fenn-15b,Fastori,2954,406,220,stop,1654,0.533915
fenn-15b,Fastori,2821,421,227,stop,1031,0.495383
fenn-15b,Steadfast,3026,276,150,stop,4058,0.525796
fenn-15b,NimbusServe,2462,475,266,stop,7479,0.454969
fenn-15b,Steadfast,2386,304,167,stop,4538,0.463428
fenn-15b,NimbusServe,2910,340,183,stop,5118,0.549486
fenn-15b,Coreline,2418,336,180,stop,2741,0.455475
fenn-15b,Steadfast,1566,294,161,stop,4264,0.303432
fenn-15b,Steadfast,1802,328,180,stop,3275,0.341750
fenn-15b,Fastori,1689,418,231,stop,1514,0.346678
fenn-15b,Fastori,2086,394,217,stop,1463,0.419772
fenn-15b,NimbusServe,3160,398,214,stop,5984,0.565624
fenn-15b,Fastori,2637,222,119,stop,1614,0.418579
fenn-15b,NimbusServe,1476,280,149,stop,5427,0.262296
fenn-15b,Steadfast,2309,312,174,stop,3514,0.441277
fenn-15b,NimbusServe,1531,337,188,stop,7205,0.297950
fenn-15b,Fastori,2656,406,226,stop,1212,0.499231
fenn-15b,Fastori,2110,286,161,stop,1100,0.392552
fenn-15b,Fastori,2542,137,78,stop,1240,0.420326
fenn-15b,Steadfast,2477,337,182,stop,4496,0.409659
fenn-15b,Steadfast,2056,373,210,stop,12430,0.412942
fenn-15b,NimbusServe,2033,340,191,stop,7071,0.379566
fenn-15b,Steadfast,3800,378,207,stop,3109,0.642317
fenn-15b,Steadfast,2349,294,159,stop,3315,0.436990
fenn-15b,Coreline,2340,345,192,stop,2086,0.418939
fenn-15b,Steadfast,2745,319,168,stop,4269,0.482813
fenn-15b,Fastori,2442,384,213,stop,1516,0.418121
fenn-15b,Steadfast,2298,261,142,stop,4718,0.387151
fenn-15b,Steadfast,2161,275,156,stop,4671,0.416932
fenn-15b,Fastori,2705,284,156,stop,1009,0.507702
fenn-15b,NimbusServe,2495,273,152,stop,5268,0.399992
fenn-15b,NimbusServe,1951,372,208,stop,6326,0.348616
fenn-15b,Fastori,1917,452,249,stop,1006,0.370154
fenn-15b,NimbusServe,2533,370,201,stop,62221,0.488224
fenn-15b,NimbusServe,2164,268,146,stop,5357,0.390429
fenn-15b,Steadfast,2195,386,211,stop,3968,0.377490
fenn-15b,Fastori,2677,331,186,stop,1085,0.463145
fenn-15b,NimbusServe,2770,346,181,stop,80206,0.501688
fenn-15b,NimbusServe,3599,337,184,stop,5858,0.646640
fenn-15b,Steadfast,824,369,196,stop,4578,0.202384
fenn-15b,Steadfast,3256,321,179,stop,2695,0.544833
fenn-15b,Steadfast,1821,373,200,stop,3838,0.372212
fenn-15b,Coreline,2688,324,172,stop,1980,0.501342
fenn-15b,Fastori,2464,295,169,stop,1357,0.407353
fenn-15b,Fastori,2813,346,188,stop,1089,0.544105
fenn-15b,Fastori,2478,327,178,stop,1460,0.422165
fenn-15b,Steadfast,2852,487,271,stop,4675,0.506490
fenn-15b,Fastori,3175,251,140,stop,1633,0.574494
fenn-15b,Coreline,2942,217,114,stop,2243,0.475213
fenn-15b,Steadfast,1931,330,180,stop,4850,0.380048
fenn-15b,Fastori,3028,407,218,stop,1896,0.531622
fenn-15b,Fastori,2297,269,148,stop,1652,0.447713
fenn-15b,Steadfast,2536,287,156,stop,3654,0.402858
fenn-15b,NimbusServe,2772,398,226,stop,6229,0.479849
fenn-15b,Fastori,2982,308,171,stop,1231,0.497071
fenn-15b,Coreline,2631,355,199,stop,2363,0.441388
fenn-15b,NimbusServe,2034,325,181,stop,8036,0.343003
fenn-15b,Coreline,2876,281,159,stop,2259,0.497851
fenn-15b,Fastori,1938,325,176,stop,1461,0.394147
fenn-15b,NimbusServe,2363,297,165,stop,5088,0.427174
fenn-15b,Coreline,2021,281,153,stop,2759,0.379917
fenn-15b,Steadfast,2598,360,192,stop,4643,0.472661
fenn-15b,Fastori,2262,319,178,stop,1337,0.377221
fenn-15b,Fastori,2904,348,191,stop,1382,0.546815
fenn-15b,Steadfast,2559,316,172,stop,3960,0.434019
fenn-15b,Fastori,3128,333,183,stop,1687,0.557956
fenn-15b,Fastori,2550,356,201,stop,1719,0.511882
fenn-15b,Fastori,3166,429,235,stop,1754,0.578348
fenn-15b,Steadfast,2651,321,178,stop,3849,0.496092
fenn-15b,Fastori,2175,236,131,stop,1546,0.355734
fenn-15b,Steadfast,1732,399,225,stop,4594,0.388333
fenn-15b,NimbusServe,2881,263,151,stop,7567,0.469124
fenn-15b,Coreline,1975,442,245,stop,2070,0.366112
fenn-15b,Steadfast,1797,274,154,stop,3805,0.361293
fenn-15b,NimbusServe,2785,339,183,stop,6322,0.535297
fenn-15b,Steadfast,2240,412,225,stop,4462,0.443116
fenn-15b,NimbusServe,2183,262,141,stop,4918,0.415945
fenn-15b,Steadfast,3075,394,217,stop,4645,0.509449
fenn-15b,Coreline,2877,347,195,stop,2100,0.472855
fenn-15b,Steadfast,2071,445,248,stop,3601,0.415157
fenn-15b,Steadfast,2183,338,189,stop,3836,0.428081
fenn-15b,Steadfast,2777,296,173,stop,4317,0.488428
fenn-15b,Steadfast,2872,259,142,stop,4765,0.450246
fenn-15b,NimbusServe,3219,285,150,stop,5411,0.552741
fenn-15b,Steadfast,2423,279,153,stop,5222,0.410134
fenn-15b,Coreline,2071,336,181,stop,2783,0.355173
fenn-15b,Fastori,1785,234,129,stop,1317,0.345399
fenn-15b,Steadfast,2846,428,238,stop,2826,0.485850
fenn-15b,Steadfast,2462,302,168,stop,3450,0.455370
fenn-15b,Fastori,2863,255,141,stop,1365,0.467588
fenn-15b,Steadfast,3073,349,189,stop,3940,0.490529
fenn-15b,NimbusServe,2045,406,225,stop,6782,0.382795
fenn-15b,Fastori,2052,313,177,stop,1350,0.387479
fenn-15b,NimbusServe,2188,310,168,stop,5781,0.373297
fenn-15b,NimbusServe,2864,282,161,stop,5415,0.512171
fenn-15b,Steadfast,2405,288,161,stop,4028,0.399720
fenn-15b,NimbusServe,2129,242,130,stop,7259,0.382252
fenn-15b,Steadfast,1781,351,191,stop,4280,0.374261
fenn-15b,Fastori,2682,325,185,stop,1248,0.484912
fenn-15b,Steadfast,2180,482,262,stop,3522,0.439156
fenn-15b,Steadfast,2319,243,133,stop,3786,0.436975
fenn-15b,Steadfast,1161,328,185,stop,4164,0.234034
fenn-15b,Fastori,1896,427,239,stop,989,0.366095
fenn-15b,Fastori,2133,294,163,stop,1655,0.365083
fenn-15b,Fastori,3385,265,143,stop,1305,0.531702
fenn-15b,NimbusServe,1874,281,152,stop,5605,0.312571
fenn-15b,Coreline,2744,227,125,stop,1847,0.448350
fenn-15b,NimbusServe,2269,268,148,stop,6065,0.379458
fenn-15b,NimbusServe,2668,274,151,stop,6420,0.468564
fenn-15b,Coreline,2602,324,182,stop,2552,0.470738
fenn-15b,NimbusServe,2888,288,158,stop,4977,0.522225
fenn-15b,Fastori,1641,301,171,stop,1707,0.346552
fenn-15b,Steadfast,2582,333,180,stop,4906,0.477239
fenn-15b,NimbusServe,2297,355,192,stop,6028,0.457677
fenn-15b,Coreline,2182,404,233,stop,2572,0.452165
fenn-15b,NimbusServe,2487,354,193,stop,5337,0.483748
fenn-15b,Fastori,1898,357,200,stop,1407,0.379625
fenn-15b,Fastori,2741,367,203,stop,1390,0.519877
fenn-15b,Steadfast,2073,437,241,stop,3975,0.424171
fenn-15b,Steadfast,3140,334,184,stop,17331,0.576919
fenn-15b,NimbusServe,1724,369,211,stop,4999,0.311862
fenn-15b,Steadfast,1649,369,213,stop,3558,0.345054
fenn-15b,Fastori,1849,323,177,stop,1357,0.337717
fenn-15b,Steadfast,1736,336,185,stop,4340,0.348855
fenn-15b,Steadfast,1852,191,107,stop,4537,0.295683
fenn-15b,Steadfast,2209,267,142,stop,2514,0.424892
fenn-15b,Fastori,2363,317,170,stop,1067,0.407273
fenn-15b,Fastori,2633,249,143,stop,1360,0.487687
fenn-15b,Fastori,2289,266,144,stop,1383,0.413301
fenn-15b,Steadfast,2583,413,225,stop,3510,0.468444
fenn-15b,Coreline,2148,294,164,stop,2867,0.402054
fenn-15b,NimbusServe,1677,275,153,stop,5173,0.308944
fenn-15b,Steadfast,2523,271,148,stop,4710,0.457677
fenn-15b,Steadfast,2336,233,132,stop,4378,0.376967
fenn-15b,NimbusServe,2214,384,213,stop,6073,0.405335
fenn-15b,Steadfast,1560,276,155,stop,3908,0.308505
fenn-15b,Coreline,2116,267,144,stop,2603,0.391990
fenn-15b,Coreline,2029,329,188,stop,2356,0.383596
fenn-15b,Steadfast,3267,388,212,stop,3044,0.534134
fenn-15b,Steadfast,2961,288,161,stop,2907,0.481638
fenn-15b,Coreline,2883,319,174,stop,2798,0.530804
fenn-15b,Coreline,1045,305,160,stop,2741,0.231019
fenn-15b,Fastori,2072,256,144,stop,1613,0.343145
fenn-15b,Coreline,2413,385,211,stop,2924,0.485345
fenn-15b,Fastori,1523,303,171,stop,1160,0.286564
fenn-15b,Steadfast,3152,255,139,stop,3356,0.578811
fenn-15b,Fastori,1696,365,206,stop,1417,0.318657
fenn-15b,NimbusServe,2349,248,134,stop,3912,0.448807
fenn-15b,Fastori,2509,346,195,stop,1240,0.500819
fenn-15b,NimbusServe,2529,343,190,stop,5171,0.414012
fenn-15b,Fastori,1899,320,174,stop,1418,0.325958
fenn-15b,NimbusServe,3372,337,182,stop,81886,0.601846
fenn-15b,NimbusServe,2024,403,221,stop,4784,0.397999
fenn-15b,Coreline,2575,339,192,stop,2599,0.448007
fenn-15b,Coreline,2123,390,213,stop,2534,0.377175
fenn-15b,NimbusServe,2154,262,145,stop,6572,0.392779
fenn-15b,Steadfast,2395,323,174,stop,3970,0.393371
fenn-15b,Steadfast,2128,287,163,stop,5226,0.380280
fenn-15b,NimbusServe,2145,193,104,stop,5958,0.350604
fenn-15b,Coreline,2108,377,214,stop,2606,0.441657
fenn-15b,NimbusServe,1631,401,229,stop,110197,0.329839
fenn-15b,Coreline,1382,392,224,stop,2712,0.297588
fenn-15b,Coreline,2912,348,192,stop,3000,0.530654
fenn-15b,Coreline,2776,219,122,stop,2652,0.494354
fenn-15b,NimbusServe,3630,390,215,stop,5812,0.659038
fenn-15b,Steadfast,1627,129,70,stop,3230,0.272521
fenn-15b,Steadfast,3362,289,157,stop,3854,0.571726
fenn-15b,Steadfast,1403,377,204,stop,3217,0.324362
fenn-15b,Fastori,1765,258,146,stop,1256,0.311729
fenn-15b,Fastori,2471,404,228,stop,1538,0.483696
fenn-15b,Fastori,2711,201,109,stop,1203,0.461154
fenn-15b,NimbusServe,2000,286,154,stop,5943,0.392151
fenn-15b,Fastori,2727,354,203,stop,1339,0.505249
fenn-15b,Fastori,2122,371,194,stop,1343,0.402674
fenn-15b,Coreline,2805,274,155,stop,2211,0.486233
fenn-15b,NimbusServe,2073,357,202,stop,4194,0.391233
fenn-15b,NimbusServe,2255,333,188,stop,86380,0.391010
fenn-15b,Steadfast,2801,313,168,stop,4003,0.489763
fenn-15b,NimbusServe,1756,309,170,stop,69067,0.330847
fenn-15b,Steadfast,2536,325,176,stop,4333,0.417306
fenn-15b,Coreline,2174,341,191,stop,2935,0.366100
fenn-15b,Steadfast,2068,267,147,stop,3802,0.380383
fenn-15b,Steadfast,1173,368,205,stop,4231,0.243393
fenn-15b,Steadfast,1936,422,235,stop,4269,0.415620
fenn-15b,NimbusServe,2706,399,221,stop,6387,0.539321
fenn-15b,Fastori,2365,312,169,stop,1681,0.395743
fenn-15b,Coreline,1347,193,107,stop,2172,0.236511
fenn-15b,Coreline,1648,346,190,stop,2134,0.340684
fenn-15b,Fastori,1651,293,160,stop,1644,0.314318
fenn-15b,NimbusServe,2500,337,185,stop,5689,0.449709
fenn-15b,NimbusServe,2038,294,166,stop,6466,0.372654
fenn-15b,Fastori,2094,356,196,stop,1640,0.411483
fenn-15b,NimbusServe,3124,287,156,stop,5116,0.485219
fenn-15b,NimbusServe,1885,276,149,stop,4766,0.343003
fenn-15b,Fastori,3799,335,185,stop,1500,0.677878
fenn-15b,NimbusServe,1806,342,191,stop,6340,0.339956
fenn-15b,NimbusServe,2083,397,213,stop,5734,0.423397
fenn-15b,Steadfast,2659,280,156,stop,4685,0.457094
fenn-15b,Fastori,1578,307,173,stop,1403,0.320865
fenn-15b,NimbusServe,1658,353,196,stop,4467,0.309379
fenn-15b,NimbusServe,2454,433,241,stop,96319,0.455637
fenn-15b,Coreline,2230,258,142,stop,2865,0.407672
fenn-15b,NimbusServe,2150,359,194,stop,53779,0.377002
fenn-15b,NimbusServe,2577,452,245,stop,5364,0.496091
fenn-15b,NimbusServe,2321,160,89,stop,7051,0.391437
fenn-15b,NimbusServe,2864,319,181,stop,50206,0.508831
fenn-15b,Coreline,2560,433,237,stop,2605,0.454752
fenn-15b,NimbusServe,2904,333,180,stop,7042,0.524369
fenn-15b,Coreline,1661,268,144,stop,2520,0.295449
fenn-15b,Steadfast,2055,291,164,stop,3561,0.378882
fenn-15b,NimbusServe,1525,267,142,stop,7186,0.279020
fenn-15b,Coreline,2959,275,151,stop,2724,0.550402
fenn-15b,NimbusServe,3042,296,168,stop,5253,0.547584
fenn-15b,NimbusServe,3144,334,185,stop,5650,0.559884
fenn-15b,Fastori,3228,369,199,stop,1265,0.546867
fenn-15b,Fastori,2525,318,177,stop,1298,0.490551
fenn-15b,Steadfast,1560,267,150,stop,3697,0.279093
fenn-15b,Fastori,1614,299,165,stop,1604,0.281623
fenn-15b,NimbusServe,2474,258,137,stop,104800,0.460861
fenn-15b,Coreline,2863,231,125,stop,1939,0.516472
fenn-15b,Steadfast,2341,333,185,stop,25094,0.431911
fenn-15b,NimbusServe,2209,259,138,stop,7964,0.400889
fenn-15b,NimbusServe,1680,425,238,stop,5045,0.358582
fenn-15b,Fastori,3005,452,249,stop,1183,0.605911
fenn-15b,Coreline,2165,392,216,stop,2972,0.449016
fenn-15b,Fastori,3023,303,168,stop,1078,0.543755
fenn-15b,NimbusServe,2840,297,160,stop,5196,0.535834
fenn-15b,Coreline,2631,345,185,stop,2767,0.460817
fenn-15b,Coreline,2099,309,167,stop,2842,0.382370
fenn-15b,Fastori,3214,279,155,stop,1499,0.549241
fenn-15b,Steadfast,2915,262,144,stop,4549,0.534202
fenn-15b,Fastori,2775,325,173,stop,1609,0.480141
fenn-15b,Fastori,2705,296,164,stop,1684,0.466808
fenn-15b,Fastori,3425,263,137,stop,1530,0.539627
fenn-15b,NimbusServe,2156,292,153,stop,6654,0.352761
fenn-15b,Fastori,1759,299,172,stop,1600,0.359347
fenn-15b,Steadfast,1726,356,188,stop,3169,0.353853
fenn-15b,Coreline,2556,192,104,stop,2900,0.446094
fenn-15b,Coreline,2585,427,237,stop,2146,0.483715
fenn-15b,Coreline,1483,443,240,stop,2536,0.297370
fenn-15b,NimbusServe,2790,424,228,stop,5917,0.488211
fenn-15b,Coreline,2698,313,170,stop,2380,0.464292
fenn-15b,Fastori,1777,344,197,stop,1305,0.338925
fenn-15b,Fastori,2601,294,158,stop,1604,0.490823
fenn-15b,Fastori,2504,316,175,stop,1440,0.434303
fenn-15b,Fastori,1493,374,203,stop,1301,0.323136
fenn-15b,NimbusServe,2243,276,150,stop,67062,0.381872
fenn-15b,NimbusServe,2004,300,162,stop,5621,0.350925
fenn-15b,Steadfast,1594,424,238,stop,3466,0.332498
fenn-15b,Coreline,1845,331,186,stop,2624,0.342433
fenn-15b,NimbusServe,2851,269,149,stop,6257,0.507336
fenn-15b,Coreline,3281,383,207,stop,1955,0.609159
fenn-15b,NimbusServe,2533,370,201,stop,4519,0.504551
fenn-15b,Steadfast,3618,251,138,stop,15318,0.597333
fenn-15b,Fastori,1445,298,164,stop,1171,0.264592
fenn-15b,NimbusServe,2522,240,129,stop,4935,0.474383
fenn-15b,Fastori,2358,353,198,stop,1593,0.404441
fenn-15b,Coreline,1667,302,167,stop,2603,0.335909
fenn-15b,Fastori,2315,406,226,stop,1143,0.408408
fenn-15b,Steadfast,3069,375,209,stop,3590,0.593739
fenn-15b,Fastori,1767,314,170,stop,1461,0.316659
fenn-15b,NimbusServe,2684,285,158,stop,6795,0.464466
fenn-15b,Coreline,2331,376,214,stop,2429,0.396006
fenn-15b,Steadfast,2650,161,90,stop,16635,0.400917
fenn-15b,Fastori,2102,293,160,stop,1234,0.414780
fenn-15b,Coreline,1948,371,207,stop,2911,0.363185
fenn-15b,NimbusServe,3238,283,151,stop,4751,0.527070
fenn-15b,Fastori,2785,348,189,stop,1300,0.534056
fenn-15b,NimbusServe,3066,432,231,stop,6143,0.530303
fenn-15b,Fastori,1844,266,147,stop,1210,0.364331
fenn-15b,Steadfast,2961,448,246,stop,4168,0.536604
fenn-15b,Coreline,2532,295,161,stop,2608,0.483975
fenn-15b,NimbusServe,2590,350,185,stop,4119,0.430425
fenn-15b,Steadfast,1937,345,185,stop,2921,0.340105
fenn-15b,Coreline,2013,331,179,stop,2830,0.389306
fenn-15b,Fastori,3146,363,199,stop,1378,0.517831
fenn-15b,Fastori,1760,276,152,stop,1529,0.324121
fenn-15b,NimbusServe,3033,206,116,stop,57432,0.518970
fenn-15b,Fastori,1992,303,165,stop,1656,0.386560
fenn-15b,NimbusServe,2209,285,152,stop,4754,0.379725
fenn-15b,Steadfast,2597,272,155,stop,3933,0.456412
fenn-15b,Steadfast,1974,347,186,stop,4067,0.396601
fenn-15b,Coreline,3194,355,196,stop,2620,0.614562
fenn-15b,Steadfast,2382,284,160,stop,3765,0.415002
fenn-15b,Fastori,2749,248,136,stop,1368,0.442912
fenn-15b,Fastori,2111,408,228,stop,1635,0.379476
fenn-15b,Coreline,3275,393,215,stop,1631,0.605689
fenn-15b,NimbusServe,3138,190,102,stop,7032,0.529082
fenn-15b,Fastori,2421,343,188,stop,1450,0.427779
fenn-15b,Steadfast,2586,214,122,stop,4213,0.431334
fenn-15b,NimbusServe,1620,269,150,stop,6849,0.326529
fenn-15b,Fastori,2315,381,210,stop,1120,0.439147
fenn-15b,Coreline,2884,329,186,stop,2347,0.517397
fenn-15b,NimbusServe,1061,330,184,stop,6569,0.253013
fenn-15b,Coreline,2185,244,135,stop,2559,0.352999
fenn-15b,Fastori,2029,372,202,stop,1465,0.366638
fenn-15b,Coreline,2255,406,229,stop,2271,0.392696
fenn-15b,Coreline,2957,321,182,stop,2256,0.566033
fenn-15b,Fastori,2108,367,206,stop,1332,0.376848
fenn-15b,Coreline,2467,429,237,stop,2494,0.478475
fenn-15b,Fastori,2163,382,213,stop,1209,0.383622
fenn-15b,Fastori,1787,352,191,stop,1742,0.329955
fenn-15b,NimbusServe,2365,320,174,stop,5718,0.437638
fenn-15b,Coreline,3008,383,216,stop,1920,0.568645
fenn-15b,Steadfast,2884,396,220,stop,16906,0.479462
fenn-15b,Steadfast,2347,338,180,stop,4452,0.431941
fenn-15b,Fastori,2428,344,186,stop,1317,0.460648
fenn-15b,Fastori,2778,231,130,stop,1370,0.463128
fenn-15b,Fastori,2215,242,134,stop,1235,0.400109
fenn-15b,Fastori,1525,298,171,stop,1321,0.283844
fenn-15b,Fastori,3293,337,181,stop,9224,0.533200
fenn-15b,NimbusServe,2041,300,162,stop,6140,0.410677
fenn-15b,NimbusServe,2106,378,211,stop,7990,0.436012
fenn-15b,Fastori,2804,232,130,stop,1482,0.461676
fenn-15b,Steadfast,1838,180,100,stop,3452,0.289917
fenn-15b,Coreline,2451,261,141,stop,2746,0.461421
fenn-15b,NimbusServe,2450,440,242,stop,6721,0.493564
fenn-15b,Fastori,1846,310,173,stop,1712,0.325305
fenn-15b,Coreline,2196,380,214,stop,2050,0.391426
fenn-15b,NimbusServe,1516,213,120,stop,5752,0.269057
fenn-15b,Steadfast,2463,363,207,stop,2829,0.451214
fenn-15b,Fastori,1939,282,159,stop,1554,0.371359
fenn-15b,Coreline,2331,311,170,stop,2446,0.456731
fenn-15b,NimbusServe,2700,262,150,stop,4536,0.484925
fenn-15b,Coreline,3072,295,161,stop,1882,0.518453
fenn-15b,Fastori,2220,270,149,stop,1343,0.412141
fenn-15b,Coreline,2707,394,220,stop,1779,0.530983
fenn-15b,Coreline,2294,333,182,stop,2560,0.415679
fenn-15b,Coreline,2709,346,193,stop,1664,0.500948
fenn-15b,Coreline,2504,290,154,stop,2546,0.474848
fenn-15b,Steadfast,1553,333,185,stop,4784,0.291533
fenn-15b,Steadfast,1856,353,195,stop,3691,0.371414
fenn-15b,Steadfast,2579,284,158,stop,4142,0.409750
fenn-15b,Fastori,2319,330,179,stop,1716,0.401796
fenn-15b,Fastori,3326,375,198,stop,1582,0.527273
fenn-15b,Fastori,3221,288,162,stop,1493,0.592415
fenn-15b,Steadfast,2741,440,242,stop,14608,0.464559
fenn-15b,Steadfast,1919,198,109,stop,4227,0.363567
fenn-15b,NimbusServe,1514,331,186,stop,74154,0.290526
fenn-15b,Steadfast,2138,342,187,stop,3951,0.402010
fenn-15b,Coreline,2083,248,141,stop,3180,0.348037
fenn-15b,Steadfast,2018,424,239,stop,3283,0.430707
fenn-15b,Fastori,3589,315,173,stop,1561,0.569673
fenn-15b,Steadfast,1744,353,195,stop,3328,0.327115
fenn-15b,Coreline,1413,388,214,stop,2501,0.298923
fenn-15b,NimbusServe,1973,261,143,stop,4861,0.357980
fenn-15b,Coreline,2296,277,154,stop,1840,0.438056
fenn-15b,NimbusServe,1705,327,183,stop,6359,0.356018
fenn-15b,NimbusServe,2746,353,190,stop,5727,0.474260
fenn-15b,Coreline,1557,439,239,stop,1882,0.312169
fenn-15b,Fastori,2527,278,155,stop,1017,0.459338
fenn-15b,Steadfast,1952,267,148,stop,4592,0.389897
fenn-15b,Coreline,2444,327,178,stop,2453,0.479312
fenn-15b,NimbusServe,2167,371,208,stop,5292,0.396391
fenn-15b,NimbusServe,2887,237,132,stop,5056,0.481368
fenn-15b,Coreline,2175,377,206,stop,2211,0.410394
fenn-15b,Steadfast,2861,365,207,stop,2801,0.516298
fenn-15b,Fastori,2433,339,183,stop,1096,0.432035
fenn-15b,Coreline,2350,366,206,stop,2101,0.458326
fenn-15b,Coreline,2077,260,141,stop,2544,0.352840
fenn-15b,Fastori,3207,385,223,stop,1556,0.620932
fenn-15b,Fastori,1060,281,149,stop,1005,0.212095
fenn-15b,Fastori,2369,316,173,stop,1510,0.433723
fenn-15b,Fastori,1627,285,153,stop,1600,0.292376
fenn-15b,Coreline,2679,399,222,stop,2526,0.497065
fenn-15b,NimbusServe,2349,318,176,stop,4865,0.426607
fenn-15b,Fastori,2739,276,151,stop,1813,0.521640
fenn-15b,Coreline,2463,366,206,stop,2909,0.441554
fenn-15b,Steadfast,1589,348,198,stop,4695,0.303702
fenn-15b,Coreline,3146,290,158,stop,2172,0.535545
fenn-15b,Steadfast,2425,363,198,stop,4963,0.444650
fenn-15b,Coreline,2662,262,149,stop,2452,0.456366
fenn-15b,NimbusServe,2549,303,169,stop,3778,0.456996
fenn-15b,Steadfast,2999,426,244,stop,3607,0.592630
fenn-15b,Fastori,2936,237,126,stop,1373,0.496278
fenn-15b,Steadfast,2754,241,132,stop,3264,0.505179
fenn-15b,Fastori,2865,350,195,stop,1443,0.544584
fenn-15b,NimbusServe,2225,341,190,stop,5767,0.439867
fenn-15b,Steadfast,2515,352,199,stop,4016,0.449026
fenn-15b,Coreline,1448,242,134,stop,2591,0.296166
fenn-15b,Fastori,1782,315,170,stop,1031,0.319238
fenn-15b,Steadfast,1614,349,194,stop,5193,0.298752
fenn-15b,Fastori,2174,346,189,stop,1705,0.414632
fenn-15b,Coreline,2460,442,241,stop,2841,0.458859
fenn-15b,NimbusServe,2720,400,224,stop,6808,0.523958
fenn-15b,Fastori,2831,292,155,stop,1374,0.465541
fenn-15b,Coreline,2983,251,135,stop,2803,0.514409
fenn-15b,Coreline,2425,356,195,stop,3035,0.461575
fenn-15b,Steadfast,2383,408,226,stop,4590,0.462783
fenn-15b,NimbusServe,3056,351,192,stop,6061,0.535761
fenn-15b,NimbusServe,2958,395,224,stop,4823,0.514787
fenn-15b,NimbusServe,2898,354,196,stop,5765,0.526626
fenn-15b,Coreline,2499,344,191,stop,2446,0.463039
fenn-15b,Steadfast,1843,206,117,stop,4037,0.298568
fenn-15b,Steadfast,2599,403,216,stop,4320,0.530692
fenn-15b,Coreline,2566,337,181,stop,2849,0.491284
fenn-15b,Coreline,2352,329,188,stop,2548,0.469553
fenn-15b,Coreline,3029,338,182,stop,2550,0.545703
fenn-15b,Coreline,1169,183,100,stop,2440,0.226424
fenn-15b,Fastori,2049,208,117,stop,1650,0.390552
fenn-15b,NimbusServe,2902,360,198,stop,5879,0.505570
fenn-15b,Steadfast,2740,248,142,stop,3810,0.490930
fenn-15b,Fastori,3091,184,98,stop,1337,0.542675
fenn-15b,Coreline,2547,436,232,stop,2758,0.513414
fenn-15b,Fastori,2367,282,152,stop,1421,0.435563
fenn-15b,Steadfast,1847,260,144,stop,3476,0.336695
fenn-15b,Steadfast,1917,234,131,stop,3470,0.326383
fenn-15b,Steadfast,2502,298,170,stop,4093,0.447554
fenn-15b,NimbusServe,2707,261,148,stop,5839,0.489878
fenn-15b,NimbusServe,1423,281,154,stop,5091,0.270244
fenn-15b,Steadfast,3188,367,207,stop,4714,0.567927
fenn-15b,Coreline,1742,418,238,stop,2250,0.348472
fenn-15b,NimbusServe,2132,223,126,stop,6440,0.394377
fenn-15b,Fastori,2204,353,187,stop,1498,0.402839
fenn-15b,NimbusServe,2379,249,134,stop,6083,0.377448
fenn-15b,Steadfast,1920,247,139,stop,4018,0.358484
fenn-15b,NimbusServe,3243,309,167,stop,4730,0.529126
fenn-15b,Fastori,3015,347,186,stop,1577,0.495323
fenn-15b,Coreline,2137,356,190,stop,2782,0.423473
fenn-15b,Steadfast,2881,323,177,stop,4305,0.489935
fenn-15b,Steadfast,1731,375,206,stop,4299,0.374971
fenn-15b,Fastori,1542,250,138,stop,1465,0.266318
fenn-15b,Coreline,2617,391,218,stop,2831,0.459172
fenn-15b,NimbusServe,2340,227,126,stop,5507,0.372334
fenn-15b,Steadfast,2532,276,151,stop,3654,0.477509
fenn-15b,Steadfast,2579,298,161,stop,3143,0.484065
fenn-15b,NimbusServe,2144,280,153,stop,6514,0.362430
fenn-15b,Coreline,2820,376,204,stop,2516,0.554238
fenn-15b,NimbusServe,2206,395,215,stop,5601,0.386678
fenn-15b,NimbusServe,2631,402,213,stop,5965,0.504774
fenn-15b,Steadfast,2716,330,180,stop,4639,0.444063
fenn-15b,Fastori,1695,253,139,stop,1610,0.308277
fenn-15b,Steadfast,2609,362,199,stop,3579,0.474000
fenn-15b,Coreline,2523,293,164,stop,2404,0.406884
fenn-15b,Steadfast,1955,346,195,stop,2463,0.353630
fenn-15b,NimbusServe,3349,197,109,stop,6552,0.534838
fenn-15b,Coreline,2575,345,194,stop,2638,0.481888
fenn-15b,NimbusServe,2918,314,173,stop,7138,0.496391
fenn-15b,Steadfast,2558,404,216,stop,3396,0.436737
fenn-15b,Fastori,2074,397,213,stop,1535,0.417875
fenn-15b,Coreline,1799,435,245,stop,2273,0.361959
fenn-15b,NimbusServe,2733,294,162,stop,4846,0.520519
fenn-15b,NimbusServe,1908,288,160,stop,6867,0.329013
fenn-15b,Coreline,1209,390,214,stop,2281,0.249500
fenn-15b,NimbusServe,2342,215,121,stop,5088,0.389701
fenn-15b,Steadfast,1963,317,174,stop,3670,0.363561
fenn-15b,NimbusServe,2100,237,135,stop,6969,0.402126
fenn-15b,NimbusServe,1517,366,200,stop,79214,0.291655
fenn-15b,Steadfast,2811,323,181,stop,3074,0.527722
fenn-15b,Coreline,1634,292,161,stop,2263,0.301584
fenn-15b,Fastori,2375,293,163,stop,1179,0.417252
fenn-15b,Steadfast,1895,339,185,stop,4624,0.394468
fenn-15b,Steadfast,2263,309,172,stop,4976,0.396477
fenn-15b,Steadfast,2276,332,182,stop,4315,0.400828
fenn-15b,Steadfast,1735,273,150,stop,3519,0.318483
fenn-15b,NimbusServe,3065,330,175,stop,49708,0.485072
fenn-15b,Coreline,2361,267,141,stop,2576,0.426771
fenn-15b,Fastori,2876,279,156,stop,6996,0.517771
fenn-15b,NimbusServe,2202,294,162,stop,81789,0.375479
fenn-15b,Coreline,2469,339,178,stop,1920,0.467871
fenn-15b,Steadfast,1226,381,208,stop,4355,0.283629
fenn-15b,Coreline,2319,421,227,stop,2529,0.481190
fenn-15b,Steadfast,2586,223,128,stop,3089,0.475493
fenn-15b,NimbusServe,3433,292,159,stop,4979,0.539194
fenn-15b,Fastori,3171,180,99,stop,1486,0.546313
fenn-15b,NimbusServe,1527,366,204,stop,6308,0.288458
fenn-15b,NimbusServe,1398,282,157,stop,5447,0.301592
fenn-15b,Coreline,2757,196,110,stop,2272,0.496488
fenn-15b,NimbusServe,1372,304,168,stop,71405,0.286934
fenn-15b,Fastori,3026,370,208,stop,1151,0.522445
fenn-15b,Coreline,2952,281,151,stop,2289,0.545725
fenn-15b,Fastori,1620,294,159,stop,1335,0.302453
fenn-15b,Steadfast,1677,394,222,stop,4267,0.322134
fenn-15b,NimbusServe,1453,303,163,stop,5530,0.315572
fenn-15b,Steadfast,2428,304,165,stop,3671,0.418338
fenn-15b,Coreline,2002,301,164,stop,2830,0.355717
fenn-15b,Fastori,2181,289,157,stop,1100,0.371744
fenn-15b,Fastori,2488,344,188,stop,1136,0.469709
fenn-15b,Coreline,1730,363,196,stop,3090,0.326925
fenn-15b,NimbusServe,2820,335,180,stop,6171,0.480405
fenn-15b,Coreline,2160,201,107,stop,3278,0.361046
fenn-15b,NimbusServe,1481,223,120,stop,64457,0.250711
fenn-15b,NimbusServe,2174,228,123,stop,7140,0.406493
fenn-15b,Fastori,2808,341,187,stop,1101,0.510316
fenn-15b,NimbusServe,3150,267,146,stop,57406,0.587588
fenn-15b,Coreline,1366,361,194,stop,2598,0.273823
fenn-15b,Fastori,2944,313,166,stop,1637,0.507570
fenn-15b,NimbusServe,1802,408,224,stop,6524,0.382549
fenn-15b,Coreline,2345,431,244,stop,2546,0.439449
fenn-15b,Steadfast,1819,314,171,stop,22103,0.317616
fenn-15b,Fastori,3282,305,172,stop,1145,0.588178
fenn-15b,Coreline,2323,246,134,stop,2325,0.405934
fenn-15b,Steadfast,2412,260,142,stop,5489,0.430655
fenn-15b,NimbusServe,2037,284,162,stop,101179,0.349965
fenn-15b,Coreline,2341,312,169,stop,2006,0.385181
fenn-15b,Coreline,2118,306,168,stop,2351,0.410544
fenn-15b,Steadfast,2727,252,139,stop,4312,0.479781
fenn-15b,Steadfast,2234,300,160,stop,2857,0.412387
fenn-15b,Coreline,2123,341,190,stop,2081,0.395712
fenn-15b,Steadfast,2638,311,170,stop,3915,0.468330
fenn-15b,Fastori,1108,278,151,stop,1292,0.243986
fenn-15b,Coreline,2357,331,180,stop,2842,0.441110
fenn-15b,Fastori,2774,413,224,stop,1208,0.528179
fenn-15b,Steadfast,2949,361,200,stop,3988,0.502610
fenn-15b,Fastori,1852,304,168,stop,1731,0.322258
fenn-15b,Fastori,1924,318,166,stop,1839,0.395445
fenn-15b,Fastori,2383,184,103,stop,1265,0.432348
fenn-15b,NimbusServe,2326,334,182,stop,6573,0.391929
fenn-15b,NimbusServe,2271,365,195,stop,3985,0.433514
fenn-15b,NimbusServe,1703,343,194,stop,6421,0.308023
fenn-15b,NimbusServe,2620,326,183,stop,6185,0.425377
fenn-15b,NimbusServe,3186,304,165,stop,6243,0.584402
fenn-15b,Steadfast,2238,282,153,stop,3822,0.428584
fenn-15b,Steadfast,3228,227,127,stop,17509,0.572129
fenn-15b,Steadfast,2850,331,185,stop,4056,0.499555
fenn-15b,Fastori,2865,225,121,stop,1435,0.499560
fenn-15b,Fastori,2747,280,159,stop,1761,0.445906
fenn-15b,Steadfast,2566,412,220,stop,3773,0.485903
fenn-15b,Fastori,1903,322,178,stop,1784,0.353675
fenn-15b,Fastori,2537,167,92,stop,1287,0.443830
fenn-15b,NimbusServe,2618,351,198,stop,5390,0.518422
fenn-15b,Steadfast,2223,335,194,stop,17385,0.431797
fenn-15b,Fastori,2232,291,160,stop,1232,0.366268
fenn-15b,Coreline,2508,381,210,stop,3020,0.445822
fenn-15b,Coreline,3338,513,285,stop,2804,0.574938
fenn-15b,Steadfast,2685,420,228,stop,4382,0.466221
fenn-15b,NimbusServe,1866,323,181,stop,5782,0.332447
fenn-15b,Coreline,2453,315,170,stop,2884,0.457091
fenn-15b,NimbusServe,2513,302,168,stop,7260,0.451460
fenn-15b,NimbusServe,1174,373,210,stop,6067,0.285033
fenn-15b,Coreline,1144,344,189,stop,2344,0.273906
fenn-15b,Steadfast,2869,211,117,stop,3821,0.480008
fenn-15b,Fastori,2107,141,76,stop,1120,0.379870
fenn-15b,Steadfast,2300,299,163,stop,2898,0.377657
fenn-15b,Fastori,2037,182,103,stop,1692,0.371642
fenn-15b,Steadfast,2848,334,183,stop,3494,0.463930
fenn-15b,Coreline,2719,394,218,stop,2698,0.548549
fenn-15b,Coreline,1544,281,163,stop,2707,0.301369
fenn-15b,Fastori,2318,426,241,stop,1358,0.422843
fenn-15b,Coreline,2451,316,174,stop,2848,0.419564
fenn-15b,NimbusServe,2096,412,222,stop,99006,0.384707
fenn-15b,Fastori,3515,294,169,stop,1188,0.574889
fenn-15b,Fastori,2199,271,151,stop,1397,0.432164
fenn-15b,Coreline,2652,341,192,stop,2366,0.496577
fenn-15b,NimbusServe,3050,323,173,stop,5609,0.528774
fenn-15b,Coreline,1859,260,141,stop,2694,0.325739
fenn-15b,Coreline,1862,351,187,stop,15648,0.328036
fenn-15b,Steadfast,1471,350,193,stop,3710,0.316509
fenn-15b,Coreline,2281,319,180,stop,2864,0.376046
fenn-15b,Fastori,3117,362,196,stop,1364,0.570061
fenn-15b,Coreline,2338,288,163,stop,2099,0.405879
fenn-15b,Steadfast,2656,330,181,stop,4356,0.514943
fenn-15b,Steadfast,2558,286,156,stop,3281,0.460995
fenn-15b,NimbusServe,2708,350,199,stop,4914,0.530068
fenn-15b,Coreline,2792,333,186,stop,2949,0.461805
fenn-15b,Steadfast,1709,212,116,stop,3234,0.310569
fenn-15b,Fastori,1980,183,97,stop,1437,0.345138
fenn-15b,NimbusServe,2018,284,153,stop,6704,0.404111
fenn-15b,Fastori,2694,283,150,stop,1424,0.429335
fenn-15b,Steadfast,2128,386,210,stop,4305,0.414820
fenn-15b,Coreline,2137,333,185,stop,2729,0.437203
fenn-15b,NimbusServe,2404,307,173,stop,4577,0.397068
fenn-15b,Fastori,1425,296,162,stop,1647,0.299533
fenn-15b,NimbusServe,2359,372,206,stop,5421,0.453999
fenn-15b,Coreline,2097,351,194,stop,2824,0.358594
fenn-15b,Coreline,2429,343,187,stop,2295,0.471451
fenn-15b,Steadfast,2005,336,183,stop,3981,0.346750
fenn-15b,Coreline,2444,300,164,stop,2291,0.477692
fenn-15b,Coreline,2076,327,184,stop,2864,0.415372
fenn-15b,Fastori,1728,239,132,stop,1509,0.319028
fenn-15b,Steadfast,2481,222,121,stop,2997,0.438375
fenn-15b,Fastori,2850,279,154,stop,964,0.527671
fenn-15b,Steadfast,3128,281,164,stop,4157,0.534740
fenn-15b,Fastori,2904,336,186,stop,1537,0.481530
fenn-15b,Coreline,2429,166,89,stop,2832,0.384398
fenn-15b,Steadfast,2299,433,233,stop,3063,0.424691
fenn-15b,Fastori,3058,389,214,stop,1350,0.599084
fenn-15b,Fastori,2406,306,169,stop,1266,0.416644
fenn-15b,Fastori,1403,368,206,stop,1148,0.269595
fenn-15b,Coreline,2310,319,169,stop,2973,0.390704
fenn-15b,Steadfast,3176,216,121,stop,4556,0.527390
fenn-15b,Steadfast,2266,194,107,stop,3512,0.410700
fenn-15b,Steadfast,2355,312,166,stop,2871,0.395000
fenn-15b,NimbusServe,2582,292,166,stop,6391,0.460285
fenn-15b,NimbusServe,1679,325,174,stop,6094,0.339989
fenn-15b,Steadfast,1941,461,264,stop,3873,0.422181
fenn-15b,NimbusServe,2527,414,234,stop,6743,0.504778
fenn-15b,Coreline,2332,252,140,stop,2069,0.425548
fenn-15b,Coreline,1998,318,172,stop,2193,0.372013
fenn-15b,Coreline,2387,334,188,stop,1734,0.455132
fenn-15b,Coreline,1295,351,193,stop,2659,0.301266
fenn-15b,Steadfast,2961,332,176,stop,4417,0.570043
fenn-15b,NimbusServe,2723,290,159,stop,3661,0.462739
fenn-15b,NimbusServe,2718,232,127,stop,5373,0.500211
fenn-15b,NimbusServe,1808,257,142,stop,6279,0.335756
fenn-15b,Fastori,1570,316,174,stop,927,0.284501
fenn-15b,Steadfast,3063,281,155,stop,4419,0.558357
fenn-15b,Fastori,2554,397,219,stop,1574,0.502398
fenn-15b,NimbusServe,1866,179,97,stop,62242,0.332007
fenn-15b,Coreline,1964,265,144,stop,2412,0.335647
fenn-15b,Coreline,2887,361,198,stop,2545,0.467312
fenn-15b,Coreline,2560,374,202,stop,2501,0.423819
fenn-15b,Coreline,2691,265,145,stop,2907,0.436259
fenn-15b,Steadfast,2806,504,275,stop,4538,0.505900
fenn-15b,Steadfast,2908,340,182,stop,4456,0.522140
fenn-15b,Fastori,2634,327,181,stop,1267,0.497001
fenn-15b,NimbusServe,1479,342,189,stop,6712,0.309845
fenn-15b,NimbusServe,1938,267,149,stop,71632,0.379302
fenn-15b,NimbusServe,2035,330,185,stop,6867,0.419095
fenn-15b,NimbusServe,2105,312,167,stop,5496,0.383967
fenn-15b,NimbusServe,1323,344,186,stop,5735,0.259165
fenn-15b,Fastori,3583,367,198,stop,1125,0.597916
fenn-15b,NimbusServe,1951,292,166,stop,65594,0.353793
fenn-15b,Coreline,2539,353,190,stop,2880,0.505719
fenn-15b,Coreline,2198,301,166,stop,2416,0.428975
fenn-15b,Steadfast,1705,467,257,stop,5163,0.393572
fenn-15b,NimbusServe,2923,329,186,stop,6135,0.541587
fenn-15b,NimbusServe,2256,481,253,stop,5670,0.440722
fenn-15b,Steadfast,1743,307,175,stop,3962,0.323384
fenn-15b,Steadfast,3052,164,90,stop,4715,0.537834
fenn-15b,Coreline,1869,335,185,stop,2302,0.357625
fenn-15b,Fastori,2257,292,163,stop,1496,0.415244
fenn-15b,Fastori,3614,298,165,stop,1581,0.624338
fenn-15b,Coreline,2760,351,191,stop,2751,0.528831
fenn-15b,Fastori,1650,266,143,stop,1910,0.278617
fenn-15b,Steadfast,1959,348,190,stop,4202,0.383305
fenn-15b,Steadfast,2571,273,149,stop,3732,0.470914
fenn-15b,Steadfast,2913,375,201,stop,4145,0.476729
fenn-15b,NimbusServe,2735,357,188,stop,5985,0.500722
fenn-15b,Fastori,2888,216,120,stop,1614,0.513918
fenn-15b,Coreline,1969,387,210,stop,3080,0.365567
fenn-15b,NimbusServe,2921,261,144,stop,7129,0.488782
fenn-15b,NimbusServe,1739,295,162,stop,5119,0.316450
fenn-15b,Steadfast,2474,299,161,stop,5144,0.438759
fenn-15b,Coreline,2594,383,209,stop,2098,0.517912
fenn-15b,Coreline,2688,192,104,stop,2585,0.403389
fenn-15b,Coreline,2912,315,171,stop,2206,0.545085
fenn-15b,Steadfast,2176,353,192,stop,4089,0.378276
fenn-15b,Steadfast,3050,274,149,stop,19300,0.529147
fenn-15b,Coreline,1369,284,159,stop,2760,0.253540
fenn-15b,Steadfast,2303,336,188,stop,4128,0.414439
fenn-15b,Steadfast,2292,280,159,stop,3800,0.383362
fenn-15b,Steadfast,2170,331,180,stop,4285,0.433392
fenn-15b,NimbusServe,2684,266,150,stop,75550,0.448504
fenn-15b,Coreline,3272,384,212,stop,2576,0.613323
fenn-15b,NimbusServe,2593,305,174,stop,5646,0.461209
fenn-15b,Coreline,2058,315,172,stop,2407,0.406281
fenn-15b,Fastori,1438,333,188,stop,1827,0.320174
fenn-15b,Coreline,2134,340,185,stop,2709,0.409144
fenn-15b,Coreline,2090,316,179,stop,3109,0.424025
fenn-15b,Coreline,2073,305,167,stop,1772,0.392773
fenn-15b,Coreline,3228,288,154,stop,3032,0.496171
fenn-15b,Fastori,2867,325,180,stop,1631,0.507550
fenn-15b,NimbusServe,2353,364,203,stop,4713,0.421845
fenn-15b,Fastori,2309,301,164,stop,1449,0.429439
fenn-15b,NimbusServe,3289,284,156,stop,6225,0.515051
fenn-15b,Steadfast,3187,357,199,stop,4459,0.532070
fenn-15b,Steadfast,2374,302,171,stop,4844,0.387723
fenn-15b,Steadfast,2205,346,195,stop,4724,0.376675
fenn-15b,Steadfast,3185,344,186,stop,4238,0.546406
fenn-15b,Steadfast,2900,352,190,stop,3282,0.510547
fenn-15b,Steadfast,2307,219,118,stop,3414,0.431247
fenn-15b,Steadfast,3503,272,152,stop,3408,0.642469
fenn-15b,Fastori,2150,380,214,stop,1461,0.417343
fenn-15b,NimbusServe,3309,289,155,stop,5498,0.508408
fenn-15b,NimbusServe,2788,225,124,stop,5674,0.444514
fenn-15b,Coreline,2673,329,180,stop,2022,0.504137
fenn-15b,NimbusServe,2973,392,208,stop,7388,0.494179
fenn-15b,Steadfast,2920,399,221,stop,5042,0.572261
fenn-15b,Steadfast,1965,218,120,stop,4930,0.369771
fenn-15b,Coreline,1862,345,188,stop,2573,0.375174
fenn-15b,Steadfast,3266,194,111,stop,4817,0.498063
fenn-15b,Fastori,2072,355,194,stop,1722,0.418416
fenn-15b,Steadfast,2382,410,234,stop,3425,0.429888
fenn-15b,NimbusServe,2217,300,167,stop,6391,0.374113
fenn-15b,NimbusServe,1817,301,169,stop,5903,0.360958
fenn-15b,Coreline,2112,386,204,stop,3115,0.397504
fenn-15b,Coreline,2792,183,105,stop,2052,0.479007
fenn-15b,NimbusServe,2247,369,202,stop,5106,0.455961
fenn-15b,Coreline,3244,328,185,stop,2798,0.512600
fenn-15b,NimbusServe,2909,445,240,stop,5979,0.538284
fenn-15b,Fastori,2783,417,226,stop,1703,0.559637
fenn-15b,Steadfast,2004,305,165,stop,2751,0.389027
fenn-15b,NimbusServe,2434,284,155,stop,6227,0.393661
fenn-15b,NimbusServe,2377,321,174,stop,107185,0.460247
fenn-15b,NimbusServe,2164,446,246,stop,5829,0.429276
fenn-15b,Steadfast,2440,428,241,stop,3472,0.497137
fenn-15b,Coreline,2123,307,168,stop,2695,0.356001
fenn-15b,Coreline,3189,373,204,stop,2230,0.542419
fenn-15b,Fastori,2306,337,184,stop,1148,0.395293
fenn-15b,Coreline,2656,294,157,stop,2159,0.504507
fenn-15b,Fastori,2639,334,187,stop,917,0.515058
fenn-15b,Coreline,2919,351,190,stop,2911,0.530882
fenn-15b,Coreline,2169,377,208,stop,2937,0.415747
fenn-15b,Coreline,2640,399,220,stop,2863,0.509009
fenn-15b,Steadfast,3073,355,193,stop,3484,0.529201
fenn-15b,Fastori,2422,363,197,stop,1834,0.488366
fenn-15b,NimbusServe,2745,279,148,stop,4989,0.515267
fenn-15b,Steadfast,2906,304,172,stop,4336,0.553501
fenn-15b,NimbusServe,1519,458,247,stop,6863,0.361122
fenn-15b,Steadfast,2507,283,148,stop,4704,0.407804
fenn-15b,Fastori,2658,296,159,stop,1427,0.493639
fenn-15b,Steadfast,1926,341,184,stop,4100,0.344461
fenn-15b,Steadfast,1954,274,144,stop,4203,0.356912
fenn-15b,NimbusServe,1881,297,162,stop,5299,0.338004
fenn-15b,NimbusServe,2493,226,127,stop,7340,0.445696
fenn-15b,NimbusServe,3667,390,210,stop,94571,0.681537
fenn-15b,NimbusServe,2789,353,200,stop,5795,0.476500
fenn-15b,Fastori,2417,320,180,stop,1398,0.442458
fenn-15b,Fastori,3162,315,172,stop,1233,0.505837
fenn-15b,Steadfast,2036,234,127,stop,4423,0.369615
fenn-15b,Fastori,2093,330,181,stop,1453,0.423531
fenn-15b,Steadfast,2215,305,161,stop,4605,0.434333
fenn-15b,Steadfast,2389,405,221,stop,4424,0.441774
fenn-15b,NimbusServe,2446,334,179,stop,5366,0.463990
fenn-15b,Fastori,2102,270,147,stop,1364,0.392822
fenn-15b,NimbusServe,1998,388,214,stop,82967,0.410479
fenn-15b,NimbusServe,3624,236,126,stop,6086,0.644637
fenn-15b,Fastori,1865,337,185,stop,1341,0.388513
fenn-15b,NimbusServe,2658,438,251,stop,76935,0.518784
fenn-15b,NimbusServe,2825,394,215,stop,5103,0.556416
fenn-15b,Steadfast,2732,420,229,stop,3706,0.459989
fenn-15b,Fastori,3431,318,176,stop,1361,0.625157
fenn-15b,Steadfast,2146,426,237,stop,3774,0.451114
fenn-15b,Coreline,2791,404,230,stop,2395,0.552253
fenn-15b,Coreline,1954,326,182,stop,3026,0.369546
fenn-15b,Fastori,1903,374,202,stop,1605,0.340866
fenn-15b,Fastori,2602,441,246,stop,1136,0.504785
fenn-15b,Fastori,3283,333,183,stop,1245,0.562748
fenn-15b,Fastori,2401,287,160,stop,1281,0.411334
fenn-15b,Steadfast,2602,264,147,stop,4386,0.492913
fenn-15b,NimbusServe,3034,392,208,stop,5272,0.510105
fenn-15b,Fastori,2860,246,138,stop,1394,0.507063
fenn-15b,NimbusServe,2403,264,146,stop,5563,0.397123
fenn-15b,Steadfast,2036,357,197,stop,4432,0.390440
fenn-15b,Fastori,2125,304,170,stop,1393,0.404350
fenn-15b,NimbusServe,1580,381,212,stop,6141,0.355462
fenn-15b,Fastori,3334,278,151,stop,1300,0.509409
fenn-15b,Coreline,2251,256,141,stop,1912,0.364074
fenn-15b,Steadfast,2645,342,191,stop,3805,0.473275
fenn-15b,Steadfast,2334,273,152,stop,4307,0.391349
fenn-15b,Fastori,2567,371,206,stop,1406,0.475375
fenn-15b,NimbusServe,2331,181,100,stop,5931,0.379676
fenn-15b,Steadfast,2247,337,193,stop,3687,0.403638
fenn-15b,NimbusServe,2060,206,114,stop,6919,0.353810
fenn-15b,Coreline,2505,362,190,stop,2938,0.430841
fenn-15b,Coreline,2475,294,161,stop,2450,0.475035
fenn-15b,Steadfast,2776,275,154,stop,4915,0.494933
fenn-15b,Steadfast,2169,275,150,stop,3190,0.391927
fenn-15b,Fastori,2794,221,119,stop,1255,0.504205
fenn-15b,Coreline,2060,200,113,stop,2259,0.379514
fenn-15b,Coreline,1831,427,241,stop,2895,0.399651
fenn-15b,Fastori,3051,293,164,stop,1372,0.554238
fenn-15b,Coreline,2425,314,180,stop,1779,0.413516
fenn-15b,Coreline,2827,305,168,stop,2701,0.464495
fenn-15b,Fastori,1492,300,167,stop,1240,0.316148
fenn-15b,Steadfast,1986,335,188,stop,4220,0.374072
fenn-15b,Fastori,1198,290,158,stop,1687,0.234022
fenn-15b,NimbusServe,3473,330,174,stop,115602,0.635761
fenn-15b,Steadfast,3204,400,222,stop,3551,0.529807
fenn-15b,Fastori,2276,342,186,stop,1156,0.382228
fenn-15b,Fastori,3017,368,196,stop,1742,0.546972
fenn-15b,Steadfast,2872,318,178,stop,3966,0.516484
fenn-15b,Steadfast,2727,225,128,stop,4135,0.487559
fenn-15b,Fastori,2305,352,194,stop,1852,0.436510
fenn-15b,Steadfast,2723,285,161,stop,4387,0.487051
fenn-15b,NimbusServe,2436,418,235,stop,5989,0.457514
fenn-15b,Coreline,2111,303,165,stop,2759,0.348204
fenn-15b,NimbusServe,2455,327,179,stop,5242,0.450224
fenn-15b,NimbusServe,2806,364,200,stop,5354,0.543888
fenn-15b,Fastori,2467,273,153,stop,1155,0.440997
fenn-15b,NimbusServe,2249,265,146,stop,5820,0.381514
fenn-15b,Steadfast,2618,444,235,stop,4720,0.470309
fenn-15b,Coreline,2137,316,178,stop,2576,0.392739
fenn-15b,Steadfast,2151,319,170,stop,3166,0.402483
fenn-15b,Coreline,2658,289,158,stop,1940,0.509569
fenn-15b,NimbusServe,2801,378,209,stop,57150,0.504341
fenn-15b,Steadfast,2069,320,175,stop,3161,0.359256
fenn-15b,Fastori,2438,353,188,stop,1483,0.441840
fenn-15b,NimbusServe,2159,341,188,stop,6120,0.371541
fenn-15b,Steadfast,2996,316,179,stop,3812,0.479679
fenn-15b,Fastori,1831,319,179,stop,1182,0.324423
fenn-15b,NimbusServe,2536,396,215,stop,5704,0.454813
fenn-15b,Coreline,1997,315,171,stop,3239,0.374409
fenn-15b,Fastori,1930,244,130,stop,1808,0.366786
fenn-15b,NimbusServe,2798,255,141,stop,6964,0.431703
fenn-15b,Fastori,2827,438,240,stop,1663,0.481874
fenn-15b,NimbusServe,2639,379,205,stop,6698,0.504475
fenn-15b,Coreline,2100,334,181,stop,1869,0.380413
fenn-15b,NimbusServe,3179,379,209,stop,5413,0.612125
fenn-15b,Steadfast,2722,278,157,stop,3967,0.497287
fenn-15b,Fastori,2250,454,257,stop,1057,0.465613
fenn-15b,NimbusServe,2311,432,237,stop,6614,0.484294
fenn-15b,Coreline,2907,276,156,stop,2082,0.513420
fenn-15b,Coreline,2887,336,182,stop,2249,0.536978
fenn-15b,Coreline,2121,229,126,stop,1793,0.347286
fenn-15b,Fastori,2652,296,169,stop,1844,0.507045
fenn-15b,Coreline,3509,410,231,stop,2498,0.659457
fenn-15b,Coreline,2085,347,189,stop,2908,0.388526
fenn-15b,Coreline,2389,325,172,stop,1889,0.418127
fenn-15b,NimbusServe,2591,407,221,stop,6886,0.528004
fenn-15b,Fastori,3521,344,191,stop,1315,0.623625
fenn-15b,NimbusServe,2581,456,250,stop,60851,0.509897
fenn-15b,Fastori,1940,258,139,stop,1645,0.352342
fenn-15b,Coreline,2962,356,198,stop,2699,0.476313
fenn-15b,Fastori,1985,293,152,stop,1262,0.336130
fenn-15b,NimbusServe,1907,292,161,stop,6067,0.371090
fenn-15b,NimbusServe,1846,441,246,stop,62771,0.415322
fenn-15b,Fastori,3638,332,180,stop,1469,0.683598
fenn-15b,Fastori,1234,301,168,stop,1671,0.263043
fenn-15b,Fastori,2288,299,169,stop,1232,0.378311
fenn-15b,Steadfast,3283,329,179,stop,5167,0.569711
fenn-15b,Coreline,2517,331,179,stop,2409,0.469651
fenn-15b,Steadfast,3015,350,202,stop,4377,0.558584
fenn-15b,Steadfast,3005,318,174,stop,3948,0.477763
fenn-15b,NimbusServe,2213,298,169,stop,6868,0.382199
fenn-15b,NimbusServe,2477,306,170,stop,6085,0.412527
fenn-15b,NimbusServe,2922,380,211,stop,5742,0.561518
fenn-15b,Fastori,2462,339,182,stop,1745,0.467579
fenn-15b,NimbusServe,2546,305,171,stop,5799,0.491287
fenn-15b,Fastori,1544,433,245,stop,1732,0.308236
fenn-15b,Steadfast,2449,300,165,stop,3793,0.425791
fenn-15b,Steadfast,1702,315,168,stop,3680,0.319280
fenn-15b,Steadfast,3416,365,201,stop,5004,0.634575
fenn-15b,NimbusServe,3170,185,103,stop,6322,0.518588
fenn-15b,Steadfast,2748,285,153,stop,3567,0.473183
fenn-15b,Steadfast,2546,344,193,stop,4905,0.450205
fenn-15b,Fastori,2217,351,196,stop,1640,0.431694
fenn-15b,NimbusServe,2340,245,135,stop,98040,0.395338
fenn-15b,NimbusServe,2973,335,178,stop,4100,0.488206
fenn-15b,Fastori,1326,295,157,stop,1150,0.250597
fenn-15b,Steadfast,1907,353,195,stop,4105,0.377996
fenn-15b,Fastori,1800,218,120,stop,1563,0.298401
fenn-15b,Fastori,2242,303,170,stop,952,0.403354
fenn-15b,NimbusServe,2755,415,229,stop,5827,0.541720
fenn-15b,Fastori,2373,274,155,stop,1407,0.412607
fenn-15b,Steadfast,2417,306,174,stop,3818,0.404532
fenn-15b,Fastori,1490,303,168,stop,1341,0.272856
fenn-15b,Fastori,2525,389,212,stop,1292,0.460760
fenn-15b,Coreline,1672,383,209,stop,2720,0.328180
fenn-15b,Steadfast,1854,325,175,stop,22375,0.356549
fenn-15b,Steadfast,2572,389,218,stop,4703,0.441074
fenn-15b,Fastori,3043,280,150,stop,1302,0.481540
sable-9b,NimbusServe,2044,248,0,stop,6295,0.147628
sable-9b,Steadfast,1492,387,0,stop,4562,0.122429
sable-9b,NimbusServe,3198,441,0,length,5891,0.215415
sable-9b,Coreline,1511,380,0,stop,3102,0.120616
sable-9b,Steadfast,1658,337,6,stop,4159,0.129258
sable-9b,Steadfast,2835,278,4,stop,3051,0.193886
sable-9b,Steadfast,1529,426,0,stop,3737,0.118246
sable-9b,Coreline,2564,404,1,stop,3073,0.187508
sable-9b,Coreline,1923,459,3,stop,2489,0.144646
sable-9b,Coreline,2947,282,0,stop,2330,0.184055
sable-9b,Fastori,2250,243,3,stop,1270,0.163330
sable-9b,NimbusServe,1965,333,0,stop,7081,0.127887
sable-9b,Coreline,2637,239,0,stop,2477,0.162577
sable-9b,Fastori,1448,311,0,stop,1460,0.112594
sable-9b,Coreline,2831,249,1,stop,2503,0.167872
sable-9b,Steadfast,2956,396,0,stop,4071,0.204330
sable-9b,Steadfast,2475,372,0,stop,4267,0.173545
sable-9b,NimbusServe,1766,339,0,stop,117641,0.126564
sable-9b,Steadfast,2252,322,0,stop,3656,0.168923
sable-9b,Coreline,2002,256,0,length,2391,0.125742
sable-9b,Coreline,2089,355,0,stop,2041,0.147371
sable-9b,Fastori,1800,283,2,stop,1517,0.134019
sable-9b,Fastori,2269,222,0,stop,1549,0.150752
sable-9b,Fastori,2667,323,1,stop,1521,0.179979
sable-9b,Steadfast,2739,336,0,stop,3910,0.192945
sable-9b,NimbusServe,2911,374,0,stop,5951,0.203813
sable-9b,Steadfast,1345,298,0,stop,4674,0.100202
sable-9b,Fastori,2764,378,0,stop,1566,0.199615
sable-9b,Fastori,2854,343,0,stop,1337,0.181339
sable-9b,Fastori,2499,348,0,stop,1643,0.172679
sable-9b,Steadfast,1716,288,0,stop,4311,0.110229
sable-9b,Steadfast,1687,278,4,stop,3774,0.116997
sable-9b,Fastori,2913,263,5,stop,1360,0.206838
sable-9b,NimbusServe,2511,485,0,stop,6719,0.177884
sable-9b,NimbusServe,3042,368,0,stop,86919,0.222930
sable-9b,Steadfast,2565,260,1,stop,3535,0.171689
sable-9b,Coreline,2479,320,0,stop,2068,0.163531
sable-9b,Steadfast,1628,389,2,stop,2569,0.130471
sable-9b,NimbusServe,1384,415,0,stop,76693,0.116026
sable-9b,NimbusServe,2805,343,0,stop,5854,0.203789
sable-9b,NimbusServe,1243,194,0,stop,5799,0.088146
sable-9b,Coreline,1946,281,4,stop,2032,0.128137
sable-9b,NimbusServe,1786,277,2,stop,6426,0.112703
sable-9b,NimbusServe,1959,232,0,stop,6105,0.125719
sable-9b,Fastori,2098,362,0,stop,1639,0.152730
sable-9b,Fastori,2379,362,5,stop,1429,0.149751
sable-9b,NimbusServe,2060,344,0,stop,7067,0.137366
sable-9b,Steadfast,1872,227,0,stop,4059,0.113880
sable-9b,Coreline,2745,362,4,stop,2843,0.181726
sable-9b,Fastori,2853,338,0,stop,1847,0.199937
sable-9b,Coreline,3023,353,0,stop,2198,0.207749
sable-9b,Fastori,2583,348,0,stop,1439,0.164806
sable-9b,Fastori,2395,357,3,stop,1652,0.177316
sable-9b,Steadfast,2748,139,0,stop,4242,0.159546
sable-9b,Fastori,3355,343,3,stop,1314,0.224821
sable-9b,Coreline,2577,337,0,stop,2097,0.183400
sable-9b,Steadfast,2710,303,4,length,4865,0.166467
sable-9b,Steadfast,2488,268,0,stop,3902,0.164491
sable-9b,Fastori,1960,274,2,stop,1335,0.127035
sable-9b,Steadfast,2495,358,0,stop,4724,0.170706
sable-9b,Steadfast,1896,322,0,stop,4271,0.137076
sable-9b,Coreline,1645,250,0,stop,1825,0.111068
sable-9b,Steadfast,1838,322,0,stop,3672,0.117457
sable-9b,NimbusServe,2558,455,0,stop,7349,0.177402
sable-9b,Steadfast,1799,387,7,stop,4122,0.135753
sable-9b,Coreline,2839,176,0,stop,2527,0.174987
sable-9b,Fastori,3029,301,1,stop,1356,0.217349
sable-9b,NimbusServe,3081,314,3,stop,6771,0.208836
sable-9b,Steadfast,3025,297,0,stop,3947,0.181039
sable-9b,Steadfast,2269,279,0,stop,4179,0.140276
sable-9b,Coreline,2661,273,2,stop,2190,0.159300
sable-9b,NimbusServe,2375,308,0,stop,7787,0.149501
sable-9b,Coreline,2909,258,0,stop,3209,0.171437
sable-9b,Fastori,2892,345,2,stop,1266,0.178801
sable-9b,Coreline,2582,324,3,stop,2353,0.186287
sable-9b,NimbusServe,1834,385,0,stop,7008,0.127174
sable-9b,Steadfast,2346,398,8,stop,3456,0.157272
sable-9b,Steadfast,2956,348,3,stop,3988,0.182774
sable-9b,NimbusServe,2301,388,0,stop,5174,0.151291
sable-9b,Steadfast,2730,418,5,stop,4077,0.207215
sable-9b,NimbusServe,2613,144,1,stop,6086,0.175181
sable-9b,NimbusServe,2382,362,0,stop,6085,0.151014
sable-9b,Steadfast,2599,293,6,length,3162,0.157869
sable-9b,Coreline,3118,306,3,stop,2767,0.192154
sable-9b,Coreline,1758,393,0,stop,2696,0.120711
sable-9b,Fastori,3498,310,0,stop,1746,0.240559
sable-9b,Fastori,2009,486,0,stop,1426,0.141733
sable-9b,Fastori,2119,382,5,stop,1447,0.158268
sable-9b,Fastori,3196,270,0,stop,1081,0.196089
sable-9b,Steadfast,2648,340,5,stop,5133,0.190488
sable-9b,Fastori,2353,264,0,stop,1239,0.142811
sable-9b,NimbusServe,2428,360,0,length,6772,0.159530
sable-9b,Steadfast,3217,297,0,stop,4318,0.208765
sable-9b,NimbusServe,2408,229,1,stop,5743,0.146848
sable-9b,Fastori,1781,318,0,stop,1432,0.130428
sable-9b,Fastori,3025,244,0,stop,1287,0.206458
sable-9b,Coreline,1587,319,0,stop,2407,0.111850
sable-9b,Fastori,2549,330,7,stop,1522,0.162480
sable-9b,Fastori,2741,238,1,stop,1324,0.182192
sable-9b,Steadfast,2665,376,0,stop,4219,0.189523
sable-9b,Steadfast,2660,471,6,length,3848,0.172124
sable-9b,Coreline,2389,355,0,stop,2373,0.156967
sable-9b,NimbusServe,1300,297,0,stop,5969,0.087249
sable-9b,NimbusServe,2305,244,0,stop,5992,0.153187
sable-9b,Fastori,2632,342,1,stop,1226,0.193740
sable-9b,Steadfast,2461,362,0,stop,4655,0.152578
sable-9b,Coreline,2990,278,2,stop,2074,0.181215
sable-9b,NimbusServe,1473,264,5,stop,5792,0.103167
sable-9b,NimbusServe,2072,372,0,stop,5236,0.159645
sable-9b,NimbusServe,2463,390,9,stop,5303,0.177158
sable-9b,Coreline,2574,280,0,stop,3089,0.174604
sable-9b,Coreline,2058,393,6,stop,2951,0.153218
sable-9b,NimbusServe,2510,336,0,stop,114037,0.164376
sable-9b,Coreline,2042,329,0,stop,2879,0.131790
sable-9b,Fastori,3060,271,0,length,1157,0.184746
sable-9b,Fastori,3046,367,4,stop,1240,0.193197
sable-9b,Steadfast,1829,435,2,stop,4221,0.129500
sable-9b,NimbusServe,2309,325,3,stop,6030,0.163973
sable-9b,Coreline,2242,374,5,stop,2018,0.162318
sable-9b,Fastori,2323,273,4,stop,1608,0.162030
sable-9b,NimbusServe,2460,230,1,stop,6437,0.151202
sable-9b,Fastori,3274,366,0,stop,1188,0.215972
sable-9b,NimbusServe,3415,363,1,stop,5963,0.233631
sable-9b,Steadfast,2421,350,8,stop,4659,0.150728
sable-9b,Fastori,3366,319,7,stop,1357,0.200509
sable-9b,Steadfast,2561,361,2,length,3761,0.163603
sable-9b,Steadfast,1725,385,0,stop,5294,0.127570
sable-9b,Fastori,1612,413,3,stop,1477,0.126279
sable-9b,Fastori,3111,296,0,stop,1480,0.201350
sable-9b,Steadfast,2130,327,2,length,4902,0.143403
sable-9b,Steadfast,2582,307,0,stop,4370,0.171807
sable-9b,Fastori,2997,374,0,stop,1430,0.191881
sable-9b,Fastori,2549,288,4,stop,7401,0.180452
sable-9b,Coreline,2023,308,0,stop,2688,0.148504
sable-9b,Fastori,2155,393,0,length,1147,0.150627
sable-9b,Steadfast,2211,338,0,stop,3748,0.146737
sable-9b,NimbusServe,1817,434,0,stop,6715,0.143378
sable-9b,NimbusServe,1890,343,0,stop,5540,0.123931
sable-9b,Fastori,3103,323,0,length,1081,0.196743
sable-9b,Fastori,2364,349,9,stop,1720,0.173321
sable-9b,Coreline,3430,370,5,stop,2610,0.211543
sable-9b,Steadfast,2365,248,0,stop,4603,0.165692
sable-9b,Coreline,2483,406,0,stop,2514,0.173268
sable-9b,NimbusServe,2754,259,0,stop,6742,0.172182
sable-9b,Steadfast,3301,368,4,stop,4575,0.226047
sable-9b,Fastori,1691,287,0,stop,1459,0.109252
sable-9b,Fastori,1580,337,0,stop,1051,0.112651
sable-9b,Coreline,1718,293,0,stop,2336,0.108747
sable-9b,Steadfast,2477,280,1,stop,3470,0.152028
sable-9b,Fastori,2498,390,4,stop,1336,0.182919
sable-9b,Coreline,2715,368,0,stop,3031,0.189081
sable-9b,NimbusServe,1528,232,0,length,4996,0.105198
sable-9b,Fastori,2212,307,6,stop,1356,0.154126
sable-9b,Coreline,1813,388,0,stop,3171,0.131619
sable-9b,Coreline,2840,359,4,stop,2421,0.187747
sable-9b,Steadfast,2678,336,0,stop,4508,0.168297
sable-9b,Fastori,2756,237,3,stop,1560,0.187344
sable-9b,NimbusServe,1198,387,0,stop,6597,0.104517
sable-9b,Fastori,2497,338,0,length,1524,0.154575
sable-9b,NimbusServe,1976,383,0,stop,66216,0.141162
sable-9b,Fastori,2443,364,6,stop,1524,0.181291
sable-9b,NimbusServe,3354,269,2,stop,5241,0.232209
sable-9b,Coreline,2381,346,0,stop,2084,0.179433
sable-9b,NimbusServe,2451,427,0,stop,80287,0.178890
sable-9b,NimbusServe,1887,426,0,stop,5256,0.131908
sable-9b,Steadfast,1779,251,0,stop,4550,0.129564
sable-9b,Fastori,2722,152,1,stop,1392,0.158327
sable-9b,NimbusServe,1094,423,0,stop,6235,0.092626
sable-9b,NimbusServe,2865,228,0,stop,6864,0.177809
sable-9b,Steadfast,2508,272,2,stop,4105,0.152112
sable-9b,Steadfast,1460,429,0,stop,4410,0.103855
sable-9b,Coreline,2778,384,0,stop,2973,0.186513
sable-9b,Steadfast,2681,324,2,stop,3300,0.167379
sable-9b,NimbusServe,2373,395,0,stop,93475,0.155463
sable-9b,Coreline,1857,354,7,stop,2730,0.141999
sable-9b,Coreline,2564,321,0,length,2716,0.165204
sable-9b,Coreline,2694,178,0,stop,3032,0.185725
sable-9b,Fastori,2389,244,4,stop,1226,0.152641
sable-9b,Steadfast,2526,302,7,stop,4968,0.166503
sable-9b,Coreline,2243,364,1,stop,1892,0.167507
sable-9b,Fastori,2436,274,1,stop,1306,0.170073
sable-9b,Steadfast,1966,340,1,length,3847,0.128796
sable-9b,Steadfast,2799,392,0,stop,4229,0.180983
sable-9b,NimbusServe,2307,271,3,stop,5319,0.153395
sable-9b,Steadfast,2295,198,0,stop,4188,0.161895
sable-9b,NimbusServe,2256,238,1,stop,7203,0.142874
sable-9b,NimbusServe,2883,329,0,stop,6457,0.189812
sable-9b,Fastori,2302,343,3,stop,1699,0.169579
sable-9b,NimbusServe,3330,400,0,length,6344,0.227111
sable-9b,NimbusServe,2605,343,0,stop,6376,0.184401
sable-9b,NimbusServe,3302,385,7,stop,7735,0.230981
sable-9b,Fastori,2650,387,0,length,1316,0.173347
sable-9b,Fastori,2511,305,2,stop,1253,0.179350
sable-9b,Steadfast,2160,270,0,stop,5398,0.138081
sable-9b,Steadfast,2254,208,0,stop,3595,0.133036
sable-9b,Coreline,1090,326,1,length,2969,0.080139
sable-9b,Steadfast,3013,342,0,stop,4381,0.188556
sable-9b,Coreline,2884,180,1,stop,11311,0.183182
sable-9b,Steadfast,3049,240,4,stop,3966,0.184631
sable-9b,Steadfast,2614,356,0,stop,3204,0.181909
sable-9b,Steadfast,3412,272,0,stop,3708,0.229029
sable-9b,NimbusServe,2000,308,3,stop,5918,0.141844
sable-9b,NimbusServe,1541,337,0,stop,6726,0.119291
sable-9b,Fastori,2353,331,9,stop,1219,0.170623
sable-9b,Fastori,1966,357,0,stop,1198,0.144013
sable-9b,NimbusServe,2322,269,1,stop,5717,0.149016
sable-9b,NimbusServe,2087,367,1,stop,5944,0.161136
sable-9b,Coreline,3007,279,0,stop,2719,0.193771
sable-9b,Fastori,2314,311,2,stop,1404,0.162955
sable-9b,NimbusServe,2354,260,4,stop,77058,0.148150
sable-9b,Steadfast,2172,395,0,stop,3027,0.155445
sable-9b,Fastori,2554,348,1,stop,1299,0.167105
sable-9b,Steadfast,2553,429,4,stop,3836,0.178737
sable-9b,NimbusServe,3350,176,1,stop,5766,0.218859
sable-9b,NimbusServe,3003,341,6,stop,5126,0.208313
sable-9b,Fastori,1798,270,0,stop,1327,0.115406
sable-9b,Coreline,2132,407,2,stop,2499,0.148320
sable-9b,Fastori,2350,351,0,stop,1346,0.167982
sable-9b,Steadfast,3030,344,0,stop,3988,0.196421
sable-9b,Steadfast,2208,367,0,stop,3960,0.145027
sable-9b,Coreline,2477,340,0,stop,1783,0.164953
sable-9b,Fastori,1769,480,0,stop,1374,0.147319
sable-9b,NimbusServe,2507,345,1,stop,6594,0.182407
sable-9b,Fastori,2584,347,0,stop,1456,0.176801
sable-9b,NimbusServe,2588,404,0,stop,5945,0.172155
sable-9b,Coreline,3263,362,4,stop,2503,0.211698
sable-9b,NimbusServe,1805,344,0,stop,6073,0.141650
sable-9b,Coreline,2407,316,0,stop,2808,0.159835
sable-9b,NimbusServe,3016,341,4,stop,82403,0.213941
sable-9b,Fastori,3107,420,3,stop,1311,0.219164
sable-9b,Fastori,2293,417,3,stop,1415,0.171273
sable-9b,Coreline,1884,394,4,stop,2494,0.142573
sable-9b,NimbusServe,2163,362,2,stop,6483,0.158046
sable-9b,Fastori,3320,260,0,stop,1165,0.204048
sable-9b,Coreline,2369,305,0,stop,2758,0.156222
sable-9b,Fastori,3106,286,1,stop,1333,0.213548
sable-9b,Coreline,2336,343,0,stop,2693,0.159208
sable-9b,Coreline,2356,346,3,length,2324,0.151546
sable-9b,NimbusServe,2450,146,0,stop,5021,0.157079
sable-9b,Fastori,2395,394,2,stop,1832,0.177892
sable-9b,Fastori,2942,417,0,stop,1269,0.218366
sable-9b,Steadfast,2405,422,2,stop,4412,0.160843
sable-9b,Coreline,2571,313,0,stop,3382,0.171135
sable-9b,Steadfast,1319,330,1,stop,4470,0.103895
sable-9b,NimbusServe,1908,351,0,length,5361,0.148648
sable-9b,Fastori,1987,354,0,stop,1195,0.150494
sable-9b,Coreline,2556,352,4,stop,2548,0.168469
sable-9b,Coreline,1298,225,2,stop,2445,0.092908
sable-9b,Fastori,2457,358,4,stop,1375,0.165393
sable-9b,Fastori,2194,421,4,stop,1265,0.146593
sable-9b,Steadfast,3488,314,1,stop,4183,0.222443
sable-9b,Steadfast,1956,317,0,stop,3825,0.139914
sable-9b,Coreline,2646,321,0,stop,3080,0.164832
sable-9b,Coreline,1264,258,4,stop,2572,0.095745
sable-9b,Fastori,2291,169,0,stop,1060,0.149210
sable-9b,Steadfast,2930,328,0,stop,3721,0.208986
sable-9b,Steadfast,2788,333,3,stop,3740,0.195809
sable-9b,Coreline,2217,417,4,stop,2878,0.163426
sable-9b,Fastori,2797,174,1,stop,1105,0.188947
sable-9b,Steadfast,1878,397,0,stop,23750,0.139847
sable-9b,Steadfast,1370,321,0,stop,3825,0.094639
sable-9b,NimbusServe,2405,254,0,stop,5213,0.168312
sable-9b,Fastori,2822,304,0,stop,1181,0.193273
sable-9b,Fastori,2675,354,1,stop,1230,0.183210
sable-9b,Coreline,3090,321,0,stop,2422,0.208491
sable-9b,NimbusServe,2777,294,0,length,5387,0.193292
sable-9b,NimbusServe,1950,388,0,stop,7290,0.132725
sable-9b,Coreline,2923,379,0,stop,3009,0.197236
sable-9b,Fastori,1468,328,7,stop,1190,0.101704
sable-9b,Coreline,2352,251,1,stop,2231,0.159984
sable-9b,Coreline,1550,282,0,stop,2132,0.105535
sable-9b,Steadfast,2997,391,0,stop,4987,0.192938
sable-9b,NimbusServe,2010,260,1,stop,6369,0.132476
sable-9b,Coreline,2762,165,1,length,2709,0.184366
sable-9b,NimbusServe,1817,408,0,stop,6324,0.126495
sable-9b,Steadfast,2474,256,0,stop,4759,0.153686
sable-9b,Coreline,2986,356,0,length,2934,0.199500
sable-9b,NimbusServe,3151,399,1,stop,6203,0.229862
sable-9b,Fastori,2348,278,0,stop,1372,0.168497
sable-9b,NimbusServe,1475,269,0,stop,52274,0.111864
sable-9b,NimbusServe,2829,272,0,stop,6520,0.185226
sable-9b,Coreline,3091,329,2,length,2237,0.206670
sable-9b,Coreline,1715,316,0,stop,2393,0.116385
sable-9b,Steadfast,2522,275,1,stop,3163,0.160782
sable-9b,Fastori,2778,338,0,stop,1287,0.195888
sable-9b,Fastori,1544,286,1,stop,1510,0.100137
sable-9b,NimbusServe,2280,295,2,stop,5744,0.145700
sable-9b,Coreline,2729,330,0,stop,2161,0.198617
sable-9b,NimbusServe,2789,313,5,length,7566,0.200602
sable-9b,Coreline,2251,361,1,stop,2636,0.148959
sable-9b,Coreline,3178,305,0,stop,2406,0.216339
sable-9b,NimbusServe,3277,409,1,stop,7423,0.240449
sable-9b,Fastori,1433,279,0,stop,1494,0.112664
sable-9b,NimbusServe,2305,381,1,stop,5822,0.175143
sable-9b,NimbusServe,3053,414,0,stop,64002,0.213660
sable-9b,Steadfast,1803,357,5,stop,4170,0.141507
sable-9b,NimbusServe,2465,237,0,stop,6256,0.166442
sable-9b,Fastori,3144,359,0,stop,1694,0.203855
sable-9b,Coreline,3378,461,5,stop,12920,0.208531
sable-9b,Steadfast,2213,483,0,length,5245,0.149801
sable-9b,Steadfast,2456,286,0,stop,4731,0.156551
sable-9b,NimbusServe,2961,260,0,stop,6096,0.197044
sable-9b,Coreline,2424,477,9,stop,2306,0.171261
sable-9b,Coreline,3123,258,2,stop,2562,0.188772
sable-9b,Steadfast,2955,332,2,length,4418,0.178028
sable-9b,Steadfast,2301,340,5,stop,3893,0.157306
sable-9b,Steadfast,3010,240,2,stop,4510,0.208071
sable-9b,Coreline,3071,355,0,stop,2255,0.224167
sable-9b,Fastori,2050,303,1,stop,1501,0.148915
sable-9b,Steadfast,2551,418,0,stop,5380,0.181532
sable-9b,NimbusServe,1882,354,0,stop,5803,0.140547
sable-9b,Steadfast,2136,284,2,stop,3978,0.149162
sable-9b,Steadfast,3097,363,0,stop,3368,0.226723
sable-9b,Steadfast,2455,294,0,stop,3441,0.167192
sable-9b,Steadfast,1863,381,5,stop,4196,0.145814
sable-9b,NimbusServe,3846,309,1,stop,6607,0.227246
sable-9b,Steadfast,2520,288,0,stop,4481,0.164321
sable-9b,Coreline,2620,358,0,stop,3027,0.193127
sable-9b,NimbusServe,2733,299,0,stop,6044,0.199526
sable-9b,Coreline,2501,324,0,stop,2483,0.154121
sable-9b,Coreline,2196,213,1,stop,2360,0.157976
sable-9b,NimbusServe,2369,306,5,stop,5993,0.171070
sable-9b,Coreline,2761,428,0,stop,2480,0.176610
sable-9b,Steadfast,2821,282,0,stop,3150,0.179406
sable-9b,Coreline,2128,378,0,stop,2508,0.165325
sable-9b,NimbusServe,2467,301,4,stop,5201,0.178911
sable-9b,NimbusServe,2748,275,0,stop,7223,0.193476
sable-9b,Fastori,2073,377,0,stop,1382,0.153155
sable-9b,NimbusServe,2557,266,0,stop,91421,0.155208
sable-9b,NimbusServe,2444,331,0,stop,79538,0.167995
sable-9b,Fastori,2701,412,2,stop,1338,0.182885
sable-9b,Coreline,1765,238,0,stop,2021,0.116318
sable-9b,NimbusServe,2534,400,3,stop,7078,0.172587
sable-9b,Steadfast,1501,343,6,stop,3543,0.113396
sable-9b,Coreline,1994,371,8,stop,2756,0.134231
sable-9b,Steadfast,3078,280,1,stop,4350,0.208534
sable-9b,Coreline,2301,294,0,stop,2631,0.151565
sable-9b,Coreline,3423,372,6,stop,2801,0.220825
sable-9b,Fastori,2378,327,0,stop,1511,0.148134
sable-9b,Steadfast,2809,269,0,stop,3530,0.192652
sable-9b,NimbusServe,2201,359,0,stop,6450,0.141862
sable-9b,Coreline,2294,370,0,stop,3142,0.157517
sable-9b,Fastori,3099,447,0,stop,1444,0.224460
sable-9b,NimbusServe,3032,242,0,stop,6176,0.195157
sable-9b,Fastori,2614,253,5,stop,1283,0.187017
sable-9b,Fastori,2626,422,0,stop,1340,0.164802
sable-9b,NimbusServe,2697,255,0,stop,61588,0.183600
sable-9b,Steadfast,2700,308,0,stop,4289,0.169063
sable-9b,Coreline,1930,376,0,length,2724,0.144739
sable-9b,Steadfast,2489,329,0,stop,3868,0.160993
sable-9b,Fastori,1382,329,1,stop,1338,0.104447
sable-9b,Coreline,1670,297,0,stop,1909,0.120953
sable-9b,NimbusServe,1825,377,6,stop,7154,0.136008
sable-9b,Steadfast,2256,435,0,stop,3698,0.155065
sable-9b,Steadfast,2613,365,0,stop,4079,0.176864
sable-9b,Coreline,2429,190,1,stop,2311,0.153153
sable-9b,NimbusServe,3140,182,1,stop,4390,0.215235
sable-9b,Fastori,1847,252,0,stop,1019,0.116045
sable-9b,Fastori,2446,309,2,stop,1167,0.152241
sable-9b,Fastori,2561,374,0,stop,1350,0.180400
sable-9b,NimbusServe,2229,370,1,length,6075,0.153208
sable-9b,NimbusServe,2410,342,0,stop,5929,0.160321
sable-9b,Fastori,2133,412,0,stop,1539,0.145166
sable-9b,Fastori,1979,355,2,stop,1343,0.147506
sable-9b,Coreline,2769,428,0,stop,3051,0.203901
sable-9b,Coreline,2636,371,0,stop,2565,0.190235
sable-9b,NimbusServe,2399,262,4,stop,5558,0.157012
sable-9b,NimbusServe,2195,239,0,stop,4813,0.157855
sable-9b,Fastori,1738,390,3,stop,1307,0.134043
sable-9b,Coreline,1994,416,5,stop,2549,0.134412
sable-9b,Coreline,1397,269,0,stop,2906,0.109810
sable-9b,Coreline,2093,251,0,stop,2511,0.150160
sable-9b,Fastori,2616,407,0,stop,1413,0.168005
sable-9b,Coreline,2452,327,9,stop,2511,0.163819
sable-9b,Steadfast,2238,345,1,stop,4243,0.161385
sable-9b,Coreline,2240,352,0,stop,3258,0.168297
sable-9b,Fastori,2459,285,0,stop,1472,0.148515
sable-9b,Steadfast,2070,309,0,length,3781,0.143573
sable-9b,Coreline,3018,290,1,stop,2512,0.196923
sable-9b,NimbusServe,1864,359,0,stop,6022,0.142505
sable-9b,NimbusServe,1664,255,0,stop,5279,0.104861
sable-9b,Fastori,2535,372,2,stop,1658,0.178113
sable-9b,Coreline,3323,298,0,stop,2735,0.216541
sable-9b,Coreline,2099,340,2,stop,2493,0.139466
sable-9b,Coreline,2074,309,0,stop,3203,0.142758
sable-9b,Fastori,1976,337,0,stop,1250,0.129468
sable-9b,Coreline,2825,247,8,stop,2773,0.179714
sable-9b,Coreline,3002,348,0,stop,2543,0.217605
sable-9b,Steadfast,2050,298,0,stop,3427,0.153707
sable-9b,Coreline,2573,322,4,stop,1925,0.164370
sable-9b,Fastori,3044,326,1,stop,1498,0.201756
sable-9b,Steadfast,3366,367,6,stop,3578,0.225591
sable-9b,Fastori,2646,254,0,stop,1547,0.180165
sable-9b,Coreline,2399,229,0,stop,2973,0.154960
sable-9b,Coreline,2330,349,5,stop,2527,0.145318
sable-9b,Steadfast,2507,316,0,stop,4187,0.159606
sable-9b,NimbusServe,2420,325,1,stop,6922,0.165760
sable-9b,NimbusServe,2099,229,0,stop,4891,0.150486
sable-9b,Steadfast,2051,265,0,stop,3227,0.134393
sable-9b,Fastori,1802,428,1,stop,1435,0.145055
sable-9b,NimbusServe,2256,372,2,stop,6993,0.152721
sable-9b,Steadfast,2686,224,0,stop,3466,0.186646
sable-9b,Coreline,2294,312,0,stop,2511,0.150741
sable-9b,NimbusServe,2015,424,4,stop,4887,0.160212
sable-9b,Fastori,1729,254,7,stop,1353,0.123560
sable-9b,Coreline,2381,244,1,stop,2302,0.173298
sable-9b,Coreline,2458,355,0,stop,2227,0.168127
sable-9b,NimbusServe,2289,303,0,stop,5830,0.169324
sable-9b,Steadfast,2139,394,1,stop,4070,0.137613
sable-9b,Fastori,2736,329,0,stop,1668,0.188764
sable-9b,Fastori,2899,314,1,stop,1106,0.204525
sable-9b,Steadfast,2561,406,7,stop,4512,0.175846
sable-9b,Coreline,2366,316,0,stop,2255,0.152733
sable-9b,Steadfast,2218,329,0,stop,25701,0.149993
sable-9b,Fastori,2692,375,0,stop,1542,0.191960
sable-9b,Fastori,3002,282,0,stop,1250,0.195392
sable-9b,Steadfast,2203,364,0,length,3439,0.151465
sable-9b,NimbusServe,2672,270,2,stop,5695,0.172004
sable-9b,Fastori,2720,222,1,stop,1390,0.160798
sable-9b,Coreline,2127,428,4,stop,2727,0.149583
sable-9b,Steadfast,2551,283,0,stop,4482,0.178131
sable-9b,Coreline,1709,332,0,stop,2701,0.110493
sable-9b,Fastori,2735,183,1,stop,1722,0.180744
sable-9b,Fastori,2487,288,0,stop,1128,0.158155
sable-9b,Coreline,3081,331,0,stop,2505,0.201395
sable-9b,Fastori,2871,358,0,stop,1259,0.183011
sable-9b,NimbusServe,2743,381,0,stop,5892,0.189394
sable-9b,NimbusServe,2642,299,4,stop,73443,0.176899
sable-9b,Steadfast,2670,331,0,stop,3260,0.179975
sable-9b,Coreline,1930,288,0,stop,2367,0.135505
sable-9b,Steadfast,2520,252,6,stop,3053,0.179876
sable-9b,NimbusServe,2180,256,4,stop,6363,0.149682
sable-9b,Steadfast,2887,286,2,stop,4784,0.203364
sable-9b,Steadfast,3114,384,0,stop,4397,0.214145
sable-9b,NimbusServe,2479,313,0,stop,5503,0.157037
sable-9b,Coreline,2180,309,5,stop,2246,0.163107
sable-9b,Fastori,2222,335,3,stop,1529,0.146732
sable-9b,Coreline,1632,325,5,stop,2562,0.125448
sable-9b,NimbusServe,2300,302,0,stop,76038,0.153203
sable-9b,Fastori,3139,294,1,stop,1611,0.207629
sable-9b,Steadfast,1737,340,0,stop,4125,0.115327
sable-9b,Coreline,3174,339,0,stop,2712,0.210654
sable-9b,Fastori,2913,354,4,stop,1544,0.208915
sable-9b,Steadfast,2974,323,0,stop,3934,0.182876
sable-9b,Coreline,2692,435,5,stop,2557,0.188597
sable-9b,Fastori,2810,279,4,stop,1269,0.178356
sable-9b,Fastori,2097,346,0,stop,1619,0.134654
sable-9b,NimbusServe,2951,309,1,stop,7316,0.203996
sable-9b,Steadfast,1721,312,2,length,2772,0.116526
sable-9b,NimbusServe,2416,436,7,stop,6005,0.155751
sable-9b,Steadfast,2014,306,8,stop,4233,0.126972
sable-9b,Coreline,2465,310,0,stop,2841,0.176657
sable-9b,NimbusServe,1770,298,2,stop,110461,0.115141
sable-9b,Steadfast,2566,331,2,stop,5201,0.160451
sable-9b,Steadfast,2436,319,1,stop,4217,0.177707
sable-9b,Steadfast,2224,361,2,stop,3936,0.158462
sable-9b,Fastori,1891,374,8,stop,1291,0.126658
sable-9b,Fastori,2941,385,1,stop,1573,0.219307
sable-9b,Fastori,3114,330,0,stop,1214,0.222689
sable-9b,Coreline,2996,355,0,stop,2321,0.201656
sable-9b,Fastori,3292,496,0,stop,1474,0.226611
sable-9b,Steadfast,2651,378,1,stop,3385,0.177249
sable-9b,Fastori,1432,297,5,stop,1530,0.094947
sable-9b,NimbusServe,2218,279,1,stop,7173,0.151514
sable-9b,NimbusServe,2612,283,3,stop,4824,0.167456
sable-9b,Steadfast,3220,422,0,stop,3752,0.211126
sable-9b,Steadfast,2588,414,4,stop,3436,0.178319
sable-9b,Coreline,1954,383,0,stop,2802,0.145665
sable-9b,NimbusServe,3137,377,1,stop,5773,0.214445
sable-9b,NimbusServe,2455,304,0,stop,5734,0.161128
sable-9b,NimbusServe,1495,300,6,stop,5304,0.109971
sable-9b,Coreline,2344,295,0,stop,2162,0.164458
sable-9b,Steadfast,1866,336,9,stop,3848,0.120596
sable-9b,Steadfast,2247,309,0,stop,3018,0.155003
sable-9b,Steadfast,1827,339,3,stop,3513,0.118894
sable-9b,Fastori,2931,338,1,stop,1276,0.212823
sable-9b,Steadfast,1791,419,0,stop,3755,0.141148
sable-9b,Coreline,1739,326,2,stop,2353,0.128836
sable-9b,Fastori,3216,314,0,stop,1301,0.199738
sable-9b,NimbusServe,1597,247,0,stop,6414,0.116438
sable-9b,NimbusServe,3481,383,0,length,6005,0.223135
sable-9b,Steadfast,2004,242,0,stop,4485,0.124402
sable-9b,NimbusServe,2966,358,1,stop,5807,0.204771
sable-9b,NimbusServe,1653,349,3,stop,6835,0.114748
sable-9b,Coreline,2370,328,2,stop,2910,0.154869
sable-9b,Fastori,2986,394,4,stop,1326,0.210477
sable-9b,Fastori,2449,350,2,stop,1075,0.168601
sable-9b,Fastori,2160,259,7,stop,1130,0.157163
sable-9b,NimbusServe,2196,289,3,stop,7379,0.135112
sable-9b,Fastori,2529,296,0,stop,1457,0.180775
sable-9b,NimbusServe,1532,361,8,stop,4924,0.111280
sable-9b,NimbusServe,2869,267,0,stop,6231,0.191202
sable-9b,Fastori,2458,330,0,stop,1310,0.174517
sable-9b,Coreline,3283,303,6,stop,2124,0.203974
sable-9b,NimbusServe,2467,297,0,stop,5572,0.174276
sable-9b,Steadfast,2286,316,3,stop,4524,0.165555
sable-9b,NimbusServe,3605,388,0,length,59016,0.240784
sable-9b,NimbusServe,2261,236,0,stop,5713,0.144322
sable-9b,NimbusServe,2354,331,2,stop,5008,0.157844
sable-9b,Steadfast,3742,302,0,stop,24375,0.234795
sable-9b,Steadfast,2127,281,0,stop,2834,0.151553
sable-9b,NimbusServe,2289,379,0,stop,6000,0.154882
sable-9b,NimbusServe,2343,341,2,stop,6616,0.176321
sable-9b,NimbusServe,2561,207,0,stop,53205,0.173266
sable-9b,Coreline,3021,265,2,stop,2287,0.192604
sable-9b,Steadfast,2592,228,3,stop,4044,0.165275
sable-9b,Fastori,3399,239,1,stop,1316,0.206929
sable-9b,NimbusServe,2689,258,0,length,5069,0.172495
sable-9b,NimbusServe,2758,212,1,stop,5900,0.189644
sable-9b,Coreline,3025,380,1,stop,2473,0.215537
sable-9b,Fastori,2578,348,0,length,1468,0.159787
sable-9b,Coreline,3235,330,2,stop,2840,0.207437
sable-9b,Steadfast,2935,392,0,stop,3400,0.218380
sable-9b,Steadfast,1316,217,0,stop,3176,0.084846
sable-9b,Coreline,2828,351,0,stop,2710,0.190534
sable-9b,Fastori,1637,330,4,stop,1135,0.121182
sable-9b,Steadfast,2200,308,8,stop,4444,0.163042
sable-9b,Steadfast,1203,247,0,stop,4161,0.087309
sable-9b,Steadfast,1889,304,0,stop,3850,0.120886
sable-9b,Steadfast,2073,289,1,stop,4892,0.146570
sable-9b,NimbusServe,2221,386,0,stop,6861,0.142808
sable-9b,Fastori,2491,169,0,stop,1451,0.144717
sable-9b,Fastori,2878,261,0,stop,1633,0.177868
sable-9b,NimbusServe,2521,480,3,stop,71515,0.184175
sable-9b,Coreline,2880,286,0,stop,2192,0.195004
sable-9b,NimbusServe,1442,304,0,stop,5778,0.110424
sable-9b,Fastori,3082,332,0,length,1298,0.203537
sable-9b,NimbusServe,2688,391,0,length,7007,0.177211
sable-9b,Fastori,2600,289,5,stop,1267,0.186132
sable-9b,Fastori,3136,348,0,length,1586,0.223404
sable-9b,NimbusServe,2550,348,0,stop,6699,0.186011
sable-9b,Steadfast,2236,339,0,stop,3068,0.139782
sable-9b,Fastori,1799,306,3,stop,1131,0.118343
sable-9b,Steadfast,2857,214,0,stop,4244,0.170526
sable-9b,Steadfast,3158,345,0,stop,3676,0.196949
sable-9b,Coreline,1958,300,0,stop,2873,0.138728
sable-9b,NimbusServe,1780,323,0,stop,65643,0.118788
sable-9b,Coreline,1850,200,0,length,2328,0.120276
sable-9b,Fastori,2409,402,3,stop,1543,0.164470
sable-9b,Steadfast,2838,331,6,stop,3550,0.199434
sable-9b,Steadfast,3185,473,0,stop,4139,0.210613
sable-9b,Steadfast,3407,237,0,stop,5156,0.223601
sable-9b,Steadfast,3421,338,6,stop,3463,0.230021
sable-9b,Fastori,1483,396,2,stop,1098,0.112268
sable-9b,Steadfast,2999,276,0,stop,4862,0.185291
sable-9b,Steadfast,2935,363,0,stop,3540,0.190240
sable-9b,NimbusServe,2133,371,0,stop,5596,0.145722
sable-9b,Steadfast,1900,382,7,stop,4040,0.135017
sable-9b,Fastori,2488,323,0,stop,1511,0.167983
sable-9b,Fastori,2340,408,0,stop,1640,0.154297
sable-9b,Steadfast,1890,300,5,stop,4126,0.139308
sable-9b,Coreline,3419,392,2,stop,2211,0.230705
sable-9b,Fastori,2609,169,4,stop,1440,0.158249
sable-9b,Steadfast,2000,302,6,stop,4408,0.130449
sable-9b,Steadfast,1601,317,0,stop,4259,0.114358
sable-9b,Steadfast,2383,359,3,length,4243,0.170052
sable-9b,Steadfast,1812,307,1,length,3743,0.117341
sable-9b,Coreline,2191,260,5,stop,1831,0.161371
sable-9b,NimbusServe,1944,422,0,stop,5684,0.135028
sable-9b,Steadfast,3035,334,0,length,3529,0.183799
sable-9b,NimbusServe,3132,398,9,stop,5431,0.232356
sable-9b,Steadfast,2441,284,5,length,2973,0.150480
sable-9b,Coreline,2118,243,3,stop,2650,0.145995
sable-9b,Steadfast,2623,320,1,stop,3657,0.192761
sable-9b,Coreline,2617,268,0,stop,2187,0.159690
sable-9b,Fastori,2338,356,0,stop,1522,0.171748
sable-9b,Fastori,2801,239,2,stop,1421,0.197946
sable-9b,Fastori,2382,314,4,stop,1613,0.171800
sable-9b,Fastori,2597,339,0,stop,1316,0.173935
sable-9b,NimbusServe,1423,333,0,stop,106620,0.115134
sable-9b,Steadfast,1643,183,1,stop,3520,0.114674
sable-9b,Coreline,1432,242,0,stop,2387,0.109670
sable-9b,Steadfast,1614,318,0,stop,4545,0.109420
sable-9b,Steadfast,2416,291,0,stop,3892,0.160466
sable-9b,NimbusServe,2310,353,0,stop,90873,0.175728
sable-9b,Steadfast,2050,217,3,length,17269,0.128511
sable-9b,Coreline,1636,359,3,stop,2480,0.116258
sable-9b,NimbusServe,1575,366,0,stop,83349,0.124821
sable-9b,NimbusServe,2653,349,3,stop,105052,0.178361
sable-9b,Fastori,2444,377,0,stop,1182,0.170365
sable-9b,NimbusServe,1700,238,0,stop,75219,0.109836
sable-9b,Steadfast,2603,360,0,stop,4303,0.163296
sable-9b,Fastori,2237,325,0,stop,1004,0.156635
sable-9b,Steadfast,2158,226,6,stop,3951,0.152682
sable-9b,Steadfast,2435,329,0,stop,4132,0.160689
sable-9b,Coreline,2386,350,0,stop,3126,0.160709
sable-9b,Steadfast,3081,273,0,stop,4275,0.182980
sable-9b,NimbusServe,2492,217,0,stop,5992,0.159412
sable-9b,Fastori,2603,304,0,stop,1450,0.169460
sable-9b,Fastori,3053,158,1,stop,1458,0.186621
sable-9b,Steadfast,2533,293,0,stop,4404,0.158729
sable-9b,Coreline,2775,205,0,stop,2307,0.186514
sable-9b,Coreline,1666,331,1,stop,2592,0.112358
sable-9b,Fastori,2130,348,9,stop,1078,0.154025
sable-9b,Fastori,1805,376,0,stop,1300,0.122718
sable-9b,NimbusServe,2472,258,2,stop,92885,0.176776
sable-9b,Steadfast,2724,320,0,stop,2499,0.189956
sable-9b,Steadfast,1791,334,1,stop,2988,0.137025
sable-9b,Coreline,2157,383,4,stop,2789,0.157634
sable-9b,Coreline,3276,433,1,stop,2842,0.206953
sable-9b,Coreline,2884,250,6,stop,2501,0.191715
sable-9b,Steadfast,2470,235,0,stop,3569,0.165934
sable-9b,Coreline,2440,267,0,stop,2601,0.167430
sable-9b,Fastori,2299,307,0,stop,1595,0.158133
sable-9b,Coreline,2873,230,0,stop,2746,0.183933
sable-9b,NimbusServe,2743,232,2,stop,6258,0.184151
sable-9b,Steadfast,3369,317,0,stop,4346,0.230958
sable-9b,NimbusServe,1907,385,0,stop,87774,0.142333
sable-9b,Fastori,3357,418,2,stop,1567,0.204319
sable-9b,NimbusServe,2183,330,1,stop,7264,0.149435
sable-9b,Coreline,1941,250,2,stop,2541,0.137022
sable-9b,Steadfast,1752,365,2,stop,14090,0.124314
sable-9b,Steadfast,2908,302,4,stop,5030,0.199426
sable-9b,Fastori,2056,332,0,stop,1452,0.156679
sable-9b,Fastori,2469,229,0,stop,1118,0.161279
sable-9b,Coreline,2786,351,0,stop,2002,0.197014
sable-9b,NimbusServe,2842,384,0,stop,111404,0.194915
sable-9b,Steadfast,2405,344,0,stop,4613,0.175669
sable-9b,Coreline,2675,322,3,stop,2636,0.195085
sable-9b,NimbusServe,2449,389,1,stop,4736,0.181513
sable-9b,Steadfast,2559,321,0,stop,5080,0.187456
sable-9b,Steadfast,965,344,2,stop,2923,0.075839
sable-9b,Coreline,2026,314,0,stop,2295,0.148445
sable-9b,Coreline,3271,344,6,stop,3096,0.207626
sable-9b,NimbusServe,2642,378,0,stop,5884,0.165329
sable-9b,Coreline,3113,214,0,stop,2387,0.203922
sable-9b,Fastori,1138,202,0,length,1370,0.082117
sable-9b,Steadfast,2361,216,1,stop,3271,0.143587
sable-9b,Steadfast,2577,355,0,stop,4074,0.171069
sable-9b,Steadfast,2476,342,0,length,3954,0.158489
sable-9b,NimbusServe,2680,348,0,stop,7273,0.196756
sable-9b,Coreline,3014,305,6,stop,2982,0.208255
sable-9b,Fastori,2020,282,4,stop,1681,0.137225
sable-9b,Coreline,2133,248,0,stop,3088,0.134828
sable-9b,Steadfast,1661,326,6,stop,3382,0.115835
sable-9b,NimbusServe,1386,429,2,stop,4792,0.106689
sable-9b,Coreline,1776,306,0,stop,2965,0.136936
sable-9b,NimbusServe,3203,307,0,stop,5599,0.189708
sable-9b,Steadfast,3381,224,0,stop,4885,0.202579
sable-9b,NimbusServe,2847,345,0,stop,6479,0.205767
sable-9b,Coreline,2137,292,0,stop,2188,0.140699
sable-9b,NimbusServe,2446,307,8,stop,6662,0.150416
sable-9b,Fastori,2705,437,0,stop,1259,0.199935
sable-9b,Coreline,3409,327,3,stop,2236,0.203042
sable-9b,Coreline,2912,290,3,stop,1989,0.208614
sable-9b,Steadfast,3090,276,6,stop,3284,0.210403
sable-9b,Fastori,1844,292,6,stop,1086,0.117454
sable-9b,Coreline,1870,321,4,stop,2210,0.127642
sable-9b,NimbusServe,2119,422,0,stop,60745,0.146794
sable-9b,Fastori,1569,351,5,stop,1381,0.117432
sable-9b,Steadfast,2742,359,4,stop,3854,0.203324
sable-9b,Steadfast,2896,223,0,stop,3086,0.192499
sable-9b,Fastori,2630,363,0,stop,1280,0.161899
sable-9b,NimbusServe,3066,374,0,stop,5066,0.189958
sable-9b,Coreline,1913,364,1,stop,2090,0.128857
sable-9b,Fastori,2292,291,0,stop,1489,0.157668
sable-9b,Steadfast,2056,303,0,stop,3559,0.137557
sable-9b,NimbusServe,3204,302,0,stop,4155,0.202432
sable-9b,Coreline,2612,363,0,stop,2186,0.185611
sable-9b,Steadfast,3486,226,0,stop,4165,0.207044
sable-9b,Steadfast,1867,426,0,length,3817,0.133911
sable-9b,NimbusServe,2162,289,6,length,4526,0.147461
sable-9b,Coreline,3042,372,0,stop,2773,0.223143
sable-9b,NimbusServe,2013,382,8,stop,107564,0.154989
sable-9b,NimbusServe,3417,320,4,stop,6181,0.223390
sable-9b,Coreline,2618,397,0,stop,2303,0.168736
sable-9b,Fastori,3482,269,0,stop,1342,0.240635
sable-9b,NimbusServe,3181,373,8,stop,6571,0.212408
sable-9b,Steadfast,2234,272,1,stop,4526,0.137098
sable-9b,NimbusServe,2110,256,2,stop,5339,0.138094
sable-9b,NimbusServe,3173,290,0,stop,6497,0.195894
sable-9b,NimbusServe,2700,332,8,stop,5401,0.176218
sable-9b,NimbusServe,2512,304,4,stop,7518,0.163890
sable-9b,Coreline,2244,377,0,stop,2602,0.144873
sable-9b,NimbusServe,2724,315,0,stop,4203,0.199630
sable-9b,Coreline,1667,308,0,stop,2556,0.109553
sable-9b,Coreline,2973,357,3,stop,2757,0.193334
sable-9b,Coreline,1720,240,0,stop,2386,0.126440
sable-9b,Coreline,1891,322,5,stop,2835,0.131056
sable-9b,Steadfast,2731,240,0,stop,2508,0.181574
sable-9b,Coreline,2619,455,6,stop,2031,0.170550
sable-9b,Steadfast,1864,261,1,stop,3610,0.116489
sable-9b,NimbusServe,2645,310,0,stop,79517,0.172093
sable-9b,Coreline,2088,290,4,stop,2062,0.134276
sable-9b,Fastori,3015,225,0,stop,1318,0.192534
sable-9b,NimbusServe,1948,353,10,stop,73923,0.136901
sable-9b,NimbusServe,2170,250,0,stop,6797,0.141781
sable-9b,Coreline,2281,333,0,length,2436,0.148466
sable-9b,Steadfast,2327,280,0,stop,3239,0.164976
sable-9b,NimbusServe,2813,321,0,stop,5088,0.181798
sable-9b,Steadfast,2892,302,0,stop,4672,0.206550
sable-9b,Steadfast,3319,237,4,stop,3263,0.229296
sable-9b,NimbusServe,2595,405,0,stop,4992,0.163460
sable-9b,Coreline,2835,364,3,stop,2182,0.186189
sable-9b,Fastori,1235,309,0,stop,1426,0.093651
sable-9b,NimbusServe,2499,371,3,stop,4797,0.183364
sable-9b,Steadfast,1257,455,0,stop,3630,0.099131
sable-9b,Fastori,2435,388,0,stop,1220,0.171233
sable-9b,Fastori,2228,386,0,stop,1572,0.145313
sable-9b,Steadfast,2537,419,4,stop,3245,0.170467
sable-9b,NimbusServe,2786,326,6,stop,63868,0.204046
sable-9b,Fastori,2826,228,1,stop,1362,0.181053
sable-9b,Steadfast,2231,380,0,stop,4405,0.164588
sable-9b,Fastori,2620,277,2,stop,1180,0.173406
sable-9b,NimbusServe,1670,183,1,stop,75112,0.119963
sable-9b,NimbusServe,2773,398,1,stop,5713,0.194173
sable-9b,Steadfast,1824,308,3,length,3612,0.136335
sable-9b,Fastori,2155,316,0,stop,1692,0.153880
sable-9b,Fastori,2981,322,0,stop,1826,0.192653
sable-9b,Coreline,3365,389,0,stop,2667,0.214974
sable-9b,Fastori,1203,326,0,stop,1531,0.091389
sable-9b,Fastori,3145,356,0,stop,1776,0.207582
sable-9b,NimbusServe,1194,359,0,stop,5505,0.091517
sable-9b,Fastori,2404,385,3,stop,1619,0.152338
sable-9b,Coreline,2142,228,0,stop,2817,0.128329
sable-9b,Steadfast,2528,380,1,stop,4011,0.174255
sable-9b,Coreline,3195,405,3,stop,2486,0.220419
sable-9b,Fastori,2407,297,0,stop,1756,0.169344
sable-9b,NimbusServe,1398,371,4,stop,4991,0.110030
sable-9b,Fastori,3129,286,0,stop,1431,0.198688
sable-9b,Coreline,3102,243,1,stop,2946,0.211054
sable-9b,Steadfast,2157,340,0,stop,3846,0.152944
sable-9b,Steadfast,2775,278,3,stop,3215,0.168799
sable-9b,NimbusServe,2763,293,7,stop,6635,0.169626
sable-9b,Steadfast,2843,300,4,stop,4122,0.183005
sable-9b,Coreline,2721,327,0,stop,2763,0.192360
sable-9b,Coreline,2508,290,2,stop,2375,0.153439
sable-9b,Fastori,2335,291,1,stop,894,0.161183
sable-9b,NimbusServe,2531,350,1,stop,5839,0.186518
sable-9b,NimbusServe,2642,413,3,stop,5236,0.183382
sable-9b,Steadfast,1826,335,6,length,4295,0.120501
sable-9b,NimbusServe,2782,367,0,stop,5843,0.191837
sable-9b,Coreline,2183,411,6,stop,1728,0.147073
sable-9b,Coreline,2286,178,0,stop,2180,0.152457
sable-9b,Steadfast,2276,283,0,stop,3664,0.154007
sable-9b,NimbusServe,2735,352,0,stop,6107,0.196427
sable-9b,NimbusServe,2349,379,3,stop,7188,0.162260
sable-9b,Fastori,1630,351,0,stop,1685,0.127328
sable-9b,Coreline,2326,301,0,stop,2583,0.148548
sable-9b,Steadfast,1762,167,0,length,3645,0.121616
sable-9b,Fastori,2596,311,2,stop,1272,0.190441
sable-9b,Steadfast,2268,290,0,stop,4583,0.161947
sable-9b,NimbusServe,2510,352,0,stop,65226,0.168719
sable-9b,Fastori,1985,289,0,stop,1589,0.144552
sable-9b,Steadfast,2909,245,0,stop,3932,0.182066
sable-9b,Fastori,2858,400,3,stop,1218,0.194714
sable-9b,Coreline,2122,431,0,stop,2704,0.148008
sable-9b,Coreline,2605,295,0,stop,2103,0.182416
sable-9b,Steadfast,2209,281,0,stop,4704,0.160623
sable-9b,Fastori,2397,342,3,stop,1313,0.153158
sable-9b,Fastori,1922,353,0,stop,1449,0.126618
sable-9b,NimbusServe,2370,323,0,stop,5695,0.171334
sable-9b,Fastori,1830,277,1,stop,1608,0.122843
sable-9b,Steadfast,2208,371,3,stop,4169,0.153513
sable-9b,NimbusServe,1986,269,0,stop,5789,0.121974
sable-9b,NimbusServe,1624,181,0,stop,6605,0.111375
sable-9b,NimbusServe,3165,350,0,stop,97302,0.218951
sable-9b,Steadfast,1562,361,2,stop,4339,0.108694
sable-9b,NimbusServe,3186,226,0,stop,6329,0.205255
sable-9b,Steadfast,2258,217,0,stop,3326,0.143293
sable-9b,Coreline,3031,282,1,stop,2730,0.208311
sable-9b,Steadfast,2003,394,1,stop,3441,0.140786
sable-9b,Fastori,2713,312,5,stop,1244,0.173317
sable-9b,Fastori,1314,349,4,stop,1222,0.095724
sable-9b,NimbusServe,1553,481,7,stop,6840,0.125866
sable-9b,Fastori,3317,136,0,stop,1257,0.224030
sable-9b,Steadfast,3195,240,0,stop,3980,0.211280
sable-9b,NimbusServe,2425,371,0,stop,72436,0.152003
sable-9b,Fastori,2607,305,0,stop,1580,0.165041
sable-9b,NimbusServe,2123,263,2,stop,4979,0.133984
sable-9b,Fastori,1794,352,5,stop,1603,0.135890
sable-9b,NimbusServe,2309,357,9,stop,86098,0.154455
sable-9b,Coreline,3171,419,0,stop,2366,0.227842
sable-9b,Steadfast,1804,252,0,stop,4680,0.132920
sable-9b,Steadfast,2565,353,0,stop,4588,0.172801
sable-9b,NimbusServe,1591,354,2,stop,7679,0.119609
sable-9b,Steadfast,1823,235,5,length,3369,0.112247
sable-9b,Fastori,2348,354,0,length,999,0.175378
sable-9b,Fastori,1283,260,4,stop,1262,0.091646
sable-9b,Fastori,2124,352,1,length,1524,0.158013
sable-9b,NimbusServe,2601,327,10,stop,6711,0.175768
sable-9b,Coreline,3131,306,2,stop,2712,0.217979
sable-9b,Coreline,1989,330,5,stop,2061,0.142514
sable-9b,Steadfast,2151,348,0,stop,3329,0.143547
sable-9b,Coreline,2240,342,0,stop,2369,0.169025
sable-9b,NimbusServe,2036,360,2,stop,6256,0.142135
sable-9b,Fastori,2646,353,0,stop,1572,0.169279
sable-9b,Fastori,2383,189,6,stop,1230,0.160377
sable-9b,Fastori,2836,208,0,stop,1493,0.190348
sable-9b,NimbusServe,3550,328,0,stop,6674,0.237568
sable-9b,Fastori,2464,240,4,stop,1430,0.156277
sable-9b,Steadfast,2689,275,0,stop,4254,0.160264
sable-9b,Fastori,3733,204,1,stop,1468,0.247026
sable-9b,Coreline,3355,274,7,stop,2548,0.208258
sable-9b,Steadfast,2751,243,1,stop,4227,0.184867
sable-9b,Fastori,3452,224,3,length,1297,0.209864
sable-9b,Steadfast,1588,277,2,length,3878,0.118592
sable-9b,Steadfast,2813,334,0,length,3641,0.194735
sable-9b,Fastori,1757,369,0,stop,1257,0.128610
sable-9b,Fastori,2196,408,0,stop,1306,0.160945
sable-9b,Coreline,2486,271,1,stop,2225,0.170359
sable-9b,Steadfast,1584,286,0,stop,3448,0.107083
sable-9b,Coreline,2437,370,3,stop,2464,0.182500
sable-9b,NimbusServe,2031,422,0,stop,5991,0.161043
sable-9b,NimbusServe,2702,325,3,stop,5966,0.199195
sable-9b,Steadfast,2936,286,2,stop,3662,0.196479
sable-9b,Steadfast,2483,253,0,stop,4732,0.155415
sable-9b,Fastori,2959,285,2,stop,1408,0.199722
sable-9b,Steadfast,2474,260,3,stop,4603,0.151222
sable-9b,Coreline,2401,351,0,stop,2418,0.163763
sable-9b,Steadfast,2006,312,2,stop,3807,0.152700
sable-9b,Steadfast,2157,264,1,stop,3747,0.140918
sable-9b,Steadfast,2485,311,0,length,4485,0.167846
sable-9b,Steadfast,2237,214,1,stop,2977,0.145155
sable-9b,Steadfast,1846,384,6,stop,4295,0.126910
sable-9b,Coreline,2056,278,2,stop,2423,0.126935
sable-9b,Steadfast,2947,314,0,stop,3526,0.211738
sable-9b,Steadfast,1910,302,2,stop,3470,0.136132
sable-9b,Fastori,2198,419,0,stop,1165,0.163799
sable-9b,Coreline,2668,237,0,stop,2840,0.176169
sable-9b,Coreline,2774,313,0,stop,2389,0.171478
sable-9b,NimbusServe,2612,283,6,stop,6781,0.176238
sable-9b,Steadfast,2056,309,8,stop,4797,0.138754
sable-9b,Coreline,1963,311,7,stop,2057,0.133326
sable-9b,Fastori,2695,466,11,stop,1012,0.178161
sable-9b,Steadfast,2864,423,0,stop,3273,0.199491
sable-9b,NimbusServe,1734,295,0,stop,4681,0.113975
sable-9b,Steadfast,1991,281,0,stop,2936,0.124553
sable-9b,Steadfast,2316,392,3,stop,4132,0.158693
sable-9b,NimbusServe,2528,304,6,stop,7024,0.180503
sable-9b,Fastori,2004,299,0,stop,1140,0.141218
sable-9b,NimbusServe,2938,291,0,stop,5410,0.210865
sable-9b,Coreline,1945,298,0,stop,2730,0.128519
sable-9b,Steadfast,2003,353,0,stop,3778,0.138895
sable-9b,NimbusServe,3135,352,0,stop,5019,0.190433
sable-9b,NimbusServe,2314,303,3,stop,6156,0.154663
sable-9b,Coreline,2248,453,0,stop,3010,0.168832
sable-9b,Coreline,2081,375,2,stop,2744,0.151687
sable-9b,Steadfast,2219,369,0,stop,3852,0.169687
sable-9b,Fastori,2433,399,4,stop,1412,0.154895
sable-9b,Fastori,2549,336,1,stop,1026,0.161905
sable-9b,Steadfast,2799,406,0,stop,3961,0.179461
sable-9b,NimbusServe,1730,335,2,stop,6177,0.120910
sable-9b,NimbusServe,3403,276,0,stop,6351,0.207042
sable-9b,Steadfast,2909,372,0,stop,3968,0.182069
sable-9b,Steadfast,2813,326,9,stop,16347,0.180451
sable-9b,NimbusServe,2271,332,1,stop,6031,0.155173
sable-9b,NimbusServe,2653,335,0,stop,5647,0.191372
sable-9b,Steadfast,2379,477,0,stop,4099,0.157349
sable-9b,Fastori,2518,196,0,stop,1430,0.170164
sable-9b,Steadfast,1235,258,0,stop,4033,0.082787
sable-9b,Coreline,2855,285,0,stop,2692,0.173374
sable-9b,Steadfast,2798,352,1,stop,4366,0.200821
sable-9b,Coreline,2912,217,0,stop,2470,0.178687
sable-9b,NimbusServe,3009,290,0,stop,4566,0.192004
sable-9b,NimbusServe,1516,286,1,stop,6100,0.118169
sable-9b,Fastori,1870,322,0,stop,1622,0.119844
sable-9b,Steadfast,3316,258,0,stop,4562,0.202857
sable-9b,Steadfast,1715,210,0,stop,4145,0.120988
sable-9b,Fastori,2214,381,1,stop,1247,0.150372
sable-9b,Fastori,2683,289,1,stop,1679,0.189175
sable-9b,Fastori,2026,295,0,stop,1301,0.131865
sable-9b,Steadfast,2955,279,1,stop,3871,0.210245
sable-9b,Steadfast,2177,276,0,stop,3126,0.153106
sable-9b,Steadfast,2235,203,0,stop,3779,0.146616
sable-9b,Fastori,1657,323,3,length,1470,0.124006
sable-9b,Coreline,2564,397,0,stop,2426,0.162754
sable-9b,Fastori,2691,337,0,stop,1444,0.179728
sable-9b,Coreline,2998,321,1,stop,2777,0.200727
sable-9b,Coreline,2005,209,2,stop,2315,0.130243
sable-9b,Coreline,1402,349,2,stop,2490,0.105693
sable-9b,Fastori,2077,203,0,stop,1324,0.127938
sable-9b,Fastori,2290,318,4,length,1430,0.148765
sable-9b,Coreline,2169,409,11,stop,2143,0.163019
sable-9b,Coreline,2560,220,0,stop,2428,0.154282
sable-9b,Fastori,2905,394,9,stop,1274,0.217112
sable-9b,Steadfast,2851,381,4,stop,3232,0.175687
sable-9b,Steadfast,3203,243,3,stop,4268,0.210957
sable-9b,Coreline,2032,352,0,stop,2788,0.129111
sable-9b,NimbusServe,2419,305,2,length,78391,0.177460
sable-9b,Steadfast,2373,341,5,stop,4859,0.156593
sable-9b,NimbusServe,2954,330,6,length,5866,0.185954
sable-9b,NimbusServe,2181,426,0,stop,56504,0.147911
sable-9b,Coreline,2331,193,0,stop,2008,0.141838
sable-9b,NimbusServe,2361,422,7,stop,6113,0.157187
sable-9b,Steadfast,3014,377,0,stop,4422,0.191768
sable-9b,Fastori,3342,318,0,stop,1534,0.236847
sable-9b,NimbusServe,2779,379,3,stop,6615,0.189280
sable-9b,Steadfast,2934,426,7,stop,3396,0.187650
sable-9b,NimbusServe,2636,361,1,stop,5077,0.162520
sable-9b,NimbusServe,2017,336,0,stop,5585,0.139035
sable-9b,Fastori,2470,338,1,stop,1370,0.162583
sable-9b,Steadfast,2705,226,2,stop,3500,0.166759
sable-9b,Coreline,2622,245,0,stop,2722,0.172362
sable-9b,Steadfast,2649,369,0,stop,3567,0.176759
sable-9b,NimbusServe,2517,374,0,stop,6642,0.182139
sable-9b,Steadfast,2090,318,0,stop,4981,0.153765
sable-9b,Coreline,3106,337,0,stop,2978,0.198483
sable-9b,Steadfast,1980,352,0,stop,4761,0.144943
sable-9b,Fastori,2655,417,4,stop,1118,0.196570
sable-9b,NimbusServe,2977,283,0,stop,8232,0.184206
sable-9b,NimbusServe,2315,472,0,stop,4952,0.152923
sable-9b,Steadfast,1642,299,0,stop,4168,0.108425
sable-9b,NimbusServe,2074,374,0,stop,5403,0.147107
sable-9b,Fastori,2098,476,0,stop,6407,0.165482
sable-9b,NimbusServe,2787,281,0,stop,79434,0.195006
sable-9b,Coreline,3626,216,1,stop,2702,0.226460
sable-9b,Fastori,2135,314,3,stop,1713,0.147797
sable-9b,NimbusServe,2133,317,5,stop,6165,0.143513
sable-9b,Coreline,2825,306,1,stop,1942,0.204848
sable-9b,Fastori,2011,195,1,stop,1335,0.135076
sable-9b,Fastori,1793,232,0,stop,1285,0.116434
sable-9b,Fastori,2980,336,0,stop,1241,0.198150
sable-9b,NimbusServe,3085,334,4,stop,6518,0.191580
sable-9b,Coreline,2396,428,3,stop,2573,0.178775
sable-9b,Steadfast,2101,339,0,stop,4289,0.149969
sable-9b,Coreline,2142,203,2,stop,2396,0.151182
sable-9b,Fastori,2764,295,0,stop,1817,0.188486
sable-9b,Steadfast,2428,336,4,stop,3730,0.180422
sable-9b,Fastori,1379,305,7,stop,910,0.104738
sable-9b,Fastori,2297,385,3,length,1592,0.152073
sable-9b,Steadfast,3207,388,0,stop,4386,0.236605
sable-9b,NimbusServe,3294,382,4,stop,5183,0.225310
sable-9b,Steadfast,2699,313,0,stop,2916,0.190595
sable-9b,Fastori,1901,260,6,stop,1313,0.139447
sable-9b,NimbusServe,2737,418,1,stop,6901,0.200327
sable-9b,Fastori,1940,341,0,stop,1617,0.130420
sable-9b,Steadfast,3575,347,0,stop,3495,0.243451
sable-9b,Steadfast,2840,290,4,stop,3741,0.175936
sable-9b,Fastori,2556,286,0,stop,1539,0.161547
sable-9b,Coreline,1054,271,1,stop,2269,0.079008
sable-9b,Fastori,2769,406,5,stop,1539,0.188102
sable-9b,NimbusServe,2043,409,3,stop,4931,0.155638
sable-9b,Fastori,1833,217,0,stop,1659,0.111690
sable-9b,Fastori,989,425,0,stop,1469,0.083417
sable-9b,Fastori,2757,167,0,stop,1366,0.168517
sable-9b,Coreline,2358,322,6,stop,2618,0.153126
sable-9b,Steadfast,2556,332,5,stop,3990,0.167602
sable-9b,NimbusServe,2348,285,1,stop,5468,0.170382
sable-9b,Fastori,2596,225,0,stop,1307,0.152856
sable-9b,NimbusServe,3073,246,0,stop,5627,0.208786
sable-9b,Fastori,2535,277,0,stop,1118,0.177905
sable-9b,Fastori,2409,291,2,stop,1720,0.167358
sable-9b,Steadfast,2104,268,3,stop,5073,0.131921
sable-9b,Coreline,1794,298,0,stop,1816,0.125018
sable-9b,NimbusServe,3103,320,0,stop,6446,0.224462
sable-9b,Steadfast,2450,191,3,stop,24793,0.148006
sable-9b,Coreline,2929,342,0,stop,2835,0.201681
sable-9b,Steadfast,2443,313,0,stop,4326,0.151574
sable-9b,Coreline,2667,297,0,stop,2595,0.178168
sable-9b,Steadfast,2005,287,0,length,4280,0.145010
sable-9b,NimbusServe,2080,359,0,stop,55016,0.147762
sable-9b,Steadfast,2275,164,0,stop,3793,0.157736
sable-9b,Steadfast,1840,290,5,stop,3986,0.136513
sable-9b,NimbusServe,3080,314,0,stop,6984,0.185532
sable-9b,Steadfast,1986,270,0,length,4354,0.131014
sable-9b,NimbusServe,1740,374,3,stop,51011,0.133229
sable-9b,Steadfast,2637,280,0,stop,4799,0.175704
sable-9b,NimbusServe,2466,375,0,stop,5205,0.174992
sable-9b,Fastori,2491,440,4,stop,1448,0.158674
sable-9b,NimbusServe,3029,392,6,stop,5206,0.219486
sable-9b,Steadfast,2109,381,5,length,3447,0.155862
sable-9b,NimbusServe,1962,235,0,stop,5716,0.138463
sable-9b,Coreline,2642,286,1,stop,2444,0.186629
sable-9b,NimbusServe,3023,323,1,stop,5150,0.194743
sable-9b,NimbusServe,1397,311,2,stop,6293,0.092370
sable-9b,Coreline,1962,396,0,stop,1734,0.131471
sable-9b,Steadfast,2329,290,0,stop,3843,0.151476
sable-9b,Steadfast,2000,310,0,stop,3049,0.128024
sable-9b,Steadfast,2512,247,3,stop,4612,0.174411
sable-9b,Coreline,1435,270,0,stop,2460,0.094987
sable-9b,NimbusServe,2405,319,0,stop,68008,0.156960
sable-9b,Coreline,1849,276,0,stop,2294,0.136364
sable-9b,NimbusServe,2572,415,0,stop,6592,0.189122
sable-9b,Fastori,2454,374,5,stop,1340,0.153656
sable-9b,Coreline,2014,285,2,stop,2290,0.136126
sable-9b,Fastori,2693,282,2,stop,1051,0.163100
sable-9b,Fastori,2052,230,0,stop,1283,0.142835
sable-9b,NimbusServe,1617,300,2,length,72877,0.125640
sable-9b,NimbusServe,3158,186,2,stop,7133,0.210333
sable-9b,NimbusServe,2429,393,0,stop,5887,0.174868
sable-9b,Fastori,2415,416,0,stop,1352,0.182843
sable-9b,Coreline,2302,310,1,stop,2332,0.146704
sable-9b,Coreline,3025,380,4,stop,2355,0.200176
sable-9b,Fastori,2658,396,0,stop,1759,0.192517
sable-9b,Steadfast,2525,269,0,stop,2952,0.182963
sable-9b,Fastori,2461,341,2,stop,1232,0.162706
sable-9b,Steadfast,2200,226,0,stop,4794,0.150247
sable-9b,Steadfast,1680,294,1,stop,3741,0.122628
sable-9b,Coreline,3057,366,0,length,2214,0.223680
sable-9b,Steadfast,1732,389,2,stop,3849,0.130823
sable-9b,NimbusServe,2629,265,1,stop,5118,0.180825
sable-9b,Steadfast,2469,314,0,stop,5199,0.153233
sable-9b,Fastori,3171,314,0,stop,1543,0.201963
sable-9b,Coreline,2805,298,0,stop,2347,0.195414
sable-9b,NimbusServe,3438,421,3,stop,6252,0.242177
sable-9b,NimbusServe,3177,376,0,stop,5903,0.229955
sable-9b,Fastori,2209,269,0,stop,1382,0.151994
sable-9b,Coreline,2200,293,0,stop,2071,0.163508
sable-9b,Fastori,1675,334,0,stop,1645,0.116558
sable-9b,Coreline,3014,463,3,stop,2461,0.211198
sable-9b,Fastori,2415,287,0,stop,1173,0.154136
sable-9b,Coreline,1899,269,2,stop,2338,0.119036
sable-9b,Steadfast,1194,339,0,stop,4228,0.093735
sable-9b,Steadfast,2680,355,0,stop,4930,0.190063
sable-9b,Steadfast,2061,295,2,stop,4859,0.141742
sable-9b,NimbusServe,1931,279,0,stop,6795,0.142523
sable-9b,Coreline,2643,395,0,stop,3341,0.165921
sable-9b,NimbusServe,2877,404,0,stop,6178,0.204518
sable-9b,NimbusServe,2714,310,0,stop,5082,0.196662
sable-9b,NimbusServe,2653,304,2,stop,6119,0.194458
sable-9b,Coreline,2820,327,6,stop,2529,0.171461
sable-9b,Fastori,3366,345,3,stop,981,0.211853
sable-9b,Fastori,2463,331,1,stop,1184,0.173274
sable-9b,Fastori,2791,199,1,length,1427,0.176033
sable-9b,Steadfast,2351,419,0,stop,3495,0.174150
sable-9b,Steadfast,2734,340,2,stop,4120,0.179807
sable-9b,Steadfast,1909,169,0,stop,3817,0.118260
sable-9b,Fastori,2413,301,0,stop,1482,0.156750
sable-9b,Fastori,3085,257,2,stop,1246,0.217234
sable-9b,Coreline,2495,370,0,stop,2300,0.165765
sable-9b,Steadfast,2596,190,0,stop,4221,0.163984
sable-9b,Fastori,2573,217,0,length,874,0.164090
sable-9b,Fastori,2396,213,0,stop,1490,0.148193
sable-9b,Coreline,2059,296,0,stop,10226,0.134432
sable-9b,Fastori,2410,307,1,length,1485,0.157836
sable-9b,Fastori,2704,334,8,stop,6379,0.168435
sable-9b,NimbusServe,1872,238,4,stop,7006,0.137732
sable-9b,Coreline,1993,282,0,stop,2602,0.132218
sable-9b,Fastori,1369,278,1,stop,1187,0.097531
sable-9b,NimbusServe,2519,316,2,stop,5624,0.164547
sable-9b,NimbusServe,1961,282,0,stop,4249,0.133605
sable-9b,Coreline,1229,290,0,stop,2117,0.098124
sable-9b,Coreline,2371,195,0,stop,3140,0.166063
sable-9b,Fastori,2843,225,0,stop,1680,0.167946
sable-9b,Coreline,2717,447,5,stop,2021,0.196304
sable-9b,Coreline,3425,287,0,stop,2034,0.209042
sable-9b,NimbusServe,2090,320,2,stop,6982,0.151597
sable-9b,Steadfast,2245,265,1,stop,4039,0.155171
sable-9b,NimbusServe,2344,308,0,stop,7177,0.153875
sable-9b,Coreline,2426,199,2,stop,2190,0.143466
sable-9b,Coreline,2890,345,0,stop,2199,0.206771
sable-9b,NimbusServe,2624,210,0,stop,6261,0.177264
sable-9b,Coreline,3238,423,0,stop,2437,0.211183
sable-9b,Coreline,1667,376,2,stop,1951,0.129680
sable-9b,NimbusServe,1939,300,0,stop,6787,0.124279
sable-9b,Fastori,2828,335,0,stop,9497,0.205582
sable-9b,NimbusServe,3262,356,1,stop,6829,0.220234
sable-9b,NimbusServe,2720,331,4,stop,6252,0.169968
sable-9b,Fastori,2426,292,0,stop,1583,0.161530
sable-9b,Coreline,2017,326,1,stop,15891,0.138873
sable-9b,Fastori,2710,323,0,stop,1300,0.190122
sable-9b,Fastori,2552,409,0,stop,1540,0.171642
sable-9b,NimbusServe,2848,300,7,stop,89452,0.171667
sable-9b,NimbusServe,1638,244,3,stop,7483,0.111180
sable-9b,Fastori,2485,380,6,stop,1257,0.186938
sable-9b,NimbusServe,2679,337,0,stop,68242,0.169331
sable-9b,Steadfast,2781,318,0,stop,3228,0.178909
sable-9b,Fastori,3207,385,6,stop,1704,0.233975
sable-9b,Fastori,1943,331,0,stop,1239,0.139350
sable-9b,Steadfast,2216,273,0,stop,3775,0.138000
sable-9b,Fastori,3121,343,1,stop,1319,0.200204
sable-9b,Steadfast,2284,338,0,stop,3570,0.149410
sable-9b,NimbusServe,1595,420,6,stop,5585,0.111670
sable-9b,NimbusServe,1749,388,0,stop,5605,0.136288
sable-9b,Steadfast,2036,200,1,stop,3194,0.137924
sable-9b,Steadfast,3045,367,5,stop,3863,0.210807
sable-9b,NimbusServe,2357,399,3,stop,6879,0.165232
sable-9b,Fastori,3168,270,0,stop,1443,0.221124
sable-9b,NimbusServe,2470,351,0,stop,66716,0.174498
sable-9b,NimbusServe,2619,322,0,stop,6202,0.193468
sable-9b,Steadfast,2146,378,8,stop,4061,0.144247
sable-9b,NimbusServe,3415,248,0,stop,6090,0.233646
sable-9b,NimbusServe,3195,354,0,stop,6445,0.196886
sable-9b,Coreline,3340,342,0,stop,2589,0.239324
sable-9b,NimbusServe,3645,333,0,stop,5770,0.248591
sable-9b,NimbusServe,2171,278,3,stop,6295,0.148233
sable-9b,NimbusServe,1753,388,0,stop,4553,0.140881
sable-9b,Fastori,2430,357,3,stop,1380,0.166717
sable-9b,Coreline,2346,305,0,stop,8188,0.168872
sable-9b,Steadfast,2738,306,2,stop,4009,0.175286
sable-9b,NimbusServe,2591,309,3,length,5337,0.176166
sable-9b,Coreline,1172,342,1,stop,1763,0.094789
sable-9b,NimbusServe,2640,283,0,length,6008,0.188572
sable-9b,NimbusServe,2584,266,0,stop,5969,0.187991
sable-9b,Fastori,1663,242,0,stop,1713,0.120010
sable-9b,Coreline,2961,344,2,length,2420,0.184493
sable-9b,Fastori,1808,339,0,stop,1371,0.134919
sable-9b,Fastori,2011,440,3,stop,1868,0.157370
sable-9b,Fastori,2511,469,8,stop,1379,0.171521
sable-9b,Steadfast,1644,252,0,stop,3766,0.119359
sable-9b,Fastori,2854,410,0,stop,1380,0.190976
sable-9b,Fastori,2380,256,1,stop,1289,0.147123
sable-9b,Coreline,2558,427,2,stop,2581,0.196810
sable-9b,Coreline,2309,395,0,stop,2188,0.154164
sable-9b,NimbusServe,3006,263,4,stop,91385,0.203057
sable-9b,Steadfast,2174,316,0,length,4170,0.138311
sable-9b,Fastori,2590,390,6,stop,1688,0.169513
sable-9b,Coreline,2086,302,0,stop,2620,0.157168
sable-9b,NimbusServe,2616,270,5,stop,4627,0.158067
sable-9b,Fastori,3111,370,0,stop,1670,0.212266
sable-9b,NimbusServe,2514,397,2,stop,5926,0.170068
sable-9b,NimbusServe,1799,451,1,stop,93217,0.131847
sable-9b,Steadfast,3051,381,0,stop,4508,0.218866
sable-9b,Coreline,2788,279,0,stop,2600,0.169456
sable-9b,Coreline,2520,305,0,stop,2636,0.167532
sable-9b,Coreline,2278,195,0,stop,1803,0.152309
sable-9b,Coreline,1660,244,0,stop,2483,0.110099
sable-9b,NimbusServe,1583,351,0,stop,6312,0.124610
sable-9b,Coreline,1918,405,4,stop,2078,0.136892
sable-9b,NimbusServe,2986,363,0,stop,6368,0.210707
sable-9b,NimbusServe,2510,355,1,stop,6454,0.160342
sable-9b,NimbusServe,2864,287,0,stop,5356,0.180626
sable-9b,Steadfast,1595,364,0,stop,2961,0.117310
sable-9b,NimbusServe,2733,235,0,stop,6597,0.174315
sable-9b,Steadfast,1240,281,0,stop,3021,0.092620
sable-9b,Fastori,1929,309,0,stop,9497,0.140042
sable-9b,Coreline,1242,329,0,stop,2064,0.092232
sable-9b,Coreline,1607,330,2,stop,2968,0.121117
sable-9b,Fastori,3073,326,8,stop,1403,0.223619
sable-9b,Fastori,1981,308,0,stop,1369,0.126779
sable-9b,Steadfast,2587,202,0,stop,4139,0.161504
sable-9b,Steadfast,3550,274,0,stop,3692,0.221797
sable-9b,Steadfast,2215,277,0,stop,4445,0.139676
sable-9b,NimbusServe,1945,246,4,stop,7648,0.118746
sable-9b,Fastori,1757,400,1,stop,1459,0.133018
sable-9b,Coreline,1682,373,4,stop,3418,0.124355
sable-9b,Fastori,2550,161,0,stop,1133,0.163456
sable-9b,NimbusServe,3202,380,3,stop,7120,0.220030
sable-9b,NimbusServe,2005,314,5,stop,6546,0.130934
sable-9b,Fastori,1723,387,8,stop,1681,0.115711
sable-9b,Fastori,2218,389,1,stop,1550,0.158803
sable-9b,Coreline,3227,365,0,stop,2934,0.213367
sable-9b,Fastori,2594,342,3,stop,1365,0.172077
sable-9b,NimbusServe,2661,404,0,stop,6504,0.169140
sable-9b,Fastori,1807,260,4,stop,1253,0.119872
sable-9b,Coreline,2097,391,0,stop,1923,0.138664
sable-9b,Fastori,1821,303,0,stop,1111,0.119628
sable-9b,Coreline,2155,248,0,stop,2336,0.132870
sable-9b,NimbusServe,2626,321,2,stop,4489,0.175695
sable-9b,Coreline,1947,413,0,stop,2267,0.130265
sable-9b,Fastori,2312,350,0,stop,1190,0.166501
sable-9b,Steadfast,1986,324,4,length,3191,0.140803
sable-9b,Steadfast,2186,287,0,stop,4316,0.142523
sable-9b,Steadfast,1493,324,2,stop,4251,0.107268
sable-9b,Fastori,2356,437,0,stop,1662,0.172045
sable-9b,Fastori,2615,370,0,stop,1618,0.177809
sable-9b,Coreline,2142,344,0,stop,1936,0.150135
sable-9b,Coreline,2538,390,3,stop,2297,0.177625
sable-9b,Coreline,2828,263,0,stop,2839,0.195525
sable-9b,Fastori,2369,310,0,stop,1171,0.160612
sable-9b,Coreline,2737,225,0,stop,2952,0.185877
sable-9b,NimbusServe,2474,346,5,stop,4665,0.179595
sable-9b,Coreline,2392,310,0,stop,2428,0.168015
sable-9b,NimbusServe,2103,365,2,stop,5917,0.136398
sable-9b,Coreline,3062,257,0,length,2081,0.209316
sable-9b,NimbusServe,3091,374,6,stop,4294,0.209860
sable-9b,Fastori,1884,411,1,stop,1337,0.140951
sable-9b,NimbusServe,2476,240,0,stop,5541,0.168558
sable-9b,Fastori,2392,332,0,stop,1577,0.168680
sable-9b,Fastori,1835,230,0,stop,1244,0.118641
sable-9b,NimbusServe,2330,399,0,stop,61950,0.171787
sable-9b,Fastori,3167,328,3,stop,1412,0.198601
sable-9b,NimbusServe,2739,292,0,stop,6485,0.181282
sable-9b,Fastori,3444,295,0,stop,1302,0.216395
sable-9b,Fastori,2068,305,0,stop,1259,0.130741
sable-9b,NimbusServe,2268,273,0,stop,5357,0.149249
sable-9b,NimbusServe,3145,445,0,stop,5763,0.200949
sable-9b,Coreline,3405,263,7,stop,2789,0.221006
sable-9b,Coreline,2230,387,0,stop,2080,0.166361
sable-9b,Steadfast,3505,301,0,stop,3850,0.243891
sable-9b,Steadfast,2782,195,0,stop,15425,0.172709
sable-9b,Steadfast,3291,310,1,stop,3496,0.216286
sable-9b,Steadfast,2870,304,0,stop,3937,0.172738
sable-9b,Steadfast,2891,254,6,stop,3914,0.178410
sable-9b,Fastori,2207,193,0,stop,1536,0.131300
sable-9b,Steadfast,2241,405,1,stop,4508,0.152923
sable-9b,Coreline,2114,313,1,stop,2297,0.143450
sable-9b,NimbusServe,3459,311,3,stop,5954,0.242575
sable-9b,Steadfast,3323,312,6,stop,3426,0.226738
sable-9b,Coreline,2861,243,0,stop,2788,0.191447
sable-9b,Fastori,1581,369,2,stop,1761,0.109133
sable-9b,Steadfast,2492,290,1,stop,3648,0.156950
sable-9b,NimbusServe,2641,361,0,stop,5681,0.195414
sable-9b,Fastori,3017,328,2,stop,1545,0.206746
sable-9b,Fastori,2321,270,8,length,1419,0.148270
sable-9b,Fastori,2151,243,0,length,1361,0.143237
sable-9b,NimbusServe,2632,311,0,stop,7599,0.176514
sable-9b,Steadfast,2849,299,0,stop,4325,0.187961
sable-9b,NimbusServe,2614,278,0,stop,79754,0.169878
sable-9b,Fastori,2888,308,0,stop,1460,0.187880
sable-9b,NimbusServe,1925,328,4,stop,61632,0.135900
sable-9b,Steadfast,2292,359,0,stop,3274,0.152552
sable-9b,Fastori,2764,377,3,stop,1132,0.179617
sable-9b,Fastori,2797,263,3,stop,1301,0.192709
sable-9b,Fastori,2148,287,0,stop,1059,0.141261
sable-9b,Fastori,2600,171,0,stop,1276,0.168944
sable-9b,Coreline,2908,378,0,stop,2380,0.216582
sable-9b,Fastori,2618,230,0,stop,1431,0.164982
sable-9b,NimbusServe,2396,265,0,stop,5046,0.150397
sable-9b,Coreline,1998,366,1,stop,2496,0.129466
sable-9b,NimbusServe,2130,214,0,stop,6921,0.139244
sable-9b,Fastori,2520,279,3,stop,1561,0.169502
sable-9b,Coreline,2517,222,0,stop,3017,0.158993
sable-9b,Fastori,2923,432,0,stop,1157,0.193894
sable-9b,NimbusServe,2325,291,0,stop,5462,0.155158
sable-9b,Coreline,2347,253,1,stop,2911,0.155739
sable-9b,Fastori,2785,327,6,stop,1256,0.173559
sable-9b,Steadfast,2718,269,0,stop,2777,0.178701
sable-9b,Fastori,2577,444,0,stop,1433,0.198463
sable-9b,NimbusServe,1919,366,0,stop,4107,0.139462
sable-9b,NimbusServe,2945,354,2,stop,7297,0.200136
sable-9b,Steadfast,3082,280,0,stop,3096,0.205923
sable-9b,NimbusServe,2379,358,0,stop,7038,0.177900
sable-9b,Fastori,1274,324,0,stop,1579,0.088778
sable-9b,Fastori,1965,281,0,stop,1651,0.140471
sable-9b,NimbusServe,2872,471,1,stop,6965,0.209353
sable-9b,Fastori,3095,257,1,stop,9414,0.207675
sable-9b,Fastori,2552,251,0,length,1414,0.177925
sable-9b,Coreline,1618,192,3,stop,2469,0.112380
sable-9b,Coreline,2150,309,0,length,2482,0.148336
sable-9b,Fastori,2037,402,0,stop,1114,0.155773
sable-9b,Coreline,2192,294,0,stop,2361,0.135563
sable-9b,Fastori,1858,319,2,stop,1203,0.140055
sable-9b,Coreline,2432,308,0,stop,2337,0.175525
sable-9b,Coreline,2601,280,0,stop,2148,0.159635
sable-9b,Steadfast,3200,305,4,stop,4562,0.218372
sable-9b,Fastori,1987,490,0,stop,1607,0.149705
sable-9b,Steadfast,2649,313,5,stop,3207,0.188162
sable-9b,Steadfast,2311,367,6,stop,5194,0.153997
sable-9b,Coreline,1833,259,0,stop,1942,0.129460
sable-9b,Coreline,2509,325,0,stop,1951,0.185347
sable-9b,Coreline,2714,351,1,stop,3019,0.169422
sable-9b,NimbusServe,1739,317,0,stop,6063,0.120808
sable-9b,Coreline,2884,365,3,stop,2759,0.203515
sable-9b,Steadfast,1771,373,0,stop,5170,0.124785
sable-9b,Steadfast,1533,323,0,stop,3797,0.100836
sable-9b,Coreline,2672,194,3,stop,1933,0.178831
sable-9b,Fastori,2071,347,0,length,1359,0.148316
sable-9b,Steadfast,2993,289,0,stop,4110,0.203505
sable-9b,NimbusServe,2459,483,0,stop,6947,0.159861
sable-9b,Fastori,2039,244,3,stop,1686,0.146938
sable-9b,NimbusServe,3058,212,1,stop,5798,0.181987
sable-9b,NimbusServe,2885,390,5,stop,6250,0.189195
sable-9b,Fastori,3224,254,0,stop,1423,0.203854
sable-9b,NimbusServe,2195,236,6,stop,5763,0.137713
sable-9b,NimbusServe,2475,268,0,length,5335,0.176708
sable-9b,Fastori,1483,376,0,stop,1384,0.109163
sable-9b,Coreline,2055,367,2,stop,3148,0.145276
sable-9b,Coreline,2212,429,0,stop,2083,0.151030
sable-9b,NimbusServe,2829,369,0,stop,5006,0.181731
sable-9b,NimbusServe,2397,260,0,stop,6883,0.171686
sable-9b,Steadfast,2915,305,0,stop,4170,0.201577
sable-9b,Steadfast,2189,376,0,stop,3344,0.166385
sable-9b,NimbusServe,2936,433,2,stop,6447,0.190866
sable-9b,NimbusServe,1789,376,0,stop,6218,0.127977
sable-9b,Steadfast,2600,358,0,stop,3918,0.163589
sable-9b,Fastori,2914,325,0,length,1238,0.195126
sable-9b,Coreline,1663,301,2,stop,2493,0.122856
sable-9b,NimbusServe,2268,318,0,stop,5895,0.143517
sable-9b,Steadfast,1575,211,0,length,4721,0.113453
sable-9b,Coreline,2938,255,7,stop,2784,0.204838
sable-9b,NimbusServe,1717,326,6,stop,5675,0.132286
sable-9b,NimbusServe,3088,339,0,stop,5684,0.201896
sable-9b,Coreline,2194,297,3,stop,2476,0.162368
sable-9b,Coreline,1915,294,2,stop,2922,0.128410
sable-9b,NimbusServe,2262,281,1,stop,6356,0.141312
sable-9b,Steadfast,2099,244,0,stop,4239,0.130445
sable-9b,Coreline,2013,303,0,stop,2448,0.150530
sable-9b,NimbusServe,2199,409,1,stop,78765,0.170990
sable-9b,Coreline,2422,387,0,stop,2922,0.169184
sable-9b,Coreline,2239,267,0,stop,2839,0.152495
sable-9b,Fastori,3118,273,3,stop,1226,0.190383
sable-9b,NimbusServe,2345,392,5,stop,5556,0.154545
sable-9b,Steadfast,1420,279,5,stop,5180,0.099133
sable-9b,NimbusServe,2099,278,0,stop,6614,0.137261
sable-9b,NimbusServe,2394,252,0,stop,6365,0.155304
sable-9b,Fastori,2315,352,5,stop,1436,0.172211
sable-9b,NimbusServe,2002,357,2,stop,6069,0.149330
sable-9b,Fastori,1874,272,4,stop,1310,0.136578
sable-9b,Steadfast,2354,219,1,stop,4083,0.153815
sable-9b,Steadfast,2198,360,0,stop,3503,0.153173
sable-9b,NimbusServe,2721,288,3,stop,4851,0.197772
sable-9b,Fastori,2196,298,2,stop,1542,0.156464
sable-9b,Steadfast,3051,304,0,stop,4644,0.210705
sable-9b,NimbusServe,1980,275,0,stop,5841,0.125919
sable-9b,NimbusServe,2807,340,3,stop,6270,0.193766
sable-9b,NimbusServe,2498,224,0,stop,6333,0.150253
sable-9b,NimbusServe,2631,397,1,stop,5859,0.164851
sable-9b,Steadfast,2298,270,1,stop,3300,0.165920
sable-9b,Fastori,2635,265,3,stop,1698,0.182924
sable-9b,Coreline,1904,362,0,stop,2986,0.124940
sable-9b,NimbusServe,2494,399,0,stop,109705,0.167839
sable-9b,Fastori,2570,329,0,stop,1526,0.172867
sable-9b,NimbusServe,1904,340,0,stop,72331,0.133459
sable-9b,NimbusServe,2706,264,0,stop,5749,0.170658
sable-9b,Fastori,2102,241,0,stop,1851,0.143946
sable-9b,Fastori,2560,296,2,stop,1444,0.174299
sable-9b,Steadfast,2430,302,1,stop,3024,0.149757
sable-9b,Steadfast,2350,324,0,stop,3864,0.156175
sable-9b,Steadfast,2302,426,3,stop,4633,0.158263
sable-9b,Steadfast,3337,271,7,stop,3567,0.215715
sable-9b,Fastori,2722,292,9,stop,1480,0.182550
sable-9b,Steadfast,2676,215,3,stop,4296,0.168601
sable-9b,Fastori,2091,188,2,stop,1531,0.133528
sable-9b,Coreline,2704,274,1,stop,2538,0.167253
sable-9b,Coreline,1996,324,0,stop,2725,0.149880
sable-9b,Fastori,839,223,4,stop,1302,0.057762
sable-9b,Coreline,2830,282,3,stop,2615,0.186733
sable-9b,NimbusServe,1693,277,1,stop,5932,0.127647
sable-9b,NimbusServe,1846,398,4,stop,5289,0.126311
sable-9b,Fastori,2566,241,0,stop,1568,0.179206
sable-9b,Steadfast,3321,292,0,stop,3933,0.226425
sable-9b,Fastori,2351,243,0,stop,1273,0.141471
sable-9b,Coreline,2601,310,0,stop,2498,0.185903
sable-9b,Fastori,3046,390,1,stop,1545,0.211601
sable-9b,NimbusServe,3268,312,0,stop,4487,0.221064
sable-9b,NimbusServe,3372,282,3,stop,6770,0.211043
sable-9b,Coreline,2056,356,0,stop,2927,0.141503
sable-9b,Fastori,2280,335,3,stop,1568,0.155928
sable-9b,Fastori,1278,260,1,stop,1251,0.093071
sable-9b,NimbusServe,1459,350,0,stop,4778,0.113574
sable-9b,Steadfast,932,223,0,stop,3992,0.069491
sable-9b,Fastori,1544,242,0,stop,1580,0.103506
sable-9b,Coreline,3338,330,0,stop,2604,0.219839
sable-9b,Coreline,2122,240,0,stop,14849,0.145909
sable-9b,Fastori,2953,254,2,stop,1589,0.201249
sable-9b,Coreline,2811,360,4,stop,2777,0.200737
sable-9b,Fastori,2377,321,6,stop,1312,0.149435
sable-9b,Steadfast,2960,309,0,length,5062,0.201466
sable-9b,Fastori,1944,434,9,stop,1693,0.140704
sable-9b,NimbusServe,2088,386,1,stop,5658,0.149477
sable-9b,Steadfast,1751,212,0,stop,3370,0.126937
sable-9b,Steadfast,2069,409,3,stop,3383,0.135529
sable-9b,NimbusServe,2447,370,12,stop,4780,0.166199
sable-9b,Fastori,2452,233,3,stop,1449,0.174229
sable-9b,Coreline,1719,399,0,stop,3308,0.134671
sable-9b,Steadfast,3382,245,0,stop,3192,0.219509
sable-9b,Fastori,2198,303,4,stop,1335,0.154740
sable-9b,Steadfast,2717,241,0,stop,3916,0.161478
sable-9b,Coreline,3019,357,2,stop,2557,0.200638
sable-9b,Steadfast,3092,311,0,stop,2775,0.202316
sable-9b,Coreline,1268,489,0,stop,2836,0.096353
sable-9b,Steadfast,3054,332,0,stop,3861,0.210496
sable-9b,NimbusServe,2716,327,0,stop,6428,0.178841
sable-9b,Fastori,2053,260,4,stop,1249,0.148835
sable-9b,Steadfast,2233,279,3,stop,4589,0.152252
sable-9b,NimbusServe,2823,370,0,stop,6088,0.174280
sable-9b,Steadfast,2428,379,0,stop,3398,0.159407
sable-9b,Coreline,2132,347,4,stop,2337,0.154376
sable-9b,Steadfast,1925,453,1,stop,3232,0.134658
sable-9b,Fastori,3132,368,0,stop,1448,0.205138
sable-9b,Fastori,3117,424,4,stop,1015,0.193211
sable-9b,Fastori,3262,373,0,stop,1321,0.237290
sable-9b,NimbusServe,3085,301,5,stop,7514,0.213654
sable-9b,Coreline,2112,352,2,stop,2915,0.140241
sable-9b,Coreline,2996,260,5,stop,2248,0.195687
sable-9b,Coreline,3078,352,2,stop,2921,0.190504
sable-9b,NimbusServe,2223,326,7,stop,6488,0.150025
sable-9b,Fastori,1999,309,7,stop,1442,0.128921
sable-9b,Fastori,2628,375,4,stop,1514,0.174443
sable-9b,Steadfast,2000,273,0,stop,3659,0.140932
sable-9b,Coreline,1797,271,0,stop,2141,0.120298
sable-9b,Coreline,2915,305,3,stop,2495,0.191219
sable-9b,Steadfast,2593,287,0,stop,3119,0.184731
sable-9b,Coreline,2836,249,2,stop,2319,0.196709
sable-9b,NimbusServe,2932,257,0,stop,61140,0.186240
sable-9b,Steadfast,2832,327,0,stop,3133,0.198025
sable-9b,Steadfast,1934,292,1,stop,4127,0.135556
sable-9b,NimbusServe,1692,293,5,stop,5539,0.113190
sable-9b,Coreline,3096,318,0,stop,2842,0.208732
sable-9b,Steadfast,2519,291,0,stop,4206,0.181126
sable-9b,Steadfast,3256,425,0,stop,4130,0.213388
sable-9b,NimbusServe,1866,266,1,stop,5551,0.137628
sable-9b,Coreline,1883,359,4,stop,2204,0.129854
sable-9b,NimbusServe,2028,376,9,stop,7280,0.142664
sable-9b,NimbusServe,1682,330,1,stop,6528,0.130317
sable-9b,Coreline,3210,176,1,stop,3126,0.214320
sable-9b,NimbusServe,2406,407,0,stop,6672,0.156080
sable-9b,Fastori,1860,360,1,stop,1680,0.129751
sable-9b,Steadfast,2571,406,1,stop,4336,0.189609
sable-9b,NimbusServe,1882,239,0,stop,5239,0.126544
sable-9b,Coreline,2824,294,0,length,3074,0.188014
sable-9b,Coreline,3076,283,2,stop,3038,0.189369
sable-9b,Fastori,2733,185,0,stop,1525,0.184566
sable-9b,Coreline,2111,234,0,stop,2843,0.151090
sable-9b,Coreline,1859,263,0,stop,2412,0.124923
sable-9b,Coreline,1343,308,4,stop,2676,0.108664
sable-9b,Coreline,2854,317,7,stop,2808,0.195382
sable-9b,Fastori,2752,379,9,stop,1187,0.191675
sable-9b,Fastori,2299,295,0,stop,1203,0.151775
sable-9b,Fastori,2633,441,2,stop,1127,0.196284
sable-9b,Steadfast,2807,245,4,stop,2609,0.175859
sable-9b,Steadfast,2923,290,4,stop,3073,0.190747
sable-9b,Fastori,1700,411,0,stop,1358,0.136178
sable-9b,Steadfast,2151,275,0,stop,4560,0.153605
sable-9b,Steadfast,2563,354,7,stop,4773,0.165352
sable-9b,Coreline,2420,328,2,stop,2001,0.170720
sable-9b,Steadfast,2147,397,3,stop,3311,0.159957
sable-9b,NimbusServe,1945,256,1,stop,5055,0.141402
sable-9b,Fastori,2651,250,0,stop,1631,0.185231
sable-9b,NimbusServe,3122,337,0,stop,5566,0.213556
sable-9b,NimbusServe,2805,240,1,stop,7623,0.199702
sable-9b,Steadfast,2373,344,2,stop,3583,0.178531
sable-9b,Steadfast,3004,274,0,stop,3794,0.187721
sable-9b,Steadfast,2451,446,3,stop,4607,0.158514
sable-9b,NimbusServe,2535,155,0,stop,4281,0.164367
sable-9b,Fastori,2394,293,7,stop,1604,0.162042
sable-9b,Fastori,3156,320,1,stop,1106,0.223847
sable-9b,Coreline,2659,361,0,stop,2739,0.165266
sable-9b,Coreline,1937,250,0,stop,2475,0.124545
sable-9b,Fastori,2529,247,0,stop,1335,0.179356
sable-9b,NimbusServe,1154,416,8,stop,5677,0.087899
sable-9b,NimbusServe,2115,302,0,stop,6043,0.145773
sable-9b,Fastori,2851,276,3,stop,1836,0.183796
sable-9b,Coreline,2378,326,8,stop,2067,0.164374
sable-9b,Coreline,2298,395,3,stop,2244,0.156187
sable-9b,Coreline,3039,387,0,stop,2132,0.206514
sable-9b,Steadfast,2266,277,7,stop,4683,0.163318
sable-9b,NimbusServe,2124,276,1,stop,109553,0.153332
sable-9b,Coreline,2759,332,2,stop,2605,0.194814
sable-9b,NimbusServe,1886,291,0,stop,62173,0.127404
sable-9b,NimbusServe,2607,319,0,stop,78531,0.174628
sable-9b,NimbusServe,3071,247,0,stop,5838,0.195337
sable-9b,Coreline,1546,303,4,stop,2977,0.112165
sable-9b,NimbusServe,2941,294,0,stop,107133,0.175234
sable-9b,Fastori,2837,292,0,stop,1408,0.181922
sable-9b,NimbusServe,1715,287,0,stop,6014,0.123575
sable-9b,Fastori,2578,301,3,stop,1515,0.170776
sable-9b,Steadfast,2435,307,0,length,2849,0.155399
sable-9b,Fastori,1870,264,0,stop,1327,0.122584
sable-9b,NimbusServe,2655,296,0,stop,5698,0.169054
sable-9b,NimbusServe,1884,371,6,stop,6105,0.142571
sable-9b,Steadfast,2378,249,1,stop,4116,0.154179
sable-9b,Steadfast,2937,237,0,length,4277,0.202448
sable-9b,Steadfast,3032,328,0,stop,3357,0.188653
sable-9b,NimbusServe,2595,343,0,stop,6019,0.181792
sable-9b,NimbusServe,3203,330,2,stop,6650,0.233024
sable-9b,Fastori,2254,355,0,stop,1521,0.162684
sable-9b,Fastori,2352,285,4,stop,1547,0.163752
sable-9b,Steadfast,3081,478,2,stop,4384,0.230391
sable-9b,Coreline,2919,466,5,length,3019,0.218660
sable-9b,NimbusServe,2492,284,0,stop,5485,0.151733
sable-9b,Steadfast,2982,312,0,stop,3325,0.178909
sable-9b,Steadfast,2033,180,3,stop,4056,0.126580
sable-9b,Steadfast,2245,308,0,stop,4176,0.154949
sable-9b,Steadfast,2089,224,4,stop,4642,0.152439
sable-9b,Coreline,3145,309,7,stop,2712,0.202589
sable-9b,NimbusServe,1857,207,0,stop,5732,0.114917
sable-9b,Coreline,2276,314,0,stop,9580,0.165670
sable-9b,NimbusServe,3331,250,0,stop,6141,0.218369
sable-9b,NimbusServe,2137,260,0,stop,5764,0.136949
sable-9b,Coreline,2201,303,0,stop,2175,0.142314
sable-9b,Fastori,2482,303,2,stop,1118,0.160682
sable-9b,Fastori,961,305,0,stop,1841,0.082586
sable-9b,NimbusServe,2128,351,0,stop,6520,0.148230
sable-9b,NimbusServe,2616,302,5,stop,5811,0.159255
sable-9b,Steadfast,1577,261,0,stop,4832,0.113972
sable-9b,NimbusServe,2822,332,4,stop,4273,0.175892
sable-9b,NimbusServe,3032,380,2,stop,5395,0.222113
sable-9b,Steadfast,3014,239,0,stop,3762,0.187301
sable-9b,Fastori,2211,334,7,stop,1407,0.138948
sable-9b,Steadfast,2785,336,3,stop,4443,0.194691
sable-9b,Fastori,2339,419,1,stop,1062,0.174559
sable-9b,NimbusServe,2339,269,0,stop,79349,0.145244
sable-9b,NimbusServe,3190,272,0,stop,90508,0.215115
sable-9b,Steadfast,2461,361,0,length,3948,0.165721
sable-9b,Coreline,3067,357,0,stop,2527,0.213739
sable-9b,NimbusServe,2762,321,0,stop,6294,0.184433
sable-9b,Coreline,1970,352,2,stop,2077,0.132635
sable-9b,Fastori,2782,281,2,stop,1441,0.183022
sable-9b,Coreline,1694,265,0,stop,2815,0.125981
sable-9b,Coreline,2497,443,0,stop,1915,0.189285
sable-9b,NimbusServe,3530,458,0,length,91776,0.257973
sable-9b,Coreline,2949,277,0,stop,2466,0.211323
sable-9b,Steadfast,2956,390,6,length,4327,0.185675
sable-9b,Coreline,3118,394,1,stop,2639,0.190039
sable-9b,Steadfast,2368,330,6,stop,4083,0.167119
sable-9b,Coreline,3086,470,5,stop,2283,0.194522
sable-9b,Coreline,2512,193,1,stop,3140,0.175257
sable-9b,Coreline,3323,373,0,stop,1971,0.226756
sable-9b,Coreline,2550,325,5,stop,1862,0.164610
sable-9b,Steadfast,2004,219,3,stop,3347,0.145204
sable-9b,NimbusServe,2636,289,0,stop,114090,0.174077
sable-9b,Fastori,2035,349,4,stop,1244,0.147378
sable-9b,NimbusServe,2664,263,2,stop,56600,0.171860
sable-9b,Fastori,3139,364,0,stop,1441,0.212885
sable-9b,Fastori,1970,314,0,stop,1420,0.130210
sable-9b,Steadfast,3139,487,0,stop,3709,0.212020
sable-9b,NimbusServe,3271,329,4,stop,4475,0.234299
sable-9b,Steadfast,2149,243,0,stop,2813,0.144714
sable-9b,Coreline,3413,250,2,stop,2869,0.225736
sable-9b,Steadfast,2338,392,5,stop,4755,0.173518
sable-9b,Steadfast,2960,373,8,stop,5009,0.185894
sable-9b,NimbusServe,2118,245,1,length,3749,0.132278
sable-9b,Steadfast,1571,263,5,stop,4012,0.104548
sable-9b,Steadfast,3117,193,0,stop,3958,0.213712
sable-9b,Fastori,3300,338,0,stop,1228,0.201753
sable-9b,Fastori,2420,304,0,stop,1025,0.153412
sable-9b,NimbusServe,2351,334,5,stop,6153,0.156627
sable-9b,Fastori,3056,287,0,stop,1490,0.215118
sable-9b,Fastori,1908,344,4,stop,1210,0.137562
sable-9b,Steadfast,1693,351,0,stop,4178,0.127592
sable-9b,Coreline,2766,303,0,stop,2964,0.187213
sable-9b,Fastori,1934,350,1,stop,1449,0.130622
sable-9b,Coreline,2368,393,0,stop,1853,0.158343
sable-9b,NimbusServe,2342,305,0,stop,5790,0.144763
sable-9b,Steadfast,2623,203,1,stop,4306,0.158887
sable-9b,Coreline,1149,320,1,stop,2183,0.084640
sable-9b,Coreline,2073,409,0,stop,2853,0.150066
sable-9b,NimbusServe,1474,280,0,stop,6983,0.100167
sable-9b,Fastori,2265,352,0,stop,1213,0.146458
sable-9b,NimbusServe,2876,382,1,stop,4330,0.187077
sable-9b,Coreline,2185,298,1,stop,1930,0.147379
sable-9b,Steadfast,1600,322,0,stop,3951,0.115347
sable-9b,Coreline,2384,260,4,stop,2125,0.148902
sable-9b,NimbusServe,2209,171,3,stop,70394,0.134382
sable-9b,Fastori,2507,388,0,stop,6185,0.180976
sable-9b,Fastori,2643,371,2,stop,1262,0.171471
sable-9b,Fastori,2056,355,0,length,1381,0.135438
sable-9b,Fastori,2273,273,0,stop,1654,0.165207
sable-9b,Steadfast,2480,383,5,stop,3929,0.170025
sable-9b,NimbusServe,2477,349,3,stop,5781,0.160516
sable-9b,Steadfast,2625,322,4,stop,4288,0.175007
sable-9b,Fastori,1552,357,0,stop,955,0.112086
sable-9b,Coreline,2448,325,3,stop,2214,0.181346
sable-9b,Fastori,1759,474,0,stop,1176,0.125713
sable-9b,NimbusServe,3143,416,3,stop,61818,0.213269
sable-9b,Steadfast,1914,332,8,stop,3666,0.134646
sable-9b,Steadfast,2090,344,0,stop,4986,0.149056
sable-9b,Steadfast,2927,293,0,length,2848,0.181650
sable-9b,Steadfast,2195,315,4,stop,3176,0.154688
sable-9b,Coreline,1875,233,7,stop,2315,0.130246
sable-9b,Coreline,2028,407,0,stop,2825,0.159304
sable-9b,Coreline,2152,223,0,stop,3515,0.153775
sable-9b,Steadfast,2118,330,0,stop,4234,0.137300
sable-9b,Fastori,2170,289,0,stop,1553,0.146149
sable-9b,Steadfast,2134,458,7,stop,2999,0.168352
sable-9b,NimbusServe,3049,219,0,stop,5719,0.209416
sable-9b,NimbusServe,1812,213,0,stop,4465,0.122231
sable-9b,Fastori,2867,436,0,length,1132,0.197885
sable-9b,NimbusServe,2881,277,0,stop,5093,0.208005
sable-9b,Fastori,2136,281,0,stop,1557,0.130786
sable-9b,Steadfast,2084,331,5,stop,4079,0.142372
sable-9b,Steadfast,2636,308,0,stop,3952,0.165687
sable-9b,Steadfast,3314,331,0,stop,20169,0.206366
sable-9b,Coreline,2351,407,0,stop,1870,0.164680
sable-9b,Fastori,2968,266,0,stop,1283,0.184656
sable-9b,Steadfast,2265,365,0,stop,4069,0.163965
sable-9b,Coreline,1678,401,2,stop,2837,0.115329
sable-9b,Steadfast,1950,291,5,stop,4264,0.139281
sable-9b,Steadfast,2049,302,0,length,3428,0.142266
sable-9b,Steadfast,2094,221,0,stop,4877,0.143553
sable-9b,NimbusServe,2126,258,0,stop,6054,0.140832
sable-9b,Coreline,2858,193,0,stop,2988,0.186709
sable-9b,NimbusServe,1384,304,6,stop,5196,0.098813
sable-9b,Steadfast,3307,304,0,stop,3890,0.197175
sable-9b,Steadfast,2869,384,0,length,3708,0.204133
sable-9b,Coreline,2228,255,0,stop,2602,0.161645
sable-9b,Fastori,2053,311,3,stop,1480,0.128931
sable-9b,Coreline,2306,417,0,stop,2694,0.157962
sable-9b,NimbusServe,1916,343,1,stop,59409,0.132647
sable-9b,Fastori,2943,340,3,stop,1219,0.195317
sable-9b,NimbusServe,2989,254,1,stop,6686,0.203548
sable-9b,Steadfast,3009,289,3,stop,4216,0.207593
sable-9b,NimbusServe,2155,304,3,length,6037,0.141403
sable-9b,Coreline,2136,364,0,stop,2552,0.163242
sable-9b,NimbusServe,2169,269,3,stop,51600,0.157049
sable-9b,Coreline,2325,338,0,stop,2610,0.166528
sable-9b,Coreline,2569,390,6,stop,2087,0.176550
sable-9b,NimbusServe,1952,378,1,stop,5936,0.130031
sable-9b,Coreline,2739,232,1,stop,2630,0.166031
sable-9b,NimbusServe,2985,287,1,stop,5515,0.184286
sable-9b,NimbusServe,2272,322,0,stop,6443,0.154838
sable-9b,NimbusServe,2292,206,1,stop,5983,0.141641
sable-9b,Coreline,2039,188,0,stop,3419,0.123105
sable-9b,NimbusServe,2977,420,0,stop,5056,0.197164
sable-9b,Coreline,1957,237,2,stop,2068,0.132583
sable-9b,Fastori,2552,268,4,stop,1168,0.170662
sable-9b,Coreline,2709,288,0,stop,2178,0.163588
sable-9b,NimbusServe,2304,318,2,stop,93733,0.146354
sable-9b,NimbusServe,2267,390,0,stop,6616,0.146157
sable-9b,NimbusServe,2661,447,0,stop,5249,0.175052
sable-9b,Fastori,2131,306,7,stop,1033,0.142540
sable-9b,NimbusServe,2606,382,0,stop,5213,0.164719
sable-9b,Coreline,2732,307,4,length,3075,0.176116
sable-9b,Fastori,2592,361,0,stop,1546,0.175480
sable-9b,Steadfast,2936,383,0,stop,4731,0.197740
sable-9b,Steadfast,2721,341,0,stop,3437,0.178102
sable-9b,Steadfast,1777,195,1,stop,3039,0.129225
sable-9b,Coreline,2838,429,0,stop,3160,0.200817
sable-9b,Steadfast,2470,370,1,stop,4106,0.167792
sable-9b,Coreline,2653,282,3,stop,2662,0.181826
sable-9b,Steadfast,2054,347,0,stop,13547,0.144223
sable-9b,Steadfast,2476,211,0,stop,2758,0.148844
sable-9b,Fastori,1882,377,0,stop,1300,0.130185
sable-9b,NimbusServe,2481,391,2,stop,7611,0.165935
sable-9b,Coreline,1862,316,0,stop,2706,0.136873
sable-9b,Coreline,2696,312,2,stop,2452,0.189561
sable-9b,Coreline,3398,205,0,stop,2334,0.208959
sable-9b,Steadfast,2767,334,0,stop,4178,0.185657
sable-9b,Steadfast,2787,292,3,stop,4105,0.185520
sable-9b,Steadfast,2268,271,1,length,4162,0.159850
sable-9b,Steadfast,2851,282,0,stop,4443,0.195333
sable-9b,NimbusServe,2905,292,3,stop,5252,0.202361
sable-9b,Steadfast,2273,324,0,stop,4336,0.162962
sable-9b,NimbusServe,3143,279,0,stop,7872,0.199663
sable-9b,Steadfast,3124,292,4,stop,4455,0.197425
sable-9b,NimbusServe,2447,256,0,stop,51666,0.170946
sable-9b,NimbusServe,2045,266,0,stop,6164,0.126245
sable-9b,Steadfast,2515,414,9,stop,2809,0.178562
sable-9b,Steadfast,2804,293,5,stop,3883,0.178228
sable-9b,Coreline,1971,355,1,stop,2283,0.143204
sable-9b,Coreline,3076,231,5,stop,1542,0.198320
sable-9b,Coreline,3191,361,0,stop,11797,0.202122
sable-9b,Fastori,3089,330,0,stop,1385,0.209648
sable-9b,Fastori,2324,310,0,stop,1478,0.173494
sable-9b,Fastori,1780,261,0,stop,995,0.123100
sable-9b,Steadfast,3333,344,0,stop,5106,0.207555
sable-9b,Fastori,2433,347,1,stop,1489,0.180165
sable-9b,Coreline,1825,421,0,stop,2440,0.136017
sable-9b,Steadfast,3048,221,0,stop,4331,0.183749
sable-9b,NimbusServe,2472,281,3,stop,6862,0.169387
sable-9b,Fastori,2089,276,0,stop,1483,0.130470
sable-9b,NimbusServe,2553,399,3,stop,4390,0.179109
sable-9b,Coreline,2931,329,0,stop,2799,0.189571
sable-9b,Fastori,3113,312,2,length,1707,0.186479
sable-9b,Coreline,2325,329,0,stop,2448,0.155678
sable-9b,Steadfast,1557,276,3,stop,3357,0.103284
sable-9b,NimbusServe,1795,266,0,stop,6232,0.111680
sable-9b,Coreline,2332,450,0,stop,1599,0.182276
sable-9b,Fastori,1938,330,0,length,1515,0.145005
sable-9b,Steadfast,2338,277,0,stop,4364,0.157304
sable-9b,Fastori,1742,229,1,stop,1396,0.110388
sable-9b,NimbusServe,3203,394,1,stop,7580,0.223287
sable-9b,Steadfast,1472,241,2,stop,4358,0.096169
sable-9b,Fastori,2646,469,7,stop,1381,0.199276
sable-9b,Fastori,3036,262,0,length,1399,0.180309
sable-9b,Steadfast,3469,340,0,stop,4469,0.224124
sable-9b,Coreline,2963,340,4,stop,2282,0.217663
sable-9b,Coreline,3899,306,0,stop,2287,0.230462
sable-9b,Coreline,1495,307,0,stop,2375,0.099247
sable-9b,NimbusServe,2249,448,3,stop,6900,0.155546
sable-9b,Fastori,2206,368,0,stop,1159,0.164757
sable-9b,Fastori,3061,377,1,stop,1215,0.221632
sable-9b,Fastori,2630,319,5,stop,1353,0.162468
sable-9b,Fastori,2871,365,5,stop,1363,0.194261
sable-9b,Fastori,2689,299,5,stop,1601,0.176716
sable-9b,Steadfast,2803,229,3,stop,4798,0.185443
sable-9b,Coreline,2827,325,3,stop,2707,0.188341
sable-9b,Coreline,2925,232,2,stop,2255,0.181951
sable-9b,Steadfast,2396,320,4,stop,4016,0.148795
sable-9b,Fastori,1859,322,1,stop,1450,0.125862
sable-9b,Fastori,2142,283,1,stop,1862,0.132017
sable-9b,Steadfast,2438,340,2,length,4621,0.150937
sable-9b,Steadfast,2660,408,0,stop,4821,0.198584
sable-9b,Coreline,2755,352,0,stop,2622,0.185920
sable-9b,Fastori,1922,309,1,stop,1550,0.130201
sable-9b,NimbusServe,2625,302,2,stop,92619,0.160497
sable-9b,Coreline,2569,406,0,stop,2747,0.177938
sable-9b,Fastori,1853,365,0,stop,1470,0.138790
sable-9b,Coreline,2463,338,0,stop,2266,0.172218
sable-9b,Fastori,3401,292,1,stop,1750,0.208712
sable-9b,NimbusServe,2216,319,3,stop,100395,0.138179
sable-9b,Coreline,1726,256,0,stop,2613,0.120089
sable-9b,Steadfast,2458,316,7,stop,14913,0.168030
sable-9b,Coreline,1926,356,0,stop,2138,0.127149
sable-9b,NimbusServe,2415,281,0,stop,6775,0.167717
sable-9b,NimbusServe,3569,389,6,stop,108971,0.244724
sable-9b,Steadfast,2347,348,0,length,4085,0.158444
sable-9b,Coreline,2228,263,5,stop,2226,0.141105
sable-9b,Fastori,3483,297,0,stop,1297,0.241059
sable-9b,Coreline,1171,235,0,stop,2832,0.091491
sable-9b,Steadfast,2587,357,0,length,4042,0.159109
sable-9b,Coreline,2625,259,0,stop,3098,0.172846
sable-9b,Steadfast,3262,408,0,stop,2638,0.216449
sable-9b,Coreline,2900,299,0,stop,2429,0.208801
sable-9b,Coreline,2264,311,4,stop,2386,0.154910
sable-9b,Fastori,2865,258,2,stop,1260,0.181267
sable-9b,Coreline,1943,397,0,stop,2527,0.144559
sable-9b,Coreline,2911,330,0,stop,2183,0.201278
sable-9b,NimbusServe,1909,375,0,stop,5614,0.145809
sable-9b,Coreline,2515,336,1,stop,2766,0.180381
sable-9b,NimbusServe,1909,360,1,stop,6149,0.126824
sable-9b,Coreline,1952,355,0,length,2475,0.149545
sable-9b,Coreline,2755,323,0,length,2686,0.174615
sable-9b,Steadfast,1536,295,6,stop,3719,0.120217
sable-9b,Coreline,2451,382,2,stop,2242,0.164456
sable-9b,Fastori,2114,277,0,stop,970,0.142918
sable-9b,Fastori,2838,305,6,stop,1175,0.188690
sable-9b,NimbusServe,2613,336,0,stop,5245,0.163706
sable-9b,Fastori,2891,337,0,stop,1477,0.206250
sable-9b,Steadfast,2826,311,0,stop,12353,0.191041
sable-9b,Fastori,2069,370,0,stop,1085,0.132749
sable-9b,Fastori,3159,306,0,stop,1176,0.219611
sable-9b,NimbusServe,2467,366,8,stop,6047,0.185017
sable-9b,Steadfast,2703,396,3,stop,4091,0.176523
sable-9b,Steadfast,1875,350,0,stop,4351,0.124737
sable-9b,Fastori,2030,400,1,stop,1128,0.147879
sable-9b,Fastori,2443,323,0,stop,1304,0.169325
sable-9b,Fastori,2125,352,0,stop,1346,0.153592
sable-9b,NimbusServe,2422,243,0,stop,5206,0.171738
sable-9b,NimbusServe,1284,334,0,stop,6153,0.091033
sable-9b,NimbusServe,2546,308,3,stop,90182,0.187420
sable-9b,NimbusServe,2778,321,0,stop,5031,0.189628
sable-9b,Steadfast,1765,358,0,stop,5566,0.129256
sable-9b,NimbusServe,2974,320,0,stop,103926,0.207255
sable-9b,Coreline,2360,313,0,stop,2059,0.145585
sable-9b,NimbusServe,2068,505,8,stop,6019,0.146592
sable-9b,Fastori,1451,332,0,stop,1471,0.098615
sable-9b,Steadfast,2402,171,3,stop,3236,0.143244
sable-9b,NimbusServe,1508,268,2,stop,6812,0.098322
sable-9b,NimbusServe,1989,331,1,stop,5301,0.126718
sable-9b,Steadfast,2874,341,0,length,3789,0.201948
sable-9b,NimbusServe,2759,420,5,stop,7426,0.189293
sable-9b,NimbusServe,1800,325,5,length,86154,0.119585
sable-9b,Steadfast,3517,269,1,stop,3393,0.222423
sable-9b,NimbusServe,2202,251,0,stop,6321,0.135756
sable-9b,NimbusServe,2533,421,0,stop,5684,0.176484
sable-9b,NimbusServe,2939,246,0,stop,5406,0.198415
sable-9b,NimbusServe,2949,292,0,stop,6006,0.185971
sable-9b,Coreline,2785,431,4,stop,2313,0.197514
sable-9b,Coreline,2483,393,0,stop,2626,0.163198
sable-9b,Coreline,3038,349,1,stop,3042,0.211994
sable-9b,Coreline,2362,203,0,stop,2196,0.153654
sable-9b,Fastori,2331,309,2,stop,1269,0.156262
sable-9b,Coreline,2437,402,3,stop,2195,0.159026
sable-9b,Fastori,2175,295,0,stop,1381,0.140784
sable-9b,Steadfast,2229,359,5,stop,4038,0.165513
sable-9b,Coreline,1687,384,7,stop,3159,0.115662
sable-9b,Coreline,3122,412,6,stop,2777,0.201890
sable-9b,NimbusServe,2405,409,0,stop,5726,0.184651
sable-9b,Coreline,3110,283,0,stop,2199,0.208927
sable-9b,Fastori,2081,322,1,stop,1248,0.146738
sable-9b,Fastori,2525,310,0,stop,1805,0.158331
sable-9b,Coreline,2194,316,2,stop,2284,0.146415
sable-9b,Fastori,2157,229,2,stop,1502,0.138337
sable-9b,NimbusServe,2133,334,3,stop,6848,0.145387
sable-9b,Fastori,1449,332,2,stop,1602,0.098184
sable-9b,Coreline,3426,264,0,stop,2170,0.237639
sable-9b,Steadfast,1979,331,0,stop,3529,0.136393
sable-9b,Steadfast,2596,331,6,stop,3537,0.183650
sable-9b,NimbusServe,2385,330,0,stop,47649,0.154014
sable-9b,NimbusServe,2610,315,0,stop,7211,0.161150
sable-9b,Coreline,2546,354,0,stop,1903,0.187898
sable-9b,NimbusServe,1145,341,2,stop,94362,0.087244
sable-9b,NimbusServe,3033,356,1,stop,6671,0.185248
sable-9b,Coreline,3395,193,1,length,3075,0.228991
sable-9b,NimbusServe,1924,379,3,stop,66745,0.148659
sable-9b,Steadfast,3383,398,5,stop,4523,0.208763
sable-9b,Coreline,1646,381,4,stop,2492,0.116214
sable-9b,Coreline,2861,339,5,length,2883,0.200261
sable-9b,Coreline,1403,350,0,stop,2454,0.104828
sable-9b,Steadfast,2629,326,0,stop,3963,0.192698
sable-9b,NimbusServe,2862,289,3,stop,7536,0.178996
sable-9b,Coreline,1703,317,3,stop,2031,0.127221
sable-9b,Steadfast,1823,260,0,stop,4812,0.121749
sable-9b,Steadfast,1699,270,0,stop,3316,0.119599
sable-9b,Fastori,2416,295,0,stop,1445,0.171307
sable-9b,Steadfast,2523,306,3,stop,3813,0.163142
sable-9b,Steadfast,2352,215,1,stop,4477,0.156394
sable-9b,Fastori,2183,325,0,stop,1194,0.146605
sable-9b,NimbusServe,2558,277,0,stop,5929,0.174300
sable-9b,Steadfast,2772,240,2,stop,3503,0.163458
sable-9b,Coreline,3224,356,7,length,1881,0.225925
sable-9b,Steadfast,2485,329,0,stop,4962,0.154705
sable-9b,Coreline,2796,259,4,stop,2055,0.188143
sable-9b,Coreline,2191,327,0,stop,2800,0.143099
sable-9b,Fastori,1841,266,0,stop,1385,0.128488
sable-9b,Steadfast,2600,346,2,stop,3376,0.180263
sable-9b,Steadfast,2447,245,3,stop,3587,0.161838
sable-9b,Coreline,3352,288,0,stop,2750,0.196607
sable-9b,Steadfast,2462,345,0,stop,3444,0.163064
sable-9b,Steadfast,2800,467,0,length,3749,0.210181
sable-9b,Steadfast,3216,338,0,stop,3614,0.208972
sable-9b,Steadfast,2327,285,0,stop,2849,0.145882
sable-9b,NimbusServe,2004,306,1,stop,7531,0.130754
sable-9b,NimbusServe,2367,319,0,stop,6917,0.174739
sable-9b,NimbusServe,2462,362,0,stop,5402,0.162934
sable-9b,Steadfast,2988,341,0,stop,4178,0.201424
sable-9b,NimbusServe,1915,348,0,stop,6647,0.127084
sable-9b,Steadfast,2323,344,5,stop,3278,0.160352
sable-9b,NimbusServe,2192,324,4,stop,4029,0.138650
sable-9b,Fastori,2750,395,1,stop,1491,0.207170
sable-9b,Steadfast,2846,298,5,stop,15105,0.198406
sable-9b,Fastori,1702,353,0,stop,1375,0.130193
sable-9b,NimbusServe,1901,394,0,stop,7460,0.139775
sable-9b,Coreline,1686,183,2,stop,1790,0.120053
sable-9b,NimbusServe,2875,315,0,stop,6423,0.175499
sable-9b,NimbusServe,3022,356,3,stop,104440,0.216284
sable-9b,Coreline,3111,312,0,stop,2219,0.192153
sable-9b,Coreline,2574,269,2,stop,2869,0.156515
sable-9b,NimbusServe,2464,342,0,stop,5606,0.174864
sable-9b,NimbusServe,2056,338,0,stop,5838,0.136272
sable-9b,Coreline,1999,284,0,stop,2634,0.134966
sable-9b,Steadfast,2849,299,0,stop,4348,0.187942
sable-9b,Fastori,2111,233,4,stop,1414,0.130892
sable-9b,Steadfast,2681,223,0,stop,3793,0.188120
sable-9b,Fastori,2040,417,0,stop,1460,0.156659
sable-9b,Steadfast,2462,360,5,length,4440,0.160741
sable-9b,NimbusServe,1803,329,0,stop,81310,0.135480
sable-9b,NimbusServe,2463,385,0,stop,7668,0.167408
sable-9b,Steadfast,2023,410,0,stop,4758,0.143036
sable-9b,Fastori,2390,390,5,stop,1050,0.178028
sable-9b,Fastori,2768,300,0,stop,1002,0.167632
sable-9b,Steadfast,2554,279,0,stop,4917,0.167214
sable-9b,NimbusServe,3615,370,0,stop,5335,0.255873
sable-9b,Steadfast,2481,322,0,stop,3957,0.151865
sable-9b,NimbusServe,2239,204,0,stop,6354,0.159647
sable-9b,NimbusServe,2664,302,0,stop,6769,0.184532
sable-9b,Fastori,2334,396,2,stop,1618,0.173646
sable-9b,Fastori,2913,347,0,stop,1455,0.189633
sable-9b,Steadfast,2274,411,5,stop,4753,0.154336
sable-9b,Fastori,3271,374,2,stop,1236,0.202871
sable-9b,Fastori,2176,293,0,stop,1471,0.150926
sable-9b,Steadfast,1761,292,2,stop,3598,0.126806
sable-9b,NimbusServe,1942,320,8,stop,6173,0.140106
sable-9b,Coreline,2089,329,0,stop,2602,0.139390
sable-9b,Fastori,2389,324,0,stop,1207,0.149802
sable-9b,Coreline,1246,259,0,stop,2493,0.091849
sable-9b,Fastori,2910,364,5,stop,1415,0.205030
sable-9b,Fastori,2359,415,0,length,1324,0.160545
sable-9b,Steadfast,2405,377,0,length,5559,0.158677
sable-9b,Fastori,3209,359,5,stop,1548,0.203517
sable-9b,Steadfast,2271,256,0,stop,4948,0.137800
sable-9b,Steadfast,2752,292,2,stop,5040,0.193904
sable-9b,Fastori,2180,429,1,stop,1204,0.159793
sable-9b,Fastori,2379,309,0,stop,1637,0.151661
sable-9b,Coreline,2031,274,1,stop,2617,0.147935
sable-9b,Coreline,2623,334,0,stop,2489,0.185426
sable-9b,Fastori,2260,385,0,stop,1604,0.170112
sable-9b,NimbusServe,2227,343,0,stop,4838,0.143043
sable-9b,Fastori,1378,409,11,stop,1225,0.116358
sable-9b,Fastori,1757,457,2,length,1658,0.137588
sable-9b,Coreline,3097,432,0,stop,2558,0.220372
sable-9b,Steadfast,2782,416,2,stop,4285,0.205350
sable-9b,Coreline,2067,275,0,stop,2343,0.139617
sable-9b,Coreline,3425,298,4,stop,2542,0.233138
sable-9b,Steadfast,2719,338,0,stop,4379,0.197094
sable-9b,NimbusServe,1909,303,2,stop,7023,0.123653
sable-9b,Coreline,1960,191,0,stop,2967,0.129267
sable-9b,NimbusServe,1824,305,1,stop,4581,0.136805
sable-9b,Fastori,3000,239,0,stop,1104,0.177579
sable-9b,Steadfast,2336,314,0,stop,4194,0.163232
sable-9b,Coreline,3144,381,0,stop,2042,0.209178
sable-9b,Steadfast,2322,277,0,stop,4008,0.156553
sable-9b,Steadfast,2988,418,3,stop,2962,0.190564
sable-9b,Steadfast,2076,370,2,stop,3994,0.143900
sable-9b,Steadfast,2348,306,5,stop,4069,0.163550
sable-9b,Fastori,2514,350,8,stop,1474,0.175205
sable-9b,Steadfast,2430,320,0,stop,3957,0.155104
sable-9b,Steadfast,2696,251,0,stop,4668,0.191919
sable-9b,Coreline,3333,408,0,stop,3390,0.219231
sable-9b,Coreline,2835,301,0,stop,2375,0.192936
sable-9b,Fastori,2771,299,0,stop,1344,0.187042
sable-9b,Steadfast,2966,234,6,stop,5511,0.211143
sable-9b,NimbusServe,1987,369,0,length,7219,0.137902
sable-9b,NimbusServe,2254,353,2,stop,5506,0.142360
sable-9b,NimbusServe,3022,351,0,stop,7200,0.182256
sable-9b,Steadfast,2943,335,0,stop,2782,0.179352
sable-9b,Fastori,3055,405,2,stop,1489,0.221478
sable-9b,NimbusServe,3470,254,1,stop,6558,0.216516
sable-9b,Fastori,3404,320,0,stop,1558,0.231163
sable-9b,Coreline,1680,256,0,stop,2495,0.104970
sable-9b,NimbusServe,2218,373,0,stop,52045,0.153106
sable-9b,Steadfast,2485,311,0,stop,5235,0.174584
sable-9b,Coreline,2906,409,0,stop,1741,0.210179
sable-9b,Coreline,1927,384,2,stop,1992,0.132663
sable-9b,Coreline,1949,332,2,stop,2569,0.129638
sable-9b,Steadfast,868,225,0,stop,4942,0.066069
sable-9b,NimbusServe,2914,294,2,stop,6414,0.199391
sable-9b,Fastori,3130,297,0,stop,1642,0.225679
sable-9b,Steadfast,2722,181,4,stop,4710,0.175273
sable-9b,Coreline,2666,285,0,stop,2781,0.176467
sable-9b,Coreline,2784,331,1,stop,2723,0.202290
sable-9b,NimbusServe,2088,309,3,stop,6836,0.153521
sable-9b,Steadfast,2993,369,4,stop,3512,0.201323
sable-9b,Steadfast,2380,349,0,length,2912,0.150201
sable-9b,Fastori,3578,353,0,stop,1740,0.219842
sable-9b,Fastori,2546,313,0,stop,1808,0.160730
sable-9b,Coreline,1886,287,0,length,2892,0.141497
sable-9b,NimbusServe,2015,195,0,stop,7468,0.143841
sable-9b,Steadfast,2595,188,0,stop,4500,0.153930
sable-9b,Coreline,3128,264,3,stop,1892,0.214600
sable-9b,NimbusServe,2750,302,0,stop,72595,0.193648
sable-9b,Fastori,2618,250,0,stop,1419,0.172690
sable-9b,Fastori,2318,325,0,length,1464,0.169806
sable-9b,Fastori,1472,365,0,stop,1053,0.119248
sable-9b,Coreline,2326,332,0,stop,2964,0.156931
sable-9b,Fastori,1615,253,0,stop,1501,0.104410
sable-9b,Steadfast,2605,256,0,stop,3515,0.182616
sable-9b,Fastori,1983,379,0,stop,1668,0.148704
sable-9b,Fastori,2514,280,0,stop,1383,0.151016
sable-9b,Fastori,2706,387,3,stop,6708,0.176968
sable-9b,Coreline,2390,274,0,stop,1976,0.171099
sable-9b,Steadfast,1939,296,1,stop,4559,0.132853
sable-9b,Coreline,2492,295,4,stop,2122,0.168255
sable-9b,Steadfast,2592,296,4,stop,3941,0.161777
sable-9b,Fastori,3180,404,3,stop,1365,0.197892
sable-9b,Steadfast,2315,342,0,stop,4433,0.170835
sable-9b,NimbusServe,2332,342,2,stop,7796,0.175381
sable-9b,Steadfast,2833,260,4,stop,4070,0.186980
sable-9b,NimbusServe,1494,241,0,stop,5142,0.096122
sable-9b,NimbusServe,2383,262,1,stop,4299,0.170750
sable-9b,NimbusServe,2159,259,1,stop,6709,0.139245
sable-9b,Fastori,2558,359,0,stop,1527,0.173018
sable-9b,Fastori,3033,364,4,stop,1462,0.186680
sable-9b,Steadfast,3112,225,0,stop,4201,0.187644
sable-9b,Fastori,3170,349,3,length,1170,0.212969
sable-9b,NimbusServe,2944,347,2,stop,6425,0.197432
sable-9b,Coreline,2707,335,0,stop,2496,0.195372
sable-9b,Steadfast,2520,344,0,stop,3113,0.186094
sable-9b,NimbusServe,2220,378,4,stop,6723,0.153576
sable-9b,NimbusServe,2279,408,0,stop,7103,0.170282
sable-9b,Coreline,3074,241,0,stop,2169,0.186364
sable-9b,NimbusServe,2483,303,1,stop,5224,0.173955
sable-9b,Steadfast,2512,305,2,stop,4709,0.156450
sable-9b,Coreline,1963,190,1,stop,2764,0.122587
sable-9b,Coreline,1946,321,2,stop,2561,0.130185
sable-9b,Coreline,2586,362,0,stop,2514,0.171842
sable-9b,Coreline,1797,348,3,stop,2505,0.137357
sable-9b,Steadfast,2570,309,0,stop,4261,0.171293
sable-9b,NimbusServe,3100,286,0,stop,69126,0.201512
sable-9b,Fastori,2021,338,1,stop,1221,0.139691
sable-9b,Coreline,3231,229,2,stop,2809,0.188551
sable-9b,Coreline,1430,368,0,stop,2677,0.109457
sable-9b,NimbusServe,1899,252,6,stop,4973,0.128825
sable-9b,Steadfast,2141,334,0,stop,3589,0.144353
sable-9b,NimbusServe,2847,336,2,stop,5359,0.205210
sable-9b,NimbusServe,2761,383,2,stop,78378,0.186512
sable-9b,Steadfast,1812,467,0,stop,3563,0.137681
sable-9b,Steadfast,3082,312,3,stop,3659,0.198162
sable-9b,Fastori,3079,220,0,stop,1244,0.210309
sable-9b,NimbusServe,2051,207,0,stop,6290,0.143488
sable-9b,Coreline,2779,338,0,stop,2412,0.176542
sable-9b,Coreline,1486,327,3,stop,2996,0.112234
sable-9b,NimbusServe,2224,272,1,stop,109625,0.153565
sable-9b,Steadfast,2110,297,3,stop,5067,0.139584
sable-9b,NimbusServe,2710,483,0,stop,5772,0.196918
sable-9b,Fastori,2414,367,0,stop,1230,0.161662
sable-9b,Steadfast,2824,343,1,stop,3585,0.194794
sable-9b,NimbusServe,2493,270,0,stop,6236,0.161877
sable-9b,Coreline,1517,354,3,stop,1878,0.111741
sable-9b,Steadfast,2315,337,0,stop,2160,0.159063
sable-9b,NimbusServe,2809,213,0,stop,6117,0.197957
sable-9b,Fastori,3058,272,0,stop,1319,0.214002
sable-9b,Steadfast,2240,381,9,stop,3882,0.151040
sable-9b,Fastori,2430,326,0,stop,1608,0.173991
sable-9b,Coreline,1558,192,1,stop,2131,0.113142
sable-9b,Steadfast,2824,339,3,stop,4943,0.201148
sable-9b,Steadfast,3344,292,0,stop,3612,0.218137
sable-9b,Fastori,3326,352,1,stop,861,0.241491
sable-9b,Coreline,914,299,4,stop,2829,0.079256
sable-9b,Coreline,2251,339,1,stop,2792,0.165992
sable-9b,Coreline,2696,377,1,stop,2705,0.176713
sable-9b,Steadfast,2185,247,0,stop,4890,0.152266
sable-9b,Steadfast,2114,450,2,stop,4195,0.151574
sable-9b,Fastori,2761,315,0,stop,6354,0.171195
sable-9b,NimbusServe,2430,384,1,stop,6055,0.175391
sable-9b,Steadfast,3070,250,0,stop,23970,0.212187
sable-9b,Steadfast,2152,176,0,stop,3726,0.130777
sable-9b,Steadfast,2783,308,0,stop,4334,0.191339
sable-9b,Steadfast,2100,262,0,stop,4004,0.140438
sable-9b,NimbusServe,1467,300,1,stop,7475,0.106875
sable-9b,Fastori,2777,288,0,stop,1596,0.201611
sable-9b,Steadfast,2316,319,0,stop,4564,0.160992
sable-9b,Fastori,3198,297,2,stop,1025,0.190910
sable-9b,Coreline,1997,234,2,stop,2142,0.146415
sable-9b,Steadfast,2510,338,6,stop,4572,0.162331
sable-9b,Steadfast,2666,419,11,stop,3429,0.202251
sable-9b,NimbusServe,2213,263,3,stop,52115,0.161470
sable-9b,Fastori,2343,257,0,stop,1539,0.151721
sable-9b,NimbusServe,2951,362,4,stop,5115,0.192215
sable-9b,NimbusServe,2022,306,0,stop,83894,0.138664
sable-9b,Steadfast,2335,350,3,length,3806,0.145874
sable-9b,Fastori,1809,345,0,length,1239,0.124342
sable-9b,Coreline,2982,213,0,stop,2098,0.198205
sable-9b,NimbusServe,2948,401,0,stop,4228,0.217696
sable-9b,Steadfast,2012,399,3,stop,4458,0.132928
sable-9b,Steadfast,1783,350,0,stop,4235,0.124007
sable-9b,NimbusServe,3253,392,1,stop,5555,0.205094
sable-9b,Fastori,1792,201,0,stop,1421,0.120665
sable-9b,Steadfast,1633,298,6,stop,3764,0.122282
sable-9b,NimbusServe,3247,280,3,stop,6656,0.218384
sable-9b,Fastori,2606,398,0,length,1480,0.187445
sable-9b,Steadfast,2404,341,0,length,4306,0.160098
sable-9b,Fastori,2570,334,2,stop,5073,0.178666
sable-9b,NimbusServe,1705,351,10,stop,6069,0.121116
sable-9b,NimbusServe,3017,346,5,stop,5866,0.194165
sable-9b,Fastori,3565,370,6,stop,1315,0.237255
sable-9b,Steadfast,2887,368,2,length,3676,0.176587
sable-9b,NimbusServe,2369,477,1,stop,71405,0.186849
sable-9b,NimbusServe,2909,335,0,stop,73015,0.210972
sable-9b,Fastori,2023,314,1,stop,1217,0.129689
sable-9b,Steadfast,2835,313,1,stop,3570,0.185947
sable-9b,Coreline,2207,324,2,stop,2928,0.148330
sable-9b,Coreline,2539,341,0,stop,1958,0.162916
sable-9b,Fastori,1663,241,0,stop,1539,0.109382
sable-9b,Fastori,2281,391,7,stop,1234,0.154046
sable-9b,Fastori,2209,259,0,stop,1066,0.161399
quill-120b,Steadfast,2041,307,286,stop,4000,3.564477
quill-120b,Fastori,2286,389,368,stop,1430,4.018309
quill-120b,Fastori,2120,309,288,stop,1121,3.731981
quill-120b,Fastori,1744,304,281,stop,1198,3.535724
quill-120b,Coreline,2611,432,398,stop,2562,5.185470
quill-120b,Coreline,3010,380,350,stop,2465,5.213872
quill-120b,NimbusServe,2304,321,302,stop,7415,4.453819
quill-120b,Steadfast,2225,348,328,stop,4547,4.255907
quill-120b,Steadfast,2381,420,396,stop,3568,4.603851
quill-120b,Steadfast,2357,373,345,stop,5023,4.575201
quill-120b,NimbusServe,2886,312,286,stop,5849,4.750526
quill-120b,Coreline,3265,282,262,stop,2548,5.519787
quill-120b,NimbusServe,2430,360,335,stop,6042,4.313121
quill-120b,Coreline,1877,361,345,stop,2507,3.268233
quill-120b,Fastori,2347,445,410,stop,1546,4.039816
quill-120b,Fastori,1740,319,300,stop,1266,3.195424
quill-120b,NimbusServe,3022,316,288,stop,5518,4.742783
quill-120b,NimbusServe,1663,222,207,stop,53092,3.165686
quill-120b,NimbusServe,3280,285,266,stop,5393,4.861710
quill-120b,Fastori,1859,289,267,stop,1417,3.045272
quill-120b,Fastori,2623,376,353,stop,1273,5.112651
quill-120b,NimbusServe,2451,172,160,stop,6438,3.630662
quill-120b,Steadfast,1802,388,365,stop,4280,3.335894
quill-120b,Coreline,2555,406,387,stop,2474,4.898337
quill-120b,Fastori,2569,345,320,stop,1853,4.343495
quill-120b,Fastori,3145,428,397,stop,1400,5.862113
quill-120b,Fastori,1110,270,249,stop,1186,2.219428
quill-120b,NimbusServe,2465,404,374,stop,6532,4.910559
quill-120b,Coreline,2339,290,264,stop,2455,4.446919
quill-120b,Fastori,1948,265,250,stop,1663,3.376175
quill-120b,Fastori,2125,259,242,stop,1628,3.817214
quill-120b,NimbusServe,2077,322,305,stop,5449,3.494249
quill-120b,Steadfast,3160,234,218,stop,4111,4.644390
quill-120b,Coreline,3061,340,318,stop,2254,5.622550
quill-120b,Coreline,2065,426,386,stop,2715,4.061598
quill-120b,NimbusServe,2782,316,292,stop,95164,5.074876
quill-120b,Fastori,2472,372,343,stop,1408,4.481176
quill-120b,Steadfast,2377,287,263,stop,3600,4.321586
quill-120b,NimbusServe,2350,328,306,stop,5766,4.288340
quill-120b,NimbusServe,2579,426,395,stop,110193,5.203832
quill-120b,Fastori,2802,382,362,stop,1179,5.148882
quill-120b,Coreline,3573,382,356,stop,2571,6.094373
quill-120b,Fastori,1794,397,377,stop,1518,3.392825
quill-120b,NimbusServe,2804,314,293,stop,6208,4.372373
quill-120b,Coreline,2317,318,300,stop,2589,4.008964
quill-120b,NimbusServe,2280,344,317,stop,6914,4.399062
quill-120b,Steadfast,2546,405,378,stop,4564,4.197623
quill-120b,NimbusServe,2408,392,365,stop,6080,4.435028
quill-120b,Fastori,1918,352,329,stop,1060,3.624385
quill-120b,Coreline,2110,342,320,stop,2644,3.772714
quill-120b,Fastori,3280,346,319,stop,1687,5.517298
quill-120b,Coreline,2854,352,324,stop,2378,4.627508
quill-120b,Steadfast,2386,310,289,stop,3561,4.355329
quill-120b,NimbusServe,2173,224,213,stop,7726,3.906257
quill-120b,Fastori,2603,286,268,stop,1240,4.773215
quill-120b,NimbusServe,2398,245,227,stop,6854,3.906438
quill-120b,Steadfast,2717,362,338,stop,3553,4.626292
quill-120b,Coreline,3140,303,280,stop,2721,5.100099
quill-120b,Coreline,2806,304,277,stop,1998,4.429480
quill-120b,Fastori,2890,338,314,stop,1281,4.498368
quill-120b,NimbusServe,1837,223,205,stop,6652,3.122737
quill-120b,Steadfast,2599,335,315,stop,3116,4.360790
quill-120b,Fastori,2768,278,257,stop,1515,4.945044
quill-120b,Fastori,2453,393,376,stop,1085,4.611242
quill-120b,Steadfast,2546,274,262,stop,2892,4.693990
quill-120b,NimbusServe,3389,344,320,stop,83918,5.799165
quill-120b,Fastori,2895,287,268,stop,1230,4.967309
quill-120b,NimbusServe,1999,165,152,stop,115777,3.423063
quill-120b,NimbusServe,1770,327,307,stop,5741,3.539828
quill-120b,Coreline,1551,224,209,stop,3127,2.963685
quill-120b,Coreline,2275,242,231,stop,2735,4.046303
quill-120b,NimbusServe,2693,366,338,stop,6204,4.741939
quill-120b,Coreline,2086,336,312,stop,2588,3.848094
quill-120b,Coreline,2685,302,282,stop,2740,4.992273
quill-120b,Steadfast,2454,348,320,stop,4294,4.172929
quill-120b,NimbusServe,2299,193,179,stop,6279,3.746990
quill-120b,NimbusServe,2127,316,293,stop,3939,3.774205
quill-120b,Coreline,1615,448,429,stop,2527,3.298695
quill-120b,NimbusServe,2146,384,354,stop,7334,4.389511
quill-120b,Fastori,2642,435,402,stop,1653,4.814768
quill-120b,Coreline,2698,293,275,stop,2904,4.958921
quill-120b,NimbusServe,2564,360,335,stop,6384,4.379948
quill-120b,Fastori,2914,377,349,stop,1774,5.602547
quill-120b,Steadfast,2510,248,226,stop,5005,4.078881
quill-120b,Coreline,2896,326,309,stop,2415,4.816164
quill-120b,Fastori,1637,353,330,stop,1595,3.246953
quill-120b,NimbusServe,2554,240,222,stop,6761,3.968854
quill-120b,Steadfast,2257,318,298,stop,4142,4.017611
quill-120b,Coreline,3132,336,307,stop,2546,5.766809
quill-120b,Coreline,2726,383,356,stop,2478,4.499274
quill-120b,Coreline,3034,362,342,stop,2937,5.268930
quill-120b,Coreline,2083,418,394,stop,3502,3.923391
quill-120b,Steadfast,1552,374,350,stop,3944,3.173695
quill-120b,Steadfast,2551,471,442,stop,4744,4.967431
quill-120b,Steadfast,2109,470,436,stop,3584,4.072869
quill-120b,Coreline,3318,312,287,stop,3181,5.031728
quill-120b,Fastori,2662,283,264,stop,1427,4.366128
quill-120b,NimbusServe,1668,322,296,stop,5885,3.450022
quill-120b,Fastori,3182,496,460,stop,1446,5.764787
quill-120b,Steadfast,1435,332,308,stop,4862,2.935782
quill-120b,NimbusServe,2926,378,348,stop,6495,5.238487
quill-120b,Fastori,1915,366,336,stop,1649,3.959772
quill-120b,Fastori,2288,176,163,stop,1854,3.444069
quill-120b,Fastori,2386,318,298,stop,1276,3.980954
quill-120b,Steadfast,3177,275,258,stop,2825,4.828168
quill-120b,NimbusServe,3169,297,277,stop,5975,5.274838
quill-120b,Fastori,1416,263,247,stop,1074,2.610564
quill-120b,NimbusServe,2718,285,264,stop,5393,4.487278
quill-120b,NimbusServe,1977,416,388,stop,7185,3.931093
quill-120b,NimbusServe,1277,237,219,stop,5875,2.319844
quill-120b,Fastori,2266,294,270,stop,1475,3.597872
quill-120b,Fastori,2380,372,339,stop,1361,4.287756
quill-120b,NimbusServe,1716,332,307,stop,7722,3.033412
quill-120b,Fastori,3648,269,253,stop,1294,5.932317
quill-120b,Steadfast,1866,272,252,stop,4544,3.358986
quill-120b,Coreline,2502,426,396,stop,2734,4.624011
quill-120b,NimbusServe,2049,268,251,stop,6251,3.562364
quill-120b,NimbusServe,2121,350,327,stop,5555,3.906988
quill-120b,NimbusServe,2307,232,217,stop,6184,3.895706
quill-120b,Steadfast,1217,451,420,stop,4835,2.813715
quill-120b,Steadfast,2411,264,241,stop,3788,4.105785
quill-120b,Steadfast,2436,294,271,stop,5243,4.579773
quill-120b,NimbusServe,2798,442,418,stop,50349,5.314093
quill-120b,Fastori,2377,310,284,stop,1128,4.375803
quill-120b,NimbusServe,2544,270,253,stop,4746,4.252154
quill-120b,Steadfast,3009,231,215,stop,3247,4.877079
quill-120b,Coreline,2224,264,241,stop,2309,3.488832
quill-120b,Fastori,2257,265,250,stop,1451,3.965386
quill-120b,Steadfast,1829,351,327,stop,4534,3.456285
quill-120b,Fastori,2984,210,191,stop,1193,4.615341
quill-120b,Coreline,2085,404,373,stop,2557,4.236712
quill-120b,Fastori,3269,263,242,stop,1469,5.440536
quill-120b,NimbusServe,2746,383,352,stop,5858,5.159341
quill-120b,Coreline,2076,398,374,stop,2920,4.383334
quill-120b,NimbusServe,2381,369,346,stop,81683,4.306349
quill-120b,NimbusServe,2267,293,272,stop,7495,4.001405
quill-120b,Steadfast,2574,434,407,stop,3639,5.064702
quill-120b,Coreline,1995,317,292,stop,2796,3.973460
quill-120b,NimbusServe,2288,300,282,stop,5991,4.337467
quill-120b,NimbusServe,1971,315,295,stop,51663,3.318597
quill-120b,Steadfast,1985,250,235,stop,3316,3.266919
quill-120b,Coreline,2483,321,297,stop,2904,4.370221
quill-120b,Fastori,2600,258,243,stop,1829,4.162628
quill-120b,NimbusServe,1438,430,397,stop,5784,3.254882
quill-120b,NimbusServe,2346,320,301,stop,6131,4.277250
quill-120b,NimbusServe,1701,298,280,stop,7135,3.292179
quill-120b,Coreline,3447,294,274,stop,2723,5.184010
quill-120b,Coreline,2183,298,277,stop,3006,4.155311
quill-120b,Fastori,3215,295,273,stop,1469,5.357180
quill-120b,Fastori,1857,273,249,stop,1218,3.004213
quill-120b,Steadfast,2236,344,322,stop,3712,4.244502
quill-120b,Steadfast,1867,418,386,stop,4596,3.941900
quill-120b,Coreline,2198,355,333,stop,2475,4.239083
quill-120b,Steadfast,2831,235,215,stop,4451,4.652330
quill-120b,NimbusServe,2137,355,322,stop,5402,3.737368
quill-120b,Coreline,2535,406,373,stop,2836,4.745364
quill-120b,NimbusServe,2720,337,309,stop,5601,4.814691
quill-120b,NimbusServe,2420,369,339,stop,4825,4.228299
quill-120b,Steadfast,2923,298,281,stop,3232,4.479614
quill-120b,Fastori,1822,188,172,stop,1285,3.095486
quill-120b,Fastori,3334,297,275,stop,1605,5.194665
quill-120b,Fastori,1690,245,228,stop,1172,2.862484
quill-120b,Coreline,2132,316,292,stop,2598,3.521451
quill-120b,Coreline,2423,384,354,stop,2810,4.445523
quill-120b,Steadfast,2047,340,315,stop,4257,3.671776
quill-120b,Fastori,2059,240,218,stop,1408,3.262920
quill-120b,Coreline,1977,293,275,stop,2311,3.799040
quill-120b,NimbusServe,1956,347,326,stop,4843,3.744856
quill-120b,Coreline,2343,173,160,stop,2639,3.427692
quill-120b,Steadfast,2648,398,376,stop,4911,4.440421
quill-120b,NimbusServe,2945,321,299,stop,6888,5.218532
quill-120b,NimbusServe,2371,300,280,stop,6778,4.133400
quill-120b,Steadfast,1653,462,420,stop,3571,3.392616
quill-120b,Steadfast,2381,458,427,stop,4246,4.997937
quill-120b,Steadfast,2768,365,346,stop,4105,4.797446
quill-120b,Fastori,2274,403,376,stop,1415,4.608228
quill-120b,NimbusServe,3150,329,306,stop,7015,5.649304
quill-120b,Coreline,2281,222,209,stop,3070,4.105523
quill-120b,Coreline,2424,301,282,stop,2536,4.191492
quill-120b,Fastori,2339,320,296,stop,1496,3.976203
quill-120b,Coreline,3294,334,310,stop,2207,5.884308
quill-120b,Fastori,2570,344,322,stop,1577,4.911175
quill-120b,Coreline,1651,219,205,stop,2710,2.646409
quill-120b,Coreline,3464,275,257,stop,1920,5.885233
quill-120b,Steadfast,2241,225,207,stop,3532,3.399006
quill-120b,NimbusServe,1634,432,405,stop,5392,3.681036
quill-120b,Steadfast,3277,361,335,stop,4531,5.021976
quill-120b,Fastori,1756,256,237,stop,1089,3.085567
quill-120b,NimbusServe,3109,316,286,stop,6134,4.722783
quill-120b,NimbusServe,3001,321,300,stop,107320,5.194834
quill-120b,NimbusServe,2170,292,273,stop,6999,3.452012
quill-120b,Steadfast,2281,379,356,stop,2994,4.332887
quill-120b,NimbusServe,2423,240,226,stop,88158,3.823998
quill-120b,Steadfast,2351,269,246,stop,4740,3.691568
quill-120b,Fastori,1811,217,202,stop,1444,2.928888
quill-120b,Fastori,2661,321,296,stop,1720,4.633070
quill-120b,Coreline,1410,382,354,stop,2830,3.015640
quill-120b,Coreline,3137,300,282,stop,2024,5.338076
quill-120b,Steadfast,2820,172,165,stop,4932,4.787632
quill-120b,NimbusServe,1572,241,223,stop,7217,2.674803
quill-120b,Steadfast,2117,315,293,stop,4362,3.613073
quill-120b,Steadfast,2763,288,266,stop,4147,4.798610
quill-120b,Steadfast,2569,433,401,stop,3976,4.411991
quill-120b,Fastori,1333,297,283,stop,1444,2.732850
quill-120b,Steadfast,2796,284,262,stop,3280,4.946836
quill-120b,Fastori,2048,281,263,stop,1549,3.269789
quill-120b,Fastori,1797,275,259,stop,1472,3.137916
quill-120b,Steadfast,1698,292,269,stop,4888,3.031630
quill-120b,NimbusServe,2945,295,279,stop,5963,5.210000
quill-120b,Coreline,2652,249,229,stop,16182,4.005106
quill-120b,Steadfast,2039,310,290,stop,2789,3.675386
quill-120b,Coreline,2954,312,284,stop,3130,4.677039
quill-120b,Steadfast,2875,238,217,stop,4442,4.805245
quill-120b,Fastori,1922,200,187,stop,1727,3.047475
quill-120b,NimbusServe,2506,210,193,stop,62365,4.447983
quill-120b,NimbusServe,1747,341,319,stop,7854,3.195647
quill-120b,Fastori,2282,266,247,stop,1345,3.844137
quill-120b,Fastori,1605,169,154,stop,1223,2.931687
quill-120b,Fastori,2785,311,289,stop,1390,4.616692
quill-120b,NimbusServe,2153,214,201,stop,4956,3.671070
quill-120b,NimbusServe,3070,259,244,stop,5642,5.451632
quill-120b,Coreline,2692,331,310,stop,2863,4.528279
quill-120b,NimbusServe,2493,331,302,stop,6531,4.726034
quill-120b,NimbusServe,2784,321,298,stop,5358,4.587055
quill-120b,Fastori,2580,331,309,stop,1477,4.290114
quill-120b,NimbusServe,2967,376,351,stop,91638,4.896602
quill-120b,Fastori,2082,414,379,stop,1320,3.789738
quill-120b,NimbusServe,2258,245,228,stop,6621,3.701821
quill-120b,Fastori,2371,443,404,stop,987,4.346955
quill-120b,Coreline,1229,330,308,stop,3358,2.357912
quill-120b,Fastori,2570,485,446,stop,1282,4.998401
quill-120b,Fastori,2104,220,201,stop,1628,3.407449
quill-120b,Steadfast,2252,448,413,stop,5527,4.315171
quill-120b,Fastori,1887,216,201,stop,1414,3.021082
quill-120b,Fastori,2237,306,283,stop,1688,3.783088
quill-120b,NimbusServe,2334,342,317,stop,5867,4.129771
quill-120b,NimbusServe,2271,394,361,stop,6181,4.268608
quill-120b,Fastori,2638,278,255,stop,1407,4.104040
quill-120b,NimbusServe,2758,326,306,stop,5763,4.539907
quill-120b,Fastori,2481,389,367,stop,1058,4.819475
quill-120b,NimbusServe,2607,406,384,stop,118563,4.718156
quill-120b,NimbusServe,2497,460,432,stop,5704,4.960649
quill-120b,Fastori,2243,354,334,stop,1592,4.185709
quill-120b,NimbusServe,3240,266,248,stop,5636,5.317327
quill-120b,Steadfast,2876,304,279,stop,4905,4.384683
quill-120b,Fastori,1981,419,388,stop,1804,3.775487
quill-120b,NimbusServe,1970,342,318,stop,79732,3.415604
quill-120b,Fastori,2458,289,273,stop,1450,4.185308
quill-120b,Coreline,2262,355,337,stop,1710,4.018560
quill-120b,Fastori,1862,231,210,stop,1419,3.510902
quill-120b,Steadfast,2813,307,285,stop,3673,5.145902
quill-120b,Coreline,1880,288,270,stop,2470,3.320694
quill-120b,NimbusServe,3329,240,228,stop,6758,5.085810
quill-120b,Fastori,2410,353,329,stop,1534,4.499435
quill-120b,Coreline,1988,311,285,stop,2534,3.447580
quill-120b,NimbusServe,2594,319,303,stop,5138,4.218451
quill-120b,Steadfast,2119,336,309,stop,4780,3.891615
quill-120b,Fastori,3227,239,219,stop,1439,5.591445
quill-120b,NimbusServe,2669,220,203,stop,5430,4.374379
quill-120b,Steadfast,1323,294,276,stop,3297,2.701412
quill-120b,Coreline,1690,268,248,stop,2454,2.927592
quill-120b,Fastori,2545,241,226,stop,1305,4.570496
quill-120b,Coreline,2900,416,385,stop,2737,5.125793
quill-120b,Coreline,2538,423,387,stop,1866,4.552324
quill-120b,Coreline,2572,234,217,stop,3125,4.289952
quill-120b,Coreline,1489,397,365,stop,1954,2.891955
quill-120b,Steadfast,2368,241,228,stop,4815,4.208621
quill-120b,NimbusServe,2709,390,372,stop,5778,5.112172
quill-120b,Coreline,2616,345,318,stop,1994,4.760032
quill-120b,Steadfast,3380,327,301,stop,3890,5.195641
quill-120b,Fastori,2170,244,221,stop,1303,3.775261
quill-120b,NimbusServe,2490,324,301,stop,6925,4.225190
quill-120b,Steadfast,1741,325,300,stop,4204,3.216992
quill-120b,Coreline,2235,322,303,stop,2544,3.698218
quill-120b,NimbusServe,2608,214,199,stop,5292,3.885761
quill-120b,Coreline,2355,294,271,stop,2168,3.742806
quill-120b,Steadfast,2329,342,322,stop,3642,4.230194
quill-120b,Coreline,1676,352,329,stop,2463,3.140615
quill-120b,Fastori,2087,363,335,stop,1212,3.739880
quill-120b,NimbusServe,2529,440,419,stop,4611,4.554219
quill-120b,Steadfast,2912,218,206,stop,3487,4.269756
quill-120b,Steadfast,2500,342,322,stop,3844,4.829264
quill-120b,NimbusServe,2718,518,486,stop,7035,5.450346
quill-120b,Coreline,1811,399,375,stop,2629,3.968991
quill-120b,Fastori,3184,322,307,stop,1198,5.032853
quill-120b,Fastori,2666,327,303,stop,1343,4.305435
quill-120b,Fastori,1984,342,318,stop,1731,3.563110
quill-120b,NimbusServe,2463,401,371,stop,4698,4.406372
quill-120b,Coreline,1912,369,345,stop,2156,3.623378
quill-120b,NimbusServe,1503,308,290,stop,74379,2.707493
quill-120b,NimbusServe,1780,274,253,stop,5397,3.025992
quill-120b,NimbusServe,2792,280,260,stop,5091,4.503090
quill-120b,NimbusServe,2871,466,437,stop,6069,5.291297
quill-120b,Fastori,1776,376,349,stop,1203,3.201664
quill-120b,NimbusServe,1461,261,242,stop,5058,2.585340
quill-120b,Steadfast,2712,307,285,stop,3999,4.502710
quill-120b,Coreline,2311,346,323,stop,2319,3.769763
quill-120b,Steadfast,2663,279,261,stop,4342,4.478234
quill-120b,Steadfast,2338,353,326,stop,4752,3.932939
quill-120b,Fastori,1341,200,188,stop,1350,2.513520
quill-120b,Steadfast,2245,462,428,stop,4917,4.361410
quill-120b,Steadfast,2368,379,348,stop,4117,4.126271
quill-120b,NimbusServe,1658,233,216,stop,68483,3.051852
quill-120b,Fastori,2433,343,318,stop,1568,4.497518
quill-120b,NimbusServe,2993,226,208,stop,100352,4.557072
quill-120b,NimbusServe,2218,265,244,stop,4692,3.562230
quill-120b,Steadfast,3156,345,317,stop,4013,5.040524
quill-120b,Steadfast,1685,251,235,stop,3897,3.332642
quill-120b,Steadfast,1905,295,273,stop,3734,3.506874
quill-120b,Fastori,2134,388,363,stop,1945,4.155991
quill-120b,Fastori,2133,302,278,stop,1252,3.935801
quill-120b,Steadfast,2176,222,204,stop,3047,3.967222
quill-120b,Fastori,2710,375,351,stop,1649,4.417399
quill-120b,NimbusServe,2648,317,287,stop,109864,4.453340
quill-120b,Steadfast,2648,319,291,stop,2777,4.142459
quill-120b,Steadfast,2967,416,396,stop,4090,5.648980
quill-120b,NimbusServe,2449,220,206,stop,4806,4.362737
quill-120b,Fastori,1790,402,378,stop,1381,3.916250
quill-120b,Fastori,3000,348,326,stop,1400,5.259558
quill-120b,NimbusServe,2661,382,356,stop,5979,4.607814
quill-120b,Fastori,2501,265,243,stop,964,4.320571
quill-120b,Coreline,1633,309,283,stop,2741,3.198292
quill-120b,Steadfast,3091,273,255,stop,3712,4.811821
quill-120b,Fastori,2665,320,296,stop,1574,4.261250
quill-120b,Steadfast,2334,249,229,stop,2872,3.855503
quill-120b,Coreline,3077,288,269,stop,2445,5.485853
quill-120b,Coreline,2865,301,280,stop,2067,5.033870
quill-120b,NimbusServe,1190,410,381,stop,6840,2.742940
quill-120b,Steadfast,1886,358,337,stop,4206,3.677090
quill-120b,Fastori,1861,300,282,stop,1679,3.539159
quill-120b,Fastori,2417,432,405,length,1588,4.714475
quill-120b,NimbusServe,3235,347,318,stop,5381,5.923089
quill-120b,Fastori,1898,398,358,stop,964,3.406432
quill-120b,Steadfast,1829,366,341,stop,3675,3.892078
quill-120b,Coreline,2476,350,325,stop,3035,4.035077
quill-120b,NimbusServe,2138,314,296,stop,59232,3.863625
quill-120b,Fastori,2367,299,273,stop,1140,4.290169
quill-120b,NimbusServe,2182,229,212,stop,7419,3.390059
quill-120b,NimbusServe,2541,370,351,stop,5323,4.421471
quill-120b,NimbusServe,2997,228,213,stop,5137,4.343715
quill-120b,NimbusServe,2672,272,256,stop,6953,4.300757
quill-120b,Coreline,2793,282,267,stop,2138,4.974249
quill-120b,Coreline,2701,353,334,stop,2503,4.291831
quill-120b,Coreline,2725,234,215,stop,2235,4.467965
quill-120b,Fastori,2451,348,323,stop,1317,4.117053
quill-120b,Steadfast,2307,375,359,stop,2953,4.145622
quill-120b,Coreline,2463,351,329,stop,2092,4.008819
quill-120b,NimbusServe,2066,379,352,stop,7254,4.033058
quill-120b,Fastori,2326,361,332,stop,1517,4.135846
quill-120b,NimbusServe,3239,270,251,stop,6461,5.168556
quill-120b,NimbusServe,1864,389,366,stop,5269,3.777911
quill-120b,Fastori,2279,346,317,stop,1458,4.424401
quill-120b,Steadfast,2208,324,307,stop,3798,3.959225
quill-120b,Fastori,2173,421,392,stop,1558,4.300206
quill-120b,Fastori,2475,290,270,stop,6688,4.467339
quill-120b,Steadfast,2639,446,412,stop,4813,4.570354
quill-120b,Coreline,2582,147,136,stop,2822,3.948768
quill-120b,Steadfast,2912,364,340,stop,3162,5.233500
quill-120b,NimbusServe,2290,252,236,stop,6953,3.810778
quill-120b,Coreline,2095,405,374,stop,1651,4.103888
quill-120b,Fastori,1979,285,267,stop,1603,3.336919
quill-120b,Fastori,3259,281,266,stop,1122,4.990059
quill-120b,Coreline,2430,323,301,stop,2896,4.106480
quill-120b,NimbusServe,2502,296,273,stop,6893,4.141121
quill-120b,Coreline,1891,405,374,stop,2672,3.835171
quill-120b,Steadfast,1794,193,178,stop,4053,3.295167
quill-120b,Fastori,2845,342,323,stop,1249,4.494084
quill-120b,Fastori,2833,280,260,stop,1463,4.559669
quill-120b,Steadfast,2337,205,192,stop,3407,3.920239
quill-120b,Steadfast,1951,321,303,stop,4163,3.830619
quill-120b,Coreline,1796,303,285,stop,1990,3.614891
quill-120b,Steadfast,1991,339,308,stop,4301,4.026680
quill-120b,NimbusServe,2462,376,343,stop,112290,4.044695
quill-120b,Coreline,1429,209,192,stop,2762,2.747314
quill-120b,Coreline,2416,361,332,stop,3291,4.167239
quill-120b,NimbusServe,2415,366,336,stop,6035,4.687831
quill-120b,Coreline,1916,359,332,stop,2384,3.788805
quill-120b,NimbusServe,2922,233,221,stop,6045,5.137099
quill-120b,Coreline,3217,357,334,stop,2528,5.803778
quill-120b,Fastori,1931,342,312,stop,903,3.756016
quill-120b,NimbusServe,1599,268,247,stop,5280,3.167864
quill-120b,Coreline,2584,352,328,stop,2645,4.785635
quill-120b,NimbusServe,2789,337,311,stop,6295,4.757288
quill-120b,Coreline,2050,352,323,stop,2672,4.155905
quill-120b,Fastori,2150,261,238,stop,1440,3.606917
quill-120b,Steadfast,1649,377,359,stop,3656,3.248452
quill-120b,Steadfast,2208,320,303,stop,3686,3.677120
quill-120b,Steadfast,1957,221,210,stop,4761,3.445798
quill-120b,Fastori,2686,341,312,stop,1158,4.411382
quill-120b,Steadfast,1962,306,287,stop,3450,3.310727
quill-120b,Coreline,1340,163,152,stop,3067,2.453697
quill-120b,Fastori,2009,370,347,stop,1124,3.489250
quill-120b,Steadfast,1629,310,287,stop,3846,3.212641
quill-120b,Steadfast,2958,304,282,stop,3864,4.997966
quill-120b,Fastori,2381,281,264,stop,1413,4.427442
quill-120b,Coreline,1160,250,231,stop,1872,2.226501
quill-120b,Steadfast,2943,302,278,stop,4125,4.941003
quill-120b,NimbusServe,2430,333,309,stop,63997,4.090763
quill-120b,Fastori,1843,378,353,stop,1506,3.870608
quill-120b,NimbusServe,2599,392,360,stop,6187,5.027674
quill-120b,Fastori,2437,267,246,stop,1502,4.306640
quill-120b,NimbusServe,3286,445,415,stop,76837,5.351934
quill-120b,NimbusServe,3105,429,408,stop,7097,5.943964
quill-120b,Steadfast,2400,366,345,stop,5056,4.783607
quill-120b,Steadfast,2987,378,351,stop,4031,5.707741
quill-120b,Steadfast,2224,410,389,stop,3242,4.052936
quill-120b,NimbusServe,1953,201,185,stop,5178,3.308747
quill-120b,Fastori,2754,219,201,stop,1783,4.736681
quill-120b,Fastori,1969,261,241,stop,1168,3.790662
quill-120b,NimbusServe,3439,423,389,stop,6808,6.291092
quill-120b,NimbusServe,3075,374,348,stop,6638,4.812052
quill-120b,Steadfast,2456,299,285,stop,3881,4.246937
quill-120b,Coreline,2662,362,336,stop,2402,5.134063
quill-120b,Coreline,2194,275,256,stop,2817,4.158913
quill-120b,NimbusServe,2260,475,438,stop,7538,4.376809
quill-120b,Steadfast,3195,366,345,stop,5123,6.002847
quill-120b,Fastori,1401,385,365,stop,1385,2.903573
quill-120b,Steadfast,2122,367,342,stop,4686,3.657898
quill-120b,Steadfast,2942,354,329,stop,4444,5.422481
quill-120b,NimbusServe,2359,429,400,stop,5818,4.717418
quill-120b,Fastori,1808,303,283,stop,1439,3.455287
quill-120b,Steadfast,2016,312,300,stop,3829,3.354762
quill-120b,Fastori,1973,241,225,stop,1220,3.178597
quill-120b,Coreline,2490,348,325,stop,3014,4.506270
quill-120b,Steadfast,2160,327,309,stop,3467,3.665986
quill-120b,Steadfast,2324,373,345,stop,4504,4.492008
quill-120b,Fastori,1773,218,199,stop,1595,3.354741
quill-120b,Fastori,3276,388,359,stop,1187,5.634685
quill-120b,Steadfast,3358,279,261,stop,4742,5.542683
quill-120b,Coreline,2356,432,402,stop,2409,4.512625
quill-120b,Steadfast,1542,387,362,stop,4073,2.987712
quill-120b,Coreline,3098,242,227,stop,2311,5.128765
quill-120b,Coreline,2199,416,388,stop,3203,4.115240
quill-120b,Coreline,2062,370,338,stop,2122,3.738769
quill-120b,Fastori,2292,268,249,stop,1467,3.885454
quill-120b,Steadfast,2316,343,317,stop,4198,4.377523
quill-120b,Steadfast,2212,409,384,stop,3515,4.525195
quill-120b,Steadfast,2402,260,239,stop,3012,3.726803
quill-120b,NimbusServe,2266,323,301,stop,5707,3.681834
quill-120b,Steadfast,2705,324,301,stop,4083,4.298566
quill-120b,Steadfast,2515,268,251,stop,4622,4.493672
quill-120b,Coreline,2702,326,298,stop,2518,4.967017
quill-120b,Steadfast,2786,379,359,stop,4377,5.265576
quill-120b,NimbusServe,3061,310,290,stop,5334,4.841212
quill-120b,Steadfast,2922,396,367,stop,26020,5.449618
quill-120b,NimbusServe,2804,286,268,stop,90720,4.244207
quill-120b,Coreline,1478,331,311,stop,2318,2.918869
quill-120b,NimbusServe,1846,257,238,stop,4868,3.552789
quill-120b,NimbusServe,2474,355,334,stop,6494,4.860516
quill-120b,Coreline,2294,379,343,stop,2247,4.158083
quill-120b,Steadfast,2952,254,238,stop,3252,5.266899
quill-120b,Fastori,2823,226,210,stop,1185,4.156993
quill-120b,Steadfast,1442,278,258,stop,3938,2.919518
quill-120b,Coreline,2571,314,297,stop,2166,4.860279
quill-120b,Fastori,1847,375,350,stop,1302,3.328920
quill-120b,NimbusServe,1573,311,287,stop,6035,3.135442
quill-120b,Steadfast,2222,262,248,stop,3371,4.094815
quill-120b,Steadfast,1818,359,330,stop,26536,3.500217
quill-120b,Fastori,2483,354,329,stop,1678,4.769184
quill-120b,Fastori,2364,373,347,stop,1340,4.429231
quill-120b,Fastori,2438,421,383,stop,1344,4.787333
quill-120b,Steadfast,2303,225,211,stop,3272,3.604767
quill-120b,NimbusServe,2977,393,368,stop,97231,5.356488
quill-120b,Fastori,2605,280,264,stop,1399,4.732891
quill-120b,Steadfast,1836,398,363,stop,3980,3.400938
quill-120b,Fastori,2537,310,294,stop,1528,3.969539
quill-120b,Steadfast,2882,260,245,length,4658,4.536822
quill-120b,Steadfast,2219,291,273,stop,3797,4.239234
quill-120b,Coreline,2335,416,390,stop,2687,4.438640
quill-120b,NimbusServe,2021,296,276,stop,100224,3.845610
quill-120b,Coreline,3343,225,208,stop,2477,5.067265
quill-120b,Fastori,3279,306,280,stop,1746,5.430392
quill-120b,Fastori,2596,371,345,stop,1346,4.843387
quill-120b,Steadfast,2464,288,264,stop,4063,4.156838
quill-120b,Fastori,2030,434,400,stop,1551,3.784378
quill-120b,Fastori,2810,429,388,stop,1158,5.341566
quill-120b,Fastori,1516,358,335,stop,1110,3.172219
quill-120b,Steadfast,2074,433,405,stop,4006,4.427114
quill-120b,Steadfast,2480,372,342,stop,3544,4.674099
quill-120b,Fastori,2166,442,414,stop,1381,4.276326
quill-120b,Fastori,2259,325,304,stop,1613,3.722245
quill-120b,Fastori,2202,293,278,stop,1110,4.264063
quill-120b,Coreline,2372,338,309,stop,2667,4.233986
quill-120b,Coreline,2110,277,259,stop,2516,3.604177
quill-120b,NimbusServe,2500,215,202,stop,5662,4.250312
quill-120b,Fastori,1621,372,345,stop,1284,3.544570
quill-120b,Fastori,2549,294,274,stop,9148,4.465877
quill-120b,NimbusServe,2957,300,281,stop,5610,4.555906
quill-120b,Fastori,3032,402,376,stop,1729,5.660009
quill-120b,Steadfast,1033,259,238,stop,4101,1.960310
quill-120b,Coreline,2351,317,294,stop,2529,4.027347
quill-120b,Fastori,2409,273,249,stop,1128,3.911106
quill-120b,Steadfast,2838,268,250,stop,4442,4.526846
quill-120b,Steadfast,2462,381,357,stop,3883,4.044831
quill-120b,Coreline,2811,307,285,stop,2803,4.826068
quill-120b,NimbusServe,2090,405,376,stop,6441,3.863907
quill-120b,Coreline,2523,362,336,stop,2609,4.793821
quill-120b,NimbusServe,2932,238,221,stop,6050,5.115767
quill-120b,Steadfast,2372,295,272,stop,3850,4.089975
quill-120b,Fastori,2190,253,237,stop,1450,3.623845
quill-120b,Fastori,3618,318,290,stop,1355,6.374008
quill-120b,Fastori,1856,320,300,stop,1442,3.147775
quill-120b,Steadfast,2210,311,285,stop,3522,4.007783
quill-120b,Fastori,3074,334,315,stop,1393,5.199213
quill-120b,Fastori,2212,387,361,stop,992,4.291449
quill-120b,Steadfast,2215,417,379,stop,4016,3.966728
quill-120b,Fastori,1761,312,286,stop,1137,3.201783
quill-120b,Fastori,2032,351,321,stop,1661,3.903358
quill-120b,NimbusServe,1884,276,258,stop,5282,3.306032
quill-120b,Steadfast,2170,225,208,stop,3869,3.737360
quill-120b,NimbusServe,3045,357,333,stop,4177,4.990139
quill-120b,NimbusServe,2355,276,254,stop,5872,3.820986
quill-120b,Coreline,2256,409,379,stop,2189,4.667400
quill-120b,Coreline,2690,282,258,stop,2123,4.165998
quill-120b,Coreline,2484,373,349,stop,2539,4.477314
quill-120b,NimbusServe,2573,227,214,stop,6499,4.330661
quill-120b,Fastori,2314,376,341,stop,1840,4.216759
quill-120b,Fastori,1819,251,234,stop,1405,3.286286
quill-120b,Coreline,2265,388,358,stop,2492,4.274170
quill-120b,Fastori,2201,352,335,stop,1289,4.055678
quill-120b,Fastori,2189,304,285,stop,1066,3.902726
quill-120b,Steadfast,1474,411,390,stop,4182,3.278594
quill-120b,Coreline,1574,334,309,stop,2774,2.839372
quill-120b,Coreline,2230,358,332,stop,3082,4.276025
quill-120b,Coreline,2922,427,397,stop,2247,5.661948
quill-120b,Steadfast,2762,305,278,stop,3661,5.149018
quill-120b,Fastori,3373,325,303,stop,7781,5.589459
quill-120b,Fastori,2620,344,322,stop,1578,4.710491
quill-120b,Fastori,2472,270,251,stop,1372,4.060569
quill-120b,Fastori,3588,376,347,stop,1384,6.034676
quill-120b,Coreline,2284,264,245,stop,2476,3.710390
quill-120b,NimbusServe,2543,269,250,stop,82554,4.006790
quill-120b,Coreline,1864,355,324,stop,2692,3.823028
quill-120b,Steadfast,3227,414,395,stop,2737,6.173300
quill-120b,Coreline,3103,315,288,stop,2683,4.807014
quill-120b,Fastori,2336,329,304,stop,1394,4.044904
quill-120b,Coreline,2246,365,340,stop,2472,4.014359
quill-120b,Coreline,2524,269,251,stop,3136,4.405762
quill-120b,Coreline,2301,347,322,stop,3085,4.450046
quill-120b,NimbusServe,1721,390,365,stop,7052,3.255470
quill-120b,NimbusServe,2348,364,340,stop,5997,4.651617
quill-120b,Coreline,2963,295,275,stop,2492,4.767393
quill-120b,NimbusServe,2055,273,249,stop,5706,3.575722
quill-120b,Coreline,2298,422,386,stop,3510,4.296652
quill-120b,Fastori,2281,265,242,stop,1258,3.823775
quill-120b,Steadfast,2497,237,220,stop,4331,4.456869
quill-120b,Coreline,2743,370,339,stop,2766,5.300150
quill-120b,Fastori,1889,362,344,stop,1557,3.382915
quill-120b,Coreline,2446,247,230,stop,2596,4.217502
quill-120b,Steadfast,2289,301,274,stop,4624,3.656310
quill-120b,Steadfast,2963,316,297,stop,3539,5.179897
quill-120b,NimbusServe,1442,318,294,stop,5518,2.984353
quill-120b,Fastori,1704,293,276,stop,1301,3.229619
quill-120b,Steadfast,2247,477,448,stop,3563,4.879795
quill-120b,Steadfast,2251,436,405,stop,4395,3.992537
quill-120b,NimbusServe,1971,271,245,stop,5537,3.639221
quill-120b,NimbusServe,2522,302,276,stop,5421,4.217036
quill-120b,Fastori,2790,381,361,stop,1056,5.305101
quill-120b,Steadfast,2737,153,144,stop,3553,4.638149
quill-120b,Coreline,2292,253,239,stop,2772,3.531540
quill-120b,NimbusServe,2352,260,243,stop,52113,4.003642
quill-120b,NimbusServe,1595,267,250,stop,5473,2.688164
quill-120b,NimbusServe,1747,283,256,stop,6021,3.459742
quill-120b,Steadfast,1839,278,263,stop,3169,3.353373
quill-120b,Steadfast,3317,349,318,stop,19327,5.800230
quill-120b,Coreline,2433,458,420,stop,2482,4.875983
quill-120b,Coreline,2880,402,372,stop,2314,5.266936
quill-120b,Fastori,1160,264,246,stop,1385,2.347195
quill-120b,NimbusServe,2220,422,394,stop,5530,4.106296
quill-120b,NimbusServe,2673,345,314,stop,6958,4.809564
quill-120b,Steadfast,2226,400,378,stop,5435,3.955628
quill-120b,Coreline,2703,429,406,stop,2444,4.904168
quill-120b,Fastori,1537,364,341,stop,1521,2.912606
quill-120b,Coreline,2662,312,289,stop,2261,4.202850
quill-120b,Fastori,2373,285,263,stop,1051,3.889497
quill-120b,Coreline,2766,311,291,stop,2624,4.318583
quill-120b,NimbusServe,2585,345,325,stop,7020,4.741635
quill-120b,NimbusServe,2105,381,350,stop,6771,4.250584
quill-120b,Fastori,2225,315,290,stop,1499,3.977741
quill-120b,Coreline,2166,247,236,stop,2442,3.989979
quill-120b,Steadfast,3009,438,410,stop,3900,5.598940
quill-120b,Coreline,2386,314,290,stop,2182,3.770445
quill-120b,NimbusServe,2470,378,348,stop,6118,4.508073
quill-120b,Coreline,2138,365,342,stop,1893,4.112104
quill-120b,Coreline,1941,303,284,stop,2087,3.658171
quill-120b,Coreline,1692,286,269,stop,2416,2.862179
quill-120b,Coreline,2471,442,406,stop,2157,4.185530
quill-120b,Coreline,2902,259,243,stop,2680,4.300876
quill-120b,Coreline,2933,446,407,stop,2560,5.067290
quill-120b,Coreline,2996,367,339,stop,1916,5.290867
quill-120b,Coreline,2614,376,349,stop,2104,4.766616
quill-120b,NimbusServe,2592,287,262,stop,96154,4.671272
quill-120b,NimbusServe,2097,153,144,stop,6482,3.607996
quill-120b,Coreline,2180,246,229,stop,2151,3.379179
quill-120b,Coreline,1830,341,313,stop,1751,3.255521
quill-120b,Coreline,2526,319,296,stop,2108,4.162480
quill-120b,Fastori,2058,356,335,stop,1069,4.021557
quill-120b,Coreline,2155,317,289,stop,3142,3.772666
quill-120b,Fastori,2510,337,312,stop,1409,4.476869
quill-120b,Coreline,1488,348,324,stop,1844,2.940219
quill-120b,Coreline,2322,248,227,stop,2273,3.841537
quill-120b,NimbusServe,3028,427,400,stop,102052,5.030618
quill-120b,Coreline,1814,268,244,stop,2013,3.229664
quill-120b,Coreline,2394,262,245,stop,2733,4.353737
quill-120b,NimbusServe,2775,244,227,stop,5817,4.277914
quill-120b,Fastori,1145,244,224,stop,1108,2.094345
quill-120b,Fastori,2024,350,330,stop,1862,3.965601
quill-120b,Coreline,2851,219,206,stop,2338,4.766222
quill-120b,Coreline,1970,401,365,stop,3147,3.822876
quill-120b,NimbusServe,1866,409,386,stop,7983,3.996112
quill-120b,NimbusServe,2683,241,226,stop,4851,4.117929
quill-120b,Steadfast,2745,354,330,stop,4860,4.808287
quill-120b,Coreline,3268,420,396,stop,2478,5.263541
quill-120b,Fastori,1464,287,260,stop,1534,2.590810
quill-120b,NimbusServe,1840,234,219,stop,6730,3.079038
quill-120b,Coreline,2007,254,237,stop,1743,3.758275
quill-120b,Coreline,2927,208,192,stop,2507,4.756822
quill-120b,NimbusServe,3198,191,172,stop,3792,5.234538
quill-120b,Coreline,2168,312,290,stop,2928,3.716197
quill-120b,Steadfast,1654,219,204,stop,4603,2.631480
quill-120b,Fastori,2924,290,270,stop,1298,5.192473
quill-120b,Coreline,2602,343,325,stop,2483,4.218857
quill-120b,Steadfast,3241,222,205,stop,3800,5.359308
quill-120b,Steadfast,2231,313,285,stop,3636,4.027001
quill-120b,Fastori,2099,204,192,stop,1130,3.455437
quill-120b,NimbusServe,1752,372,351,stop,5932,3.470369
quill-120b,Steadfast,2094,365,347,stop,4109,4.234496
quill-120b,Steadfast,2636,347,326,stop,4800,5.084374
quill-120b,Coreline,2298,188,177,stop,3458,3.799062
quill-120b,Steadfast,1687,400,374,stop,4076,3.133190
quill-120b,NimbusServe,1612,328,298,stop,47710,3.004907
quill-120b,Steadfast,1709,269,250,stop,3603,2.843285
quill-120b,Steadfast,2190,359,332,stop,4220,3.753629
quill-120b,NimbusServe,2112,349,323,stop,4927,4.278129
quill-120b,Steadfast,1964,408,377,stop,3406,3.555917
quill-120b,NimbusServe,2641,355,331,stop,6973,4.858192
quill-120b,Fastori,2053,296,278,stop,1393,3.570528
quill-120b,Steadfast,3380,271,247,stop,3908,5.983505
quill-120b,Steadfast,3167,403,379,stop,3443,5.975679
quill-120b,Steadfast,1892,161,150,stop,4652,3.366755
quill-120b,Fastori,2233,167,156,stop,1576,3.290009
quill-120b,NimbusServe,2241,257,239,stop,6556,3.533175
quill-120b,Fastori,2090,357,331,stop,1661,3.717097
quill-120b,Fastori,2406,435,397,stop,1317,4.334708
quill-120b,NimbusServe,1511,261,241,stop,5424,3.072792
quill-120b,Coreline,2662,368,339,stop,1765,4.715457
quill-120b,Coreline,1849,467,430,stop,2198,3.526958
quill-120b,Steadfast,2208,307,286,stop,3325,4.051902
quill-120b,Coreline,2159,306,280,stop,2208,4.029770
quill-120b,Fastori,3165,262,244,stop,1417,4.786852
quill-120b,NimbusServe,2339,384,359,stop,4900,4.631284
quill-120b,Coreline,1525,281,259,stop,2230,2.624833
quill-120b,Steadfast,3385,345,316,stop,4019,5.581589
quill-120b,Steadfast,2528,422,393,stop,4661,4.640481
quill-120b,Fastori,2886,279,261,stop,1084,4.930609
quill-120b,NimbusServe,2153,260,243,stop,5977,3.595651
quill-120b,Fastori,3450,277,258,stop,1298,5.562763
quill-120b,NimbusServe,3374,348,330,stop,6987,5.899637
quill-120b,NimbusServe,1987,373,339,stop,5832,3.838269
quill-120b,Fastori,2614,174,162,stop,1587,4.448125
quill-120b,Steadfast,2767,412,378,stop,4177,5.083016
quill-120b,Coreline,3303,321,302,stop,2719,5.892626
quill-120b,Fastori,2056,442,415,stop,1275,3.750752
quill-120b,Coreline,1991,299,286,stop,2189,3.812377
quill-120b,Steadfast,1920,222,207,stop,5126,3.541934
quill-120b,Steadfast,2955,343,316,stop,3396,5.392091
quill-120b,NimbusServe,2203,322,301,stop,5852,3.969048
quill-120b,Coreline,3270,364,338,stop,2161,5.884758
quill-120b,Fastori,2572,459,428,stop,1287,5.077861
quill-120b,NimbusServe,2340,298,277,stop,4747,4.417919
quill-120b,NimbusServe,2647,263,240,stop,6784,4.270183
quill-120b,Fastori,3040,266,249,stop,1373,4.927618
quill-120b,NimbusServe,2202,331,314,stop,5552,4.321060
quill-120b,Fastori,2931,294,273,stop,1464,4.675401
quill-120b,Fastori,2422,284,264,stop,1129,4.180099
quill-120b,Coreline,2650,285,268,stop,2893,4.222673
quill-120b,Coreline,2539,251,230,stop,2698,4.354529
quill-120b,Coreline,3236,312,286,stop,2625,5.398008
quill-120b,NimbusServe,1840,376,346,stop,7647,3.411132
quill-120b,NimbusServe,2044,401,377,stop,6107,4.182313
quill-120b,Coreline,2318,384,352,stop,2839,4.011781
quill-120b,Fastori,1820,284,263,stop,1488,3.291314
quill-120b,Fastori,2332,360,333,stop,1650,4.511139
quill-120b,Coreline,2842,383,354,stop,2856,4.728471
quill-120b,Coreline,2880,264,241,stop,2088,4.819789
quill-120b,Fastori,2165,322,300,stop,1264,3.710675
quill-120b,Steadfast,2346,183,165,stop,3491,3.501169
quill-120b,Coreline,2471,356,334,stop,2193,4.258037
quill-120b,Coreline,2303,297,282,stop,1609,4.028547
quill-120b,NimbusServe,2279,239,216,stop,6238,4.064829
quill-120b,Steadfast,2423,413,385,stop,3774,4.267735
quill-120b,Fastori,2703,221,207,stop,1374,3.979935
quill-120b,Coreline,2476,288,267,stop,2155,3.831766
quill-120b,Steadfast,2845,208,196,stop,3232,4.702961
quill-120b,Fastori,2028,296,279,stop,1376,3.442726
quill-120b,NimbusServe,2934,332,310,stop,6168,4.522575
quill-120b,Fastori,3022,250,230,stop,1619,4.611783
quill-120b,NimbusServe,2296,350,327,stop,5636,3.800004
quill-120b,Fastori,2437,184,167,stop,1258,4.182763
quill-120b,Coreline,2251,394,361,stop,3300,4.447576
quill-120b,Fastori,2764,388,362,stop,1096,5.065206
quill-120b,Coreline,2403,358,335,stop,2925,4.534091
quill-120b,NimbusServe,2015,323,305,stop,5778,3.687832
quill-120b,Coreline,2823,369,339,stop,2577,4.943327
quill-120b,Coreline,2987,363,340,stop,2756,4.750777
quill-120b,NimbusServe,1756,365,339,stop,4830,3.162705
quill-120b,Steadfast,1372,278,264,stop,4411,2.768471
quill-120b,Steadfast,2397,314,294,stop,3047,4.358849
quill-120b,Steadfast,2704,262,242,stop,3933,4.241524
quill-120b,NimbusServe,2926,365,343,stop,5782,5.378744
quill-120b,Steadfast,2933,410,378,stop,4322,5.197650
quill-120b,NimbusServe,2041,203,190,stop,6207,3.287799
quill-120b,Fastori,2583,415,389,stop,1591,5.052843
quill-120b,NimbusServe,2441,303,275,stop,6356,4.044371
quill-120b,Steadfast,2622,343,323,stop,3114,4.386156
quill-120b,Coreline,1860,223,209,stop,3001,3.046373
quill-120b,Coreline,1882,331,304,stop,2659,3.851567
quill-120b,NimbusServe,2617,241,226,stop,5636,4.323408
quill-120b,Fastori,2012,232,214,stop,1455,3.656710
quill-120b,Coreline,2678,304,279,stop,2868,4.185201
quill-120b,Steadfast,2128,447,419,stop,3713,4.386788
quill-120b,Coreline,1945,317,289,stop,2488,3.520904
quill-120b,Fastori,2248,326,304,stop,1640,4.278116
quill-120b,NimbusServe,2121,376,352,stop,5433,4.336707
quill-120b,Steadfast,2006,335,313,stop,4165,3.975762
quill-120b,Steadfast,2799,274,256,stop,3700,4.238292
quill-120b,Coreline,1496,335,304,stop,2736,2.959656
quill-120b,Fastori,2585,258,244,stop,1455,4.248252
quill-120b,Fastori,1237,315,297,stop,1402,2.762074
quill-120b,Coreline,2672,257,239,stop,3064,4.111234
quill-120b,NimbusServe,2569,282,262,stop,67061,4.694233
quill-120b,NimbusServe,2012,345,311,stop,6568,3.934792
quill-120b,Fastori,2332,257,239,stop,1467,3.904578
quill-120b,Steadfast,1988,352,324,stop,3332,3.917365
quill-120b,NimbusServe,1670,303,280,stop,6390,3.120058
quill-120b,Steadfast,1732,308,284,stop,3910,3.220466
quill-120b,NimbusServe,3133,339,310,stop,60650,5.723652
quill-120b,Fastori,2133,364,334,stop,1418,4.126521
quill-120b,Fastori,2751,312,293,stop,1598,5.018065
quill-120b,NimbusServe,3055,268,252,stop,5322,5.020659
quill-120b,NimbusServe,2588,391,363,stop,65577,4.273041
quill-120b,Steadfast,2555,355,332,stop,3946,4.919286
quill-120b,Coreline,3302,363,338,stop,2091,5.697932
quill-120b,Coreline,2264,279,258,stop,3041,3.703160
quill-120b,NimbusServe,2543,318,293,stop,5609,4.773834
quill-120b,NimbusServe,2050,331,310,stop,7054,3.865151
quill-120b,Steadfast,3602,284,265,stop,4931,5.954025
quill-120b,Steadfast,1832,319,296,stop,4113,3.449480
quill-120b,Fastori,2847,203,189,stop,1678,4.831756
quill-120b,NimbusServe,1933,244,223,stop,89291,3.587636
quill-120b,Steadfast,2236,263,243,stop,4583,3.890758
quill-120b,NimbusServe,2102,369,348,stop,6219,3.858087
quill-120b,Steadfast,1973,264,244,stop,3967,3.344009
quill-120b,Steadfast,2909,441,399,stop,4380,4.838987
quill-120b,Fastori,2368,317,300,stop,1509,3.897061
quill-120b,NimbusServe,2925,338,307,stop,6766,4.929569
quill-120b,Fastori,2571,280,259,stop,1346,4.670076
quill-120b,Fastori,1982,363,339,stop,1517,3.788704
quill-120b,Fastori,2046,412,384,stop,945,4.299468
quill-120b,NimbusServe,1678,285,266,stop,4764,2.906626
quill-120b,Coreline,2643,352,331,stop,2791,4.650706
quill-120b,Coreline,1354,317,293,stop,3127,2.528875
quill-120b,NimbusServe,2434,330,306,length,6120,4.134096
quill-120b,Fastori,2412,318,303,stop,1425,4.369067
quill-120b,Coreline,2471,277,257,stop,14974,4.235373
quill-120b,Steadfast,2299,392,372,stop,3812,4.414664
quill-120b,Fastori,2053,327,311,stop,988,3.646332
quill-120b,Steadfast,2543,298,278,stop,3196,4.445261
quill-120b,Steadfast,2445,385,359,stop,3590,4.364477
quill-120b,Fastori,2986,368,340,stop,1408,5.261430
quill-120b,NimbusServe,1506,369,343,stop,5585,3.079729
quill-120b,Coreline,2110,391,369,stop,2434,3.961441
quill-120b,Steadfast,2521,353,322,stop,4550,4.615814
quill-120b,Fastori,1508,313,292,stop,1617,2.662798
quill-120b,Fastori,1669,365,341,stop,1529,3.296870
quill-120b,Steadfast,1831,359,335,stop,3415,3.596730
quill-120b,Fastori,2503,301,283,stop,1772,4.324349
quill-120b,Steadfast,1585,301,285,stop,5139,3.086776
quill-120b,Fastori,2462,288,267,stop,1326,4.446463
quill-120b,Fastori,2257,427,396,stop,1338,4.290691
quill-120b,Fastori,2826,340,312,stop,1191,4.546329
quill-120b,Fastori,2872,368,336,stop,1300,5.192669
quill-120b,Coreline,1303,361,338,stop,2261,2.589866
quill-120b,Coreline,2259,255,244,stop,2859,3.942220
quill-120b,Coreline,2429,394,376,stop,2449,4.888858
quill-120b,Steadfast,3193,311,285,stop,3732,5.819632
quill-120b,NimbusServe,1677,408,372,stop,4511,3.265067
quill-120b,NimbusServe,1613,279,261,stop,4863,2.722316
quill-120b,Fastori,2995,278,258,stop,1008,4.929400
quill-120b,Steadfast,2530,336,307,stop,4313,4.745624
quill-120b,Coreline,2176,397,371,stop,2840,4.451623
quill-120b,Fastori,1853,342,322,stop,1260,3.745007
quill-120b,Coreline,3446,397,364,stop,2488,6.191656
quill-120b,Steadfast,2686,391,360,stop,3492,5.182732
quill-120b,Fastori,1318,298,280,stop,1139,2.707019
quill-120b,Coreline,2670,276,250,stop,2910,4.583020
quill-120b,NimbusServe,1769,360,339,stop,5915,3.354157
quill-120b,NimbusServe,1973,310,286,stop,7991,3.733608
quill-120b,NimbusServe,2415,154,146,stop,5358,3.732452
quill-120b,NimbusServe,2897,347,329,stop,6509,5.289939
quill-120b,NimbusServe,1196,332,312,stop,61049,2.730301
quill-120b,Coreline,1768,369,339,stop,3425,3.328574
quill-120b,Fastori,2691,230,216,stop,1374,4.350312
quill-120b,NimbusServe,1705,370,340,stop,5168,3.626856
quill-120b,NimbusServe,3077,309,286,stop,7911,5.309500
quill-120b,NimbusServe,1980,389,359,stop,7452,3.541323
quill-120b,NimbusServe,2687,283,263,stop,5137,4.639303
quill-120b,Fastori,2749,362,331,stop,1730,4.405434
quill-120b,Fastori,2451,244,229,stop,1209,4.354337
quill-120b,Steadfast,2931,373,344,stop,3808,5.169400
quill-120b,Coreline,1889,266,244,stop,2871,3.538389
quill-120b,Steadfast,2691,208,192,stop,4844,4.079065
quill-120b,Coreline,2232,273,256,stop,2187,4.099600
quill-120b,Coreline,2600,241,223,stop,2773,4.008129
quill-120b,NimbusServe,3353,258,240,stop,5195,5.033726
quill-120b,Steadfast,1507,273,252,stop,4908,3.024104
quill-120b,Steadfast,3026,323,296,stop,3654,5.045411
quill-120b,Steadfast,1693,290,277,stop,4101,3.101738
quill-120b,NimbusServe,2639,409,381,stop,90079,4.867043
quill-120b,Steadfast,2491,429,396,stop,4673,4.427368
quill-120b,Fastori,2670,351,330,stop,9135,5.126934
quill-120b,Fastori,1973,302,281,length,1115,3.784181
quill-120b,Coreline,2030,401,371,stop,2805,3.979274
quill-120b,Fastori,2094,354,331,stop,1460,4.279168
quill-120b,Fastori,3172,320,303,stop,1679,4.844655
quill-120b,Coreline,2286,217,205,stop,2710,3.654274
quill-120b,Steadfast,1954,280,265,stop,3572,3.483378
quill-120b,Steadfast,2293,381,351,stop,4595,4.142264
quill-120b,NimbusServe,3229,341,312,stop,112729,5.955950
quill-120b,Coreline,2168,266,244,stop,2328,3.611037
quill-120b,Coreline,2168,382,352,stop,2301,3.829882
quill-120b,Steadfast,3418,449,419,stop,3480,5.503271
quill-120b,Fastori,2088,332,304,stop,1421,3.478973
quill-120b,Steadfast,2803,259,239,stop,4350,4.866144
quill-120b,NimbusServe,2310,292,275,stop,7128,4.304917
quill-120b,Coreline,2367,298,278,stop,3239,4.421671
quill-120b,NimbusServe,1935,407,376,stop,64137,3.892192
quill-120b,Steadfast,2492,319,301,stop,3709,3.993262
quill-120b,NimbusServe,1816,381,359,stop,7260,3.903375
quill-120b,Fastori,1678,326,303,stop,1490,3.148794
quill-120b,NimbusServe,2854,271,253,stop,5958,4.441248
quill-120b,Fastori,1933,357,332,stop,1224,3.313983
quill-120b,Coreline,2048,300,282,stop,2855,3.974481
quill-120b,NimbusServe,3244,289,269,stop,7159,5.692555
quill-120b,NimbusServe,2815,367,346,stop,6716,4.700757
quill-120b,Fastori,2871,282,264,stop,1409,4.830651
quill-120b,Fastori,2728,314,295,stop,1290,4.232456
quill-120b,NimbusServe,2074,285,269,stop,4904,3.785074
quill-120b,Coreline,1493,330,306,stop,2604,2.903567
quill-120b,NimbusServe,3300,314,291,stop,5363,5.290260
quill-120b,Fastori,3528,206,186,stop,1378,5.913228
quill-120b,NimbusServe,1927,276,259,stop,71895,3.673093
quill-120b,Fastori,2511,349,331,stop,1871,4.258987
quill-120b,Coreline,1896,315,285,stop,2065,3.703165
quill-120b,Steadfast,1770,175,165,stop,4004,2.662083
quill-120b,NimbusServe,1885,275,257,stop,5336,3.236691
quill-120b,Fastori,3139,385,354,stop,1276,5.776806
quill-120b,Steadfast,2911,169,158,stop,4277,4.402273
quill-120b,NimbusServe,2723,409,381,stop,6703,5.336508
quill-120b,Fastori,2694,363,338,stop,1021,4.538180
quill-120b,NimbusServe,2418,400,374,stop,4027,4.408816
quill-120b,NimbusServe,2638,335,313,stop,85314,4.532005
quill-120b,Steadfast,2009,167,154,stop,3306,3.074458
quill-120b,Steadfast,2553,299,279,stop,3785,4.082423
quill-120b,Fastori,2137,351,338,stop,6192,3.996057
quill-120b,Steadfast,1977,227,214,stop,3867,3.186153
quill-120b,Coreline,2049,295,270,stop,2276,3.452166
quill-120b,Coreline,2875,327,302,stop,2591,5.119360
quill-120b,Fastori,1587,331,307,stop,1563,3.283540
quill-120b,NimbusServe,1937,383,355,stop,106439,4.023796
quill-120b,Fastori,3367,347,325,stop,1583,5.722184
quill-120b,NimbusServe,2157,447,423,stop,6386,3.828503
quill-120b,Steadfast,1864,384,357,stop,4010,3.789790
quill-120b,NimbusServe,1901,256,239,stop,7446,3.275833
quill-120b,Steadfast,2357,457,418,stop,4449,4.719928
quill-120b,NimbusServe,3314,328,307,stop,6593,5.874338
quill-120b,Fastori,2071,300,281,stop,1287,3.835022
quill-120b,Fastori,1872,454,428,stop,1358,4.054900
quill-120b,Steadfast,2299,362,345,stop,4500,4.129976
quill-120b,Fastori,2020,404,364,stop,9750,3.601806
quill-120b,NimbusServe,2772,333,310,stop,109008,4.577502
quill-120b,NimbusServe,1810,435,401,stop,4142,3.395092
quill-120b,Fastori,2808,310,288,stop,1295,4.627380
quill-120b,Steadfast,2600,331,310,stop,4189,4.585390
quill-120b,Coreline,3173,277,260,stop,2021,5.148912
quill-120b,NimbusServe,2410,230,209,stop,6332,3.771789
quill-120b,NimbusServe,3400,404,374,stop,5482,5.559953
quill-120b,Steadfast,1226,296,276,stop,3202,2.382406
quill-120b,NimbusServe,2492,332,313,stop,7091,4.574955
quill-120b,Steadfast,2862,300,275,stop,4957,4.469516
quill-120b,Steadfast,2657,350,320,stop,3605,5.032400
quill-120b,NimbusServe,2664,330,306,stop,6323,4.364806
quill-120b,Coreline,2395,362,335,stop,2132,4.031004
quill-120b,Fastori,3165,427,399,stop,1270,5.230499
quill-120b,Fastori,2817,372,350,stop,1516,5.029914
quill-120b,Steadfast,3158,175,165,stop,4632,5.034792
quill-120b,Steadfast,2375,391,369,stop,4684,4.335149
quill-120b,Fastori,3017,344,312,stop,1610,4.679367
quill-120b,Steadfast,2474,296,274,stop,3995,4.169955
quill-120b,NimbusServe,2330,262,243,stop,4488,3.976366
quill-120b,Steadfast,1968,284,265,stop,3353,3.661735
quill-120b,Steadfast,1338,305,280,stop,3941,2.823974
quill-120b,NimbusServe,2655,362,336,stop,5657,4.248184
quill-120b,Fastori,3419,315,293,stop,1135,5.473675
quill-120b,Coreline,2539,464,433,stop,3148,4.997295
quill-120b,Coreline,3298,277,258,stop,2336,5.626346
quill-120b,Steadfast,2259,390,358,stop,3284,4.354588
quill-120b,Fastori,2637,262,241,stop,1458,4.040003
quill-120b,Steadfast,2240,305,285,stop,4128,3.942830
quill-120b,Fastori,1866,367,341,stop,1151,3.368084
quill-120b,NimbusServe,2833,304,280,stop,61916,4.438529
quill-120b,Fastori,1862,368,344,stop,1758,3.925714
quill-120b,Fastori,2352,312,289,stop,1624,3.887954
quill-120b,Steadfast,2220,237,219,stop,3507,3.613566
quill-120b,Coreline,3208,381,347,stop,2819,5.334712
quill-120b,Steadfast,3393,237,221,stop,3882,5.060571
quill-120b,Coreline,1410,313,286,stop,2605,3.030515
quill-120b,Fastori,2245,215,203,stop,1673,4.091222
quill-120b,Coreline,2077,287,272,stop,2729,3.866495
quill-120b,Coreline,2162,327,301,stop,2868,3.918813
quill-120b,Steadfast,2077,206,191,stop,4809,3.768691
quill-120b,NimbusServe,3106,287,263,stop,5291,5.147390
quill-120b,Steadfast,2943,281,264,stop,4373,4.500146
quill-120b,Fastori,2583,380,347,stop,1107,4.195828
quill-120b,Coreline,2174,461,432,stop,3031,4.651387
quill-120b,NimbusServe,2420,360,331,stop,6447,4.011843
quill-120b,Fastori,3111,359,338,stop,1514,5.037612
quill-120b,NimbusServe,2779,310,291,stop,6951,4.756275
quill-120b,Coreline,2514,441,401,stop,3180,4.642439
quill-120b,NimbusServe,3598,302,286,stop,5464,5.385145
quill-120b,Steadfast,2269,353,336,stop,4642,3.732138
quill-120b,NimbusServe,2915,281,262,stop,6341,5.074464
quill-120b,Fastori,1550,211,194,stop,1677,2.698602
quill-120b,Coreline,2181,364,333,stop,2704,3.849276
quill-120b,Fastori,2505,297,276,stop,1484,4.669326
quill-120b,Coreline,1894,332,310,stop,2790,3.755293
quill-120b,Coreline,2783,314,291,stop,3052,5.009812
quill-120b,Coreline,1231,335,304,stop,2803,2.638277
quill-120b,Coreline,2077,485,454,stop,3025,4.156069
quill-120b,NimbusServe,2176,341,323,stop,62964,4.304862
quill-120b,Coreline,1875,195,184,stop,2243,3.180587
quill-120b,Coreline,1984,387,356,stop,1504,3.672850
quill-120b,Coreline,2036,425,396,stop,1966,4.172156
quill-120b,NimbusServe,2340,393,365,stop,5986,4.480570
quill-120b,Steadfast,1018,326,297,stop,4174,2.436574
quill-120b,NimbusServe,2480,250,230,stop,74859,4.287930
quill-120b,Fastori,1917,378,352,stop,1280,3.965465
quill-120b,Fastori,2095,292,272,stop,1810,3.836172
quill-120b,Coreline,2387,307,281,stop,2957,4.326817
quill-120b,Fastori,2746,311,290,stop,1893,5.119970
quill-120b,Fastori,2450,295,275,stop,1923,4.521855
quill-120b,Coreline,1962,431,408,stop,2504,4.101140
quill-120b,Fastori,2458,319,295,stop,1196,4.518056
quill-120b,Steadfast,2021,294,274,stop,12909,3.432919
quill-120b,NimbusServe,3009,197,183,stop,5717,4.914611
quill-120b,NimbusServe,2308,234,213,stop,6200,3.896393
quill-120b,Fastori,2560,376,356,stop,1502,5.040482
quill-120b,NimbusServe,2042,292,274,stop,5810,3.704453
quill-120b,NimbusServe,2458,379,353,stop,5130,4.845632
quill-120b,Steadfast,1073,290,270,stop,3136,2.307838
quill-120b,Coreline,2023,282,260,stop,2753,3.341947
quill-120b,Fastori,2130,294,277,stop,1272,4.020032
quill-120b,Steadfast,3105,238,221,stop,4222,4.940215
quill-120b,Fastori,3300,427,392,stop,1756,6.056858
quill-120b,NimbusServe,2316,299,275,stop,7321,3.874988
quill-120b,Coreline,3034,280,255,stop,2342,4.946419
quill-120b,NimbusServe,2756,393,366,stop,61150,4.909168
quill-120b,Coreline,2314,321,299,stop,2148,4.372423
quill-120b,Coreline,1943,340,317,stop,2327,3.429292
quill-120b,Fastori,2555,368,337,stop,1084,4.882146
quill-120b,NimbusServe,3090,293,275,stop,7312,5.421474
quill-120b,Fastori,3372,255,239,stop,1390,4.881298
quill-120b,Steadfast,3020,292,272,stop,3345,4.597692
quill-120b,Steadfast,2410,338,311,stop,3654,4.357997
quill-120b,Coreline,2173,366,342,stop,2378,3.764364
quill-120b,Fastori,1769,284,265,stop,1220,3.398874
quill-120b,Fastori,1443,461,438,stop,971,3.094091
quill-120b,NimbusServe,2784,257,242,stop,5650,4.672560
quill-120b,Steadfast,1743,332,299,stop,4567,3.252561
quill-120b,NimbusServe,2598,296,269,stop,114856,4.193192
quill-120b,Coreline,1477,380,349,stop,2076,3.304112
quill-120b,Steadfast,2094,361,341,stop,3511,3.838560
quill-120b,Steadfast,3033,345,323,stop,4292,4.675695
quill-120b,Steadfast,1370,272,255,stop,4263,2.527102
quill-120b,Coreline,2202,251,234,stop,2905,3.443391
quill-120b,Steadfast,1904,198,184,stop,4330,3.441827
quill-120b,Fastori,3020,301,281,stop,1106,5.399664
quill-120b,NimbusServe,2884,257,239,stop,6243,4.905174
quill-120b,NimbusServe,2483,375,354,stop,5259,4.707724
quill-120b,NimbusServe,2433,309,285,stop,6022,4.635517
quill-120b,Coreline,2874,359,331,stop,3071,4.548649
quill-120b,Steadfast,2136,278,259,stop,4488,4.105462
quill-120b,Steadfast,2541,370,336,stop,4071,4.915806
quill-120b,Steadfast,2508,343,318,stop,3353,4.462116
quill-120b,Coreline,1726,293,274,stop,2374,3.073415
quill-120b,Steadfast,2094,297,277,stop,3933,3.390835
quill-120b,NimbusServe,2194,392,369,stop,4903,4.132594
quill-120b,Coreline,2404,393,367,stop,2824,4.672737
quill-120b,Coreline,2122,229,213,stop,2318,3.875656
quill-120b,Steadfast,1802,373,340,stop,3187,3.798371
quill-120b,Fastori,1790,337,316,stop,1677,3.660268
quill-120b,Steadfast,1680,231,216,stop,3599,3.138297
quill-120b,Fastori,2646,269,251,stop,1399,4.673692
quill-120b,Coreline,2449,264,241,stop,2409,4.398591
quill-120b,Steadfast,2911,358,333,stop,4099,4.618621
quill-120b,Coreline,2146,284,262,stop,2818,3.644306
quill-120b,Steadfast,1712,179,168,stop,3256,2.691092
quill-120b,Fastori,2500,229,214,stop,1825,3.956108
quill-120b,NimbusServe,2097,304,282,stop,6440,3.584034
quill-120b,Steadfast,2794,399,378,stop,5122,5.261564
quill-120b,Coreline,2492,281,261,stop,2457,4.167257
quill-120b,Steadfast,1792,265,253,stop,4391,3.341622
quill-120b,Steadfast,2657,306,287,stop,4630,4.260138
quill-120b,Coreline,2795,454,421,stop,2338,4.988245
quill-120b,Steadfast,1569,339,312,stop,4731,3.045007
quill-120b,Fastori,1292,314,291,stop,1171,2.650024
quill-120b,Coreline,2021,306,282,stop,1993,3.912390
quill-120b,NimbusServe,2024,358,323,stop,5969,3.938714
quill-120b,Fastori,2568,267,246,stop,1849,4.692413
quill-120b,Coreline,1927,336,309,stop,1879,3.588136
quill-120b,NimbusServe,2455,478,450,stop,5762,5.122381
quill-120b,NimbusServe,2808,259,241,stop,6753,4.953917
quill-120b,Fastori,2240,408,384,stop,1423,3.827523
quill-120b,NimbusServe,2655,283,264,stop,4958,4.319782
quill-120b,NimbusServe,2247,211,197,stop,52058,3.862026
quill-120b,NimbusServe,2706,449,410,stop,6437,5.320157
quill-120b,Steadfast,2491,327,303,stop,4066,4.584084
quill-120b,Steadfast,3290,268,251,stop,4729,5.073652
quill-120b,Fastori,3005,337,317,stop,1116,4.907551
quill-120b,Coreline,2054,238,219,stop,2181,3.393679
quill-120b,Coreline,2834,268,248,stop,2565,4.614562
quill-120b,Steadfast,1924,287,271,stop,3783,3.196772
quill-120b,NimbusServe,2423,314,296,stop,6430,3.967293
quill-120b,Coreline,1865,334,309,stop,2566,3.360874
quill-120b,Fastori,2379,312,287,stop,1699,4.201883
quill-120b,Steadfast,2738,301,275,stop,4277,4.193749
quill-120b,NimbusServe,2181,270,257,stop,7415,3.862921
quill-120b,Fastori,2685,337,313,stop,1651,4.574257
quill-120b,NimbusServe,2001,371,343,stop,6084,3.538138
quill-120b,Steadfast,2685,226,208,stop,3132,4.334892
quill-120b,Coreline,3093,353,327,stop,2655,5.148335
quill-120b,Steadfast,2993,255,238,stop,4077,5.310804
quill-120b,NimbusServe,2882,315,296,stop,5734,5.306492
quill-120b,NimbusServe,2002,410,380,stop,5968,4.292158
quill-120b,Coreline,2849,321,297,stop,2889,5.296343
quill-120b,Fastori,2373,306,286,stop,1447,4.290303
quill-120b,Steadfast,2686,271,251,stop,3608,4.532528
quill-120b,Steadfast,2286,294,277,stop,3089,4.367149
quill-120b,Coreline,2557,414,385,stop,2692,4.642399
quill-120b,NimbusServe,2120,304,286,stop,7688,3.617706
quill-120b,NimbusServe,2207,448,412,stop,7018,4.086537
quill-120b,Fastori,1468,260,244,stop,1484,3.005317
quill-120b,Coreline,3420,196,184,stop,2707,5.681572
quill-120b,Fastori,1874,306,283,stop,1265,3.693103
quill-120b,NimbusServe,2984,282,261,stop,4982,5.334054
quill-120b,Fastori,2913,283,262,stop,1665,4.529769
quill-120b,Fastori,2007,286,262,stop,1431,3.857338
quill-120b,NimbusServe,2575,226,209,stop,5861,4.547402
quill-120b,Steadfast,2763,434,397,stop,4193,4.895725
quill-120b,NimbusServe,1964,261,249,stop,6339,3.660242
quill-120b,NimbusServe,2015,337,309,stop,52828,3.771462
quill-120b,NimbusServe,2464,376,353,stop,6943,4.664402
quill-120b,Fastori,2279,243,223,stop,1251,4.086235
quill-120b,Steadfast,3155,391,357,stop,3828,5.046289
quill-120b,Coreline,3077,186,173,stop,1716,4.736723
quill-120b,NimbusServe,2093,350,322,stop,5984,4.238890
quill-120b,NimbusServe,2702,333,316,stop,4978,5.101649
quill-120b,NimbusServe,3299,325,293,stop,6933,5.498068
quill-120b,Steadfast,3116,278,255,stop,4197,5.040773
quill-120b,NimbusServe,2607,370,337,stop,75696,4.250795
quill-120b,Steadfast,2874,299,278,stop,4101,4.722579
quill-120b,Steadfast,2425,308,283,stop,3365,4.394285
quill-120b,NimbusServe,1833,278,263,stop,6822,3.526188
quill-120b,Coreline,2254,372,342,stop,3134,3.908035
quill-120b,Fastori,3566,324,300,stop,1380,6.252495
quill-120b,NimbusServe,2702,348,328,stop,6755,5.048979
quill-120b,Steadfast,2331,334,311,stop,4199,4.229917
quill-120b,Fastori,1829,410,376,stop,1495,3.734133
quill-120b,Fastori,2184,335,318,stop,1591,4.323223
quill-120b,Steadfast,2560,303,276,stop,3708,4.682504
quill-120b,Fastori,2423,244,225,stop,1830,3.904778
quill-120b,Coreline,2754,292,269,stop,2656,4.756965
quill-120b,Coreline,1861,368,340,stop,3047,3.450865
quill-120b,Steadfast,2902,311,292,stop,4742,4.683695
quill-120b,Coreline,2728,248,236,stop,2354,4.918747
quill-120b,Fastori,2233,361,332,stop,1691,4.446031
quill-120b,Coreline,1865,371,342,stop,2789,3.793426
quill-120b,Steadfast,2432,349,326,stop,3968,3.984792
quill-120b,NimbusServe,1734,250,235,stop,5633,3.376240
quill-120b,NimbusServe,2832,264,244,stop,5050,5.010754
quill-120b,Coreline,2652,236,217,stop,2532,4.472040
quill-120b,Steadfast,3020,400,369,stop,4412,5.640617
quill-120b,Fastori,2078,372,354,stop,1552,3.603250
quill-120b,Fastori,2836,353,327,stop,1508,5.292213
quill-120b,NimbusServe,2291,222,207,stop,6085,3.831191
quill-120b,Coreline,2531,284,263,stop,2754,4.110174
quill-120b,NimbusServe,3277,343,319,stop,5698,5.919683
quill-120b,Steadfast,1577,298,276,stop,4387,3.234994
quill-120b,Fastori,2529,309,291,stop,1714,4.084821
quill-120b,Fastori,3509,255,234,stop,1365,5.737070
quill-120b,NimbusServe,2647,260,240,stop,5157,4.198692
quill-120b,Fastori,2615,298,277,stop,1600,4.333282
quill-120b,NimbusServe,1701,228,213,stop,7296,2.945115
quill-120b,Steadfast,2201,441,403,stop,3507,4.624955
quill-120b,Steadfast,2623,397,367,stop,4861,4.559811
quill-120b,Coreline,2333,424,392,stop,2854,4.455844
quill-120b,Coreline,1877,388,364,stop,2825,3.788538
quill-120b,Fastori,1569,373,357,stop,1616,3.013723
quill-120b,NimbusServe,2993,303,280,stop,98076,5.060284
quill-120b,Fastori,1769,284,262,stop,1460,3.337063
quill-120b,Steadfast,1556,317,299,stop,4232,2.745194
quill-120b,Coreline,2541,353,334,stop,3191,4.122101
quill-120b,Steadfast,2295,327,308,stop,2929,3.783877
quill-120b,Coreline,2078,408,391,stop,2395,3.752662
quill-120b,Steadfast,2762,394,371,stop,4429,4.617028
quill-120b,Steadfast,2238,333,302,stop,3394,4.038963
quill-120b,NimbusServe,2321,207,195,stop,6056,3.935850
quill-120b,Coreline,2773,278,255,stop,2825,4.624947
quill-120b,NimbusServe,2010,303,284,stop,85435,3.647154
quill-120b,Fastori,2100,344,322,stop,1409,3.603630
quill-120b,Steadfast,2395,206,192,stop,4150,3.869987
quill-120b,NimbusServe,1520,219,201,stop,5536,2.695256
quill-120b,NimbusServe,2809,345,326,stop,95330,4.984299
quill-120b,Steadfast,2581,354,332,stop,3623,4.864227
quill-120b,Steadfast,2743,313,288,stop,3776,5.080205
quill-120b,Coreline,2342,400,368,stop,1908,4.340396
quill-120b,Steadfast,2557,234,218,stop,5010,4.438137
quill-120b,Steadfast,2448,290,264,stop,3347,4.525444
quill-120b,Fastori,2599,349,330,stop,1136,4.863282
quill-120b,Fastori,2099,349,335,stop,1465,4.241559
quill-120b,Fastori,2829,357,338,stop,1317,5.392017
quill-120b,Steadfast,2142,271,247,stop,3603,3.915853
quill-120b,Coreline,1721,325,295,stop,2655,3.030727
quill-120b,Coreline,1946,284,260,stop,12551,3.352877
quill-120b,NimbusServe,3021,341,315,stop,4821,5.240744
quill-120b,Steadfast,2681,226,209,stop,4610,4.607604
quill-120b,Coreline,2524,315,297,stop,2614,4.675990
quill-120b,Steadfast,2745,356,333,stop,5071,4.821341
quill-120b,Fastori,2154,242,225,stop,1391,3.756079
quill-120b,NimbusServe,3438,403,380,stop,5324,6.082361
quill-120b,Fastori,2092,337,312,stop,1390,3.812843
quill-120b,NimbusServe,2782,311,288,stop,6705,5.162611
quill-120b,Steadfast,1672,283,259,stop,3691,2.925896
quill-120b,Steadfast,2832,237,220,stop,16929,4.463440
quill-120b,Coreline,1344,233,212,stop,2574,2.741466
quill-120b,NimbusServe,1988,362,337,stop,6550,4.042681
quill-120b,Steadfast,2564,284,266,stop,4501,4.693310
quill-120b,Steadfast,2183,423,393,stop,4277,4.197355
quill-120b,Fastori,2503,267,249,stop,1240,4.318432
quill-120b,Steadfast,2239,334,307,stop,17322,4.163612
quill-120b,NimbusServe,1719,219,199,stop,81080,2.937014
quill-120b,NimbusServe,2269,304,277,length,5947,4.266397
quill-120b,NimbusServe,1777,337,308,stop,70195,3.215759
quill-120b,Steadfast,2573,346,325,stop,4211,4.318567
quill-120b,Coreline,2862,295,279,stop,2236,5.177071
quill-120b,Steadfast,2827,333,306,stop,3631,5.149710
quill-120b,Coreline,2852,358,336,stop,2211,4.919323
quill-120b,NimbusServe,2537,360,334,stop,5077,4.087871
quill-120b,Fastori,2337,251,233,stop,1206,3.933171
quill-120b,Steadfast,2137,327,304,stop,3664,3.854720
quill-120b,NimbusServe,1870,461,421,stop,7013,3.510478
quill-120b,Steadfast,2294,350,327,stop,22158,4.257399
quill-120b,Fastori,2099,307,281,stop,1438,3.932914
quill-120b,Steadfast,2678,298,276,stop,3964,4.348198
quill-120b,Fastori,2202,312,281,stop,1238,3.655897
quill-120b,Fastori,1987,294,272,stop,1508,3.643288
quill-120b,Coreline,2649,275,260,stop,2432,4.781252
quill-120b,NimbusServe,2523,378,351,stop,5606,4.175035
quill-120b,Fastori,2165,215,200,stop,1430,3.608839
quill-120b,NimbusServe,1882,304,283,stop,4686,3.383086
quill-120b,NimbusServe,2403,328,305,stop,88620,4.529927
quill-120b,Steadfast,2415,325,300,stop,4390,4.636467
quill-120b,Steadfast,1567,200,188,stop,4079,2.538373
quill-120b,Fastori,2643,315,296,stop,1591,4.567733
quill-120b,Fastori,3882,414,395,stop,1271,6.164473
quill-120b,Coreline,2968,333,304,stop,2058,4.961280
quill-120b,Steadfast,2900,209,191,stop,4294,4.415544
quill-120b,Fastori,1416,341,315,stop,1221,2.767854
quill-120b,Coreline,1579,394,368,stop,2380,3.091544
quill-120b,Fastori,2040,326,302,stop,1355,3.438534
quill-120b,Steadfast,2226,366,347,stop,3755,3.783286
quill-120b,Steadfast,1603,264,246,stop,4253,3.245650
quill-120b,NimbusServe,2761,248,231,stop,7258,4.902328
quill-120b,Fastori,2377,232,215,stop,1467,4.260860
quill-120b,Fastori,2484,266,248,stop,1435,4.515740
quill-120b,Coreline,2121,331,305,stop,3256,3.969605
quill-120b,Coreline,2030,314,291,stop,2385,3.376182
quill-120b,Coreline,2183,300,281,stop,2893,4.109703
quill-120b,Fastori,2072,383,361,stop,1389,4.100579
quill-120b,NimbusServe,2291,224,209,stop,6476,4.176858
quill-120b,NimbusServe,1567,326,306,stop,5556,3.326914
quill-120b,Steadfast,2889,315,296,stop,3424,5.087711
quill-120b,NimbusServe,2275,333,306,stop,55081,4.129185
quill-120b,Fastori,2638,254,241,stop,10563,4.481772
quill-120b,Steadfast,2375,255,240,stop,3036,4.359753
quill-120b,Fastori,3299,221,203,stop,1246,5.557715
quill-120b,Fastori,1908,400,374,stop,1199,3.911866
quill-120b,Steadfast,2170,349,323,stop,4781,3.704084
quill-120b,Coreline,2350,327,299,stop,2105,4.021120
quill-120b,NimbusServe,2319,307,287,stop,6071,3.683190
quill-120b,Fastori,3406,271,253,stop,1108,5.265745
quill-120b,NimbusServe,1351,303,283,stop,4676,2.668439
quill-120b,Steadfast,1032,285,270,stop,3749,2.309562
quill-120b,Coreline,3087,305,281,length,3109,5.057976
quill-120b,Fastori,3205,289,272,stop,1570,5.345539
quill-120b,NimbusServe,2282,324,302,stop,5510,3.817666
quill-120b,Coreline,2594,348,320,stop,2412,4.216730
quill-120b,Steadfast,1709,314,295,stop,4048,3.387937
quill-120b,Fastori,1646,462,432,stop,1458,3.874876
quill-120b,Fastori,2460,328,306,stop,1488,4.576846
quill-120b,NimbusServe,1740,289,268,stop,4966,3.456659
quill-120b,Fastori,2559,221,205,stop,1275,4.315161
quill-120b,Fastori,1891,240,223,stop,1501,3.299921
quill-120b,Coreline,2172,353,323,stop,1661,4.166689
quill-120b,NimbusServe,2664,372,352,stop,7244,4.784858
quill-120b,NimbusServe,2983,289,271,stop,5998,5.193005
quill-120b,Fastori,2977,317,296,stop,1406,4.902127
quill-120b,Steadfast,2141,456,421,stop,3924,4.393391
quill-120b,NimbusServe,2738,342,321,stop,5793,4.914612
quill-120b,Coreline,2654,262,239,stop,2604,3.993170
quill-120b,Steadfast,2788,283,270,stop,3741,4.477705
quill-120b,Coreline,2896,155,145,stop,2269,4.294079
quill-120b,Coreline,1775,242,222,stop,2540,3.389424
quill-120b,Fastori,1984,283,262,stop,1318,3.279999
quill-120b,Steadfast,2261,337,311,stop,3705,4.093384
quill-120b,Coreline,2027,318,299,stop,3076,3.738262
quill-120b,Coreline,2832,281,260,stop,2610,4.511573
quill-120b,Coreline,2362,226,213,stop,2639,4.293302
quill-120b,Coreline,2289,266,248,stop,2382,3.837134
quill-120b,Coreline,2009,383,352,stop,2897,3.855844
quill-120b,Fastori,1878,310,280,stop,1123,3.785429
quill-120b,Coreline,2662,257,237,stop,2493,4.186453
quill-120b,Steadfast,1996,319,292,stop,4210,3.816793
quill-120b,NimbusServe,3157,392,360,stop,5678,5.784466
quill-120b,Steadfast,2322,338,313,stop,4334,4.080131
quill-120b,NimbusServe,2060,351,328,stop,7564,4.078293
quill-120b,Steadfast,3082,371,341,stop,3727,5.316677
quill-120b,Coreline,2178,290,272,stop,2891,4.005440
quill-120b,Fastori,1677,339,316,stop,1006,3.161627
quill-120b,Fastori,2258,336,315,stop,1357,4.234713
quill-120b,Steadfast,2894,431,405,stop,5106,5.150699
quill-120b,Coreline,2638,236,219,stop,2382,4.164309
quill-120b,NimbusServe,2704,339,319,stop,6017,4.404346
quill-120b,Fastori,2743,302,284,stop,1252,4.384595
quill-120b,Coreline,3109,224,206,stop,2877,5.318613
quill-120b,Steadfast,1293,351,328,stop,3787,3.000633
quill-120b,Steadfast,2036,398,368,stop,3331,3.660155
quill-120b,Fastori,2588,302,278,stop,1712,4.063457
quill-120b,Steadfast,2175,327,299,stop,3441,3.544922
quill-120b,Coreline,1978,300,275,stop,2406,3.698829
quill-120b,Coreline,2554,323,297,stop,2681,4.340112
quill-120b,NimbusServe,3174,294,274,stop,7291,5.754476
quill-120b,Fastori,2085,215,202,stop,1525,3.797922
quill-120b,Fastori,2199,426,391,stop,1361,4.552795
quill-120b,Coreline,2894,329,305,stop,2631,4.859588
quill-120b,Steadfast,1590,302,286,stop,4618,3.151847
quill-120b,Coreline,2532,402,376,stop,1903,4.484052
quill-120b,Steadfast,1897,233,222,stop,4199,3.093451
quill-120b,Steadfast,1297,300,283,stop,3100,2.552185
quill-120b,Steadfast,2498,403,370,stop,2986,4.632621
quill-120b,NimbusServe,1723,324,301,stop,5661,3.275222
quill-120b,Coreline,2109,278,254,stop,1790,3.769473
quill-120b,Steadfast,1865,351,327,stop,3942,3.844536
quill-120b,Steadfast,1532,262,244,stop,4316,3.063741
quill-120b,Coreline,2090,311,292,stop,2601,3.711619
quill-120b,Fastori,2412,336,311,stop,1039,4.087347
quill-120b,NimbusServe,2309,399,365,stop,6679,4.540843
quill-120b,Fastori,2202,352,333,stop,1739,4.055987
quill-120b,Fastori,3247,397,377,stop,1404,5.494737
quill-120b,Coreline,1964,387,365,stop,2387,4.112386
quill-120b,Fastori,1786,270,252,stop,1493,3.293791
quill-120b,Steadfast,2391,260,241,stop,3804,4.249394
quill-120b,Coreline,1456,183,170,stop,2887,2.470891
quill-120b,Steadfast,3320,364,338,stop,4052,5.646464
quill-120b,Coreline,2822,410,378,stop,2111,4.861425
quill-120b,Steadfast,2586,288,268,stop,13079,4.833412
quill-120b,NimbusServe,1851,298,278,stop,5526,3.605090
quill-120b,Steadfast,1640,441,414,stop,4490,3.625063
quill-120b,Steadfast,3264,309,287,stop,4373,5.606470
quill-120b,Coreline,2506,244,224,stop,2373,4.236209
quill-120b,Coreline,3012,406,378,stop,2611,5.504770
quill-120b,Steadfast,1893,305,282,stop,3500,3.663348
quill-120b,Fastori,2051,303,281,stop,1444,3.911776
quill-120b,Coreline,2122,208,190,stop,2685,3.808822
quill-120b,Steadfast,2894,338,313,stop,2780,4.910958
quill-120b,NimbusServe,2819,267,247,stop,5303,5.089577
quill-120b,Fastori,2669,316,294,stop,1136,5.049086
quill-120b,Coreline,3039,319,300,stop,2567,4.890166
quill-120b,NimbusServe,2452,254,237,length,4580,4.150193
quill-120b,Coreline,2143,366,334,stop,1766,4.269093
quill-120b,Steadfast,2191,367,339,stop,3257,3.762627
quill-120b,Fastori,2059,236,218,stop,1456,3.228909
quill-120b,NimbusServe,1433,315,291,stop,6132,2.895689
quill-120b,Coreline,2328,307,286,stop,2332,3.975452
quill-120b,Fastori,3129,313,288,stop,1259,5.580947
quill-120b,Fastori,2358,354,329,stop,1721,4.068231
quill-120b,Steadfast,1954,255,240,stop,4240,3.158940
quill-120b,Fastori,2630,340,319,stop,1288,5.034001
quill-120b,Coreline,3286,374,356,stop,2539,5.546041
quill-120b,Fastori,2698,447,415,stop,1491,4.521771
quill-120b,Steadfast,2555,350,324,stop,3681,4.738106
quill-120b,Steadfast,2376,316,295,stop,3659,3.987159
quill-120b,NimbusServe,1884,321,301,stop,5695,3.348421
quill-120b,Steadfast,2001,350,328,stop,4776,3.616009
quill-120b,NimbusServe,2448,361,328,stop,5544,4.670238
quill-120b,Coreline,3203,258,241,stop,2155,5.572651
quill-120b,Fastori,2158,353,330,stop,1338,4.009945
quill-120b,Steadfast,1141,386,361,stop,4569,2.697300
quill-120b,NimbusServe,2163,273,260,stop,57284,3.988230
quill-120b,Coreline,2956,370,346,stop,3001,5.349939
quill-120b,Fastori,2044,362,333,stop,1388,4.206671
quill-120b,NimbusServe,3086,447,417,stop,6328,5.272405
quill-120b,Coreline,2037,238,218,stop,2562,3.274267
quill-120b,Steadfast,2436,393,366,stop,4367,4.842191
quill-120b,NimbusServe,2675,261,242,stop,6887,4.680804
quill-120b,Fastori,2526,325,295,stop,1847,4.450071
quill-120b,Fastori,1756,224,209,stop,1741,3.036456
quill-120b,NimbusServe,3085,291,274,stop,5551,4.773087
quill-120b,Steadfast,2086,256,240,stop,3083,3.966622
quill-120b,Coreline,1497,384,356,stop,2451,2.869804
quill-120b,Coreline,3640,371,348,stop,2381,6.421747
quill-120b,NimbusServe,903,372,359,stop,4634,2.460810
quill-120b,NimbusServe,2717,367,337,stop,6563,4.413874
quill-120b,Fastori,2719,369,343,stop,1614,4.329372
quill-120b,Fastori,2650,325,304,stop,1669,4.353691
quill-120b,NimbusServe,2289,243,230,stop,5404,3.761820
quill-120b,Steadfast,2896,188,173,stop,4140,4.771240
quill-120b,NimbusServe,2300,197,181,stop,7444,4.088660
quill-120b,Fastori,2261,243,227,stop,1504,3.775269
quill-120b,Coreline,2389,320,297,stop,8589,3.921775
quill-120b,Coreline,2707,309,287,stop,2270,4.233243
quill-120b,Coreline,2610,216,197,stop,2266,4.490527
quill-120b,Fastori,2442,201,193,stop,1822,3.716768
quill-120b,Fastori,2598,309,286,stop,1650,4.778521
quill-120b,Coreline,2306,338,320,stop,3109,4.381774
quill-120b,NimbusServe,2311,326,299,stop,5012,4.448972
quill-120b,Steadfast,2061,363,343,stop,4231,3.650972
quill-120b,NimbusServe,2168,273,247,stop,7427,3.670478
quill-120b,Steadfast,2987,251,237,stop,4201,4.514318
quill-120b,Coreline,2705,301,275,stop,2525,4.136838
quill-120b,Coreline,2854,429,390,stop,3197,4.756820
quill-120b,Coreline,2697,360,327,stop,2198,5.050470
quill-120b,Steadfast,2724,290,271,stop,3110,4.904672
quill-120b,NimbusServe,2057,320,290,stop,6207,3.780323
quill-120b,NimbusServe,2768,242,222,stop,103022,4.275705
quill-120b,Fastori,1694,229,215,stop,1339,2.896038
quill-120b,Coreline,1962,300,285,stop,3260,3.479047
quill-120b,NimbusServe,2326,374,349,stop,7619,4.576612
quill-120b,Fastori,2405,249,237,stop,1432,4.014050
quill-120b,NimbusServe,2428,294,272,stop,5810,3.959979
quill-120b,Steadfast,2379,251,231,stop,3820,3.890299
quill-120b,NimbusServe,2301,416,388,stop,5558,3.954845
quill-120b,Coreline,2896,337,321,stop,2419,4.585365
quill-120b,NimbusServe,2243,367,342,stop,104865,3.794065
quill-120b,Fastori,2448,263,242,stop,1486,4.428701
quill-120b,Fastori,2315,280,259,stop,1438,3.843941
quill-120b,Steadfast,3145,310,292,stop,3705,5.419387
quill-120b,Fastori,2667,239,220,stop,1426,3.941780
quill-120b,Steadfast,2246,296,274,stop,3594,3.569799
quill-120b,NimbusServe,3249,296,279,stop,6660,5.025894
quill-120b,Steadfast,2865,352,323,stop,2927,4.492990
quill-120b,Steadfast,1662,316,291,stop,4067,3.056643
quill-120b,Coreline,1797,360,330,stop,2092,3.426850
quill-120b,Fastori,1280,340,317,stop,1241,2.672119
quill-120b,NimbusServe,2358,365,336,stop,5635,4.109287
quill-120b,Fastori,2105,472,439,stop,1450,3.954975
quill-120b,NimbusServe,2654,372,345,stop,111375,4.463675
quill-120b,NimbusServe,3002,220,207,stop,5354,4.358342
quill-120b,Coreline,2574,262,241,stop,2619,4.524112
quill-120b,NimbusServe,3392,314,289,stop,86761,5.359114
quill-120b,NimbusServe,2912,335,312,stop,5706,5.033960
quill-120b,Steadfast,2270,425,396,stop,3570,4.604867
quill-120b,Fastori,2260,291,273,stop,1183,4.048234
quill-120b,NimbusServe,2113,276,259,stop,85876,3.677642
quill-120b,Coreline,3242,242,228,stop,1564,4.930338
quill-120b,Coreline,1504,317,289,stop,1972,2.847935
quill-120b,Coreline,2608,232,214,stop,2932,4.115045
quill-120b,NimbusServe,1791,410,385,stop,7160,3.373411
quill-120b,Steadfast,2032,307,285,stop,4093,3.602449
quill-120b,Steadfast,2639,336,316,stop,4621,4.248144
quill-120b,Coreline,2360,330,303,stop,3053,3.982082
quill-120b,Coreline,2377,372,337,stop,2662,4.470746
quill-120b,Fastori,2090,354,321,stop,1458,4.185659
quill-120b,Coreline,2743,275,258,stop,3296,5.042276
quill-120b,NimbusServe,2905,328,306,stop,6979,4.915593
quill-120b,Coreline,1531,287,264,stop,2550,3.062398
quill-120b,Coreline,1911,383,350,stop,2834,3.356223
quill-120b,NimbusServe,2801,208,191,stop,6163,4.897418
quill-120b,NimbusServe,2069,287,259,stop,5592,3.620718
quill-120b,NimbusServe,2558,335,314,stop,89809,4.859724
quill-120b,Coreline,1980,339,315,stop,2120,3.916614
quill-120b,NimbusServe,2780,310,290,stop,5597,4.482508
quill-120b,Steadfast,2058,378,348,stop,3216,4.128468
quill-120b,Steadfast,2823,358,338,stop,3367,4.876449
quill-120b,Fastori,2640,360,332,stop,1498,4.202382
quill-120b,Coreline,2843,336,306,stop,2682,4.889018
quill-120b,Fastori,1422,306,284,stop,1156,2.633500
quill-120b,Steadfast,2656,314,298,stop,5088,4.930834
quill-120b,Fastori,2332,429,396,stop,1424,4.422419
quill-120b,NimbusServe,2454,342,308,stop,5687,4.016367
quill-120b,Fastori,3201,368,346,stop,1018,5.498878
quill-120b,Fastori,3022,262,246,stop,1252,4.825120
quill-120b,Steadfast,2192,393,370,stop,4586,3.801113
quill-120b,Fastori,2594,287,266,stop,1388,4.305783
quill-120b,Steadfast,2580,336,309,stop,2914,4.664908
quill-120b,Fastori,2948,309,284,stop,1303,5.232375
quill-120b,Coreline,1281,305,287,stop,2743,2.855150
quill-120b,Steadfast,2322,262,241,stop,3581,4.288225
quill-120b,Fastori,1977,370,339,stop,1292,3.668956
quill-120b,Fastori,3012,346,327,stop,1830,4.854978
quill-120b,Fastori,1647,370,346,stop,1073,3.002882
quill-120b,Steadfast,2457,351,325,stop,4188,4.114127
quill-120b,NimbusServe,1655,398,367,stop,5284,3.595602
quill-120b,NimbusServe,923,325,304,stop,112759,2.162862
quill-120b,Fastori,2312,369,347,stop,1672,3.999638
quill-120b,Coreline,2848,284,260,stop,1476,4.432891
quill-120b,Steadfast,2299,277,260,stop,4306,3.788540
quill-120b,Coreline,2161,268,246,stop,2318,3.642043
quill-120b,Coreline,2772,419,382,stop,2248,5.034296
quill-120b,Steadfast,2435,280,258,stop,3850,3.819225
quill-120b,Fastori,2407,248,234,stop,1328,4.049164
quill-120b,NimbusServe,3079,295,269,stop,5522,4.627692
quill-120b,Fastori,2756,279,253,stop,1128,4.196668
quill-120b,Fastori,2076,308,285,stop,1255,3.713481
quill-120b,Steadfast,1091,325,301,stop,4752,2.595002
quill-120b,Coreline,3503,365,345,stop,2404,6.045657
quill-120b,Coreline,2406,369,342,stop,2917,4.345796
quill-120b,NimbusServe,2614,144,135,stop,4957,4.308343
quill-120b,NimbusServe,2415,460,423,stop,73780,4.350228
quill-120b,Steadfast,2311,327,310,stop,4302,4.088889
quill-120b,NimbusServe,1300,327,305,stop,63740,2.688153
quill-120b,Steadfast,1556,359,333,stop,4303,2.868088
quill-120b,Coreline,2521,427,392,stop,2509,4.338880
quill-120b,Fastori,3614,312,287,stop,1351,6.060772
quill-120b,Steadfast,1717,336,309,stop,3485,3.444659
quill-120b,Fastori,2764,210,193,stop,1319,4.778427
quill-120b,NimbusServe,2987,381,357,stop,111584,5.174650
quill-120b,Fastori,1693,397,376,stop,10877,3.627545
quill-120b,Fastori,2752,234,217,stop,1229,4.709112
quill-120b,Fastori,2443,297,275,stop,1177,4.560997
quill-120b,Coreline,1727,420,396,stop,2581,3.462966
quill-120b,Coreline,1699,341,317,stop,2512,3.349320
quill-120b,Steadfast,2159,230,208,stop,3391,3.810359
quill-120b,Fastori,2573,279,256,stop,1628,4.381121
quill-120b,Steadfast,2977,451,410,stop,4725,4.955999
quill-120b,Steadfast,2039,376,346,stop,4484,3.831789
quill-120b,Coreline,2603,194,175,stop,2310,3.773620
quill-120b,NimbusServe,2180,312,290,stop,6354,3.587346
quill-120b,Fastori,1324,379,355,stop,1201,2.645784
quill-120b,Coreline,2708,344,320,stop,2873,4.988142
quill-120b,Coreline,2981,446,417,stop,2197,5.005145
quill-120b,Steadfast,1527,297,271,stop,3273,3.133201
quill-120b,NimbusServe,2894,390,369,stop,116889,5.292235
quill-120b,Coreline,2784,309,286,stop,13150,5.065099
quill-120b,Steadfast,2660,306,280,stop,3728,4.991596
quill-120b,Steadfast,1708,390,366,stop,3654,3.216260
quill-120b,Steadfast,3158,345,325,stop,4127,4.853525
quill-120b,NimbusServe,2246,312,291,stop,6752,4.336815
quill-120b,NimbusServe,2732,374,354,stop,5115,4.935946
quill-120b,Coreline,2599,283,263,stop,2356,4.329310
quill-120b,Fastori,2565,412,385,stop,1142,4.709247
quill-120b,NimbusServe,1675,254,239,stop,5140,3.268950
quill-120b,Fastori,2439,310,289,stop,1681,4.482885
quill-120b,Coreline,2147,217,205,stop,2448,3.308199
quill-120b,NimbusServe,2325,228,213,stop,6777,3.611204
quill-120b,Fastori,2649,265,249,stop,1134,4.030214
quill-120b,Steadfast,2042,446,412,stop,5005,4.427535
quill-120b,Steadfast,3237,348,324,stop,4938,5.179279
quill-120b,Steadfast,2627,361,333,stop,3611,4.405922
quill-120b,Coreline,2286,337,314,stop,2662,4.091384
quill-120b,Coreline,3372,321,307,stop,2201,6.011907
quill-120b,NimbusServe,1815,370,344,stop,6781,3.798299
quill-120b,Coreline,2743,347,320,stop,2922,4.760677
quill-120b,NimbusServe,2849,343,312,stop,4378,4.497926
quill-120b,Steadfast,2485,421,388,stop,4532,4.494830
quill-120b,Fastori,1995,338,312,stop,1265,3.540039
quill-120b,Steadfast,3037,395,368,stop,4216,5.482230
quill-120b,NimbusServe,2968,304,282,stop,7105,4.897304
quill-120b,Coreline,2057,356,336,stop,3073,3.714633
quill-120b,Coreline,2557,285,263,stop,2522,4.586471
quill-120b,Steadfast,1619,283,260,stop,4533,3.230367
quill-120b,NimbusServe,1714,302,286,stop,4992,3.322094
quill-120b,NimbusServe,3347,441,404,stop,5556,6.430174
quill-120b,NimbusServe,2658,320,299,stop,6470,4.467949
quill-120b,Steadfast,3099,386,368,stop,2854,5.206264
quill-120b,Steadfast,2433,342,320,stop,4121,4.719820
quill-120b,Steadfast,1664,258,242,stop,3854,3.287272
quill-120b,Steadfast,2350,292,264,stop,3935,3.960051
quill-120b,NimbusServe,1583,223,208,stop,101284,2.975113
quill-120b,NimbusServe,2387,394,366,stop,7411,4.405935
quill-120b,Steadfast,2204,339,312,stop,4215,3.943238
quill-120b,NimbusServe,3384,224,211,stop,93395,5.708657
quill-120b,Fastori,2579,329,305,stop,1713,4.266433
quill-120b,Coreline,1835,258,240,stop,2923,3.412494
quill-120b,Fastori,2089,381,358,stop,954,3.699894
quill-120b,Coreline,3038,262,242,stop,2904,4.595666
quill-120b,Coreline,2594,179,165,stop,2456,3.897405
quill-120b,NimbusServe,2396,408,385,stop,6151,4.592399
quill-120b,Steadfast,2392,250,236,stop,4987,4.128044
quill-120b,NimbusServe,2950,231,215,stop,106624,4.867172
quill-120b,Steadfast,2862,350,331,stop,4592,4.753984
quill-120b,Coreline,2659,351,321,stop,2961,4.265674
quill-120b,Coreline,2452,436,407,stop,3268,4.879767
quill-120b,Fastori,2019,376,354,stop,1101,4.168152
quill-120b,NimbusServe,2608,303,282,stop,6205,4.063154
quill-120b,Fastori,1903,272,259,stop,1403,3.703400
quill-120b,NimbusServe,2049,369,345,stop,6397,4.051218
quill-120b,Coreline,1953,324,304,stop,2629,3.651566
quill-120b,Coreline,3071,233,219,stop,2203,5.138889
quill-120b,NimbusServe,2389,370,349,stop,7203,4.464225
quill-120b,Steadfast,2018,286,260,stop,4539,3.623476
quill-120b,NimbusServe,3300,298,276,stop,7403,5.460964
quill-120b,Coreline,2741,348,331,stop,2102,5.200770
quill-120b,Fastori,2164,292,265,stop,1427,3.688044
quill-120b,Fastori,3203,315,291,stop,8387,5.372819
quill-120b,Steadfast,2516,400,369,stop,4901,4.161785
quill-120b,Steadfast,3083,353,324,stop,4010,5.339245
quill-120b,Coreline,2587,418,388,stop,2560,4.754048
quill-120b,Fastori,2334,326,300,stop,1206,3.905169
quill-120b,Coreline,2383,397,373,stop,2405,4.772259
quill-120b,Fastori,2119,398,370,stop,1252,4.202906
quill-120b,Steadfast,2469,263,238,stop,2693,3.964912
quill-120b,Coreline,1927,366,343,stop,2940,3.798909
quill-120b,Steadfast,2072,348,325,stop,4197,3.670475
quill-120b,NimbusServe,2467,415,382,stop,5958,4.358373
quill-120b,NimbusServe,1563,301,283,stop,5727,3.120896
quill-120b,Steadfast,2660,267,246,stop,3377,4.392351
quill-120b,Steadfast,2361,294,276,stop,3573,4.223610
quill-120b,Coreline,2922,487,450,stop,1713,5.390940
quill-120b,Fastori,1917,396,364,stop,1601,3.960458
quill-120b,Coreline,1937,271,254,stop,2892,3.279025
quill-120b,Coreline,2359,328,305,stop,2313,3.982020
quill-120b,Coreline,2666,336,313,stop,2939,4.474699
quill-120b,Coreline,2953,273,257,stop,2114,4.537957
quill-120b,Fastori,1687,317,295,stop,1383,2.935822
quill-120b,Fastori,2427,443,412,stop,1075,4.248814
quill-120b,NimbusServe,1499,224,207,stop,5940,2.726310
quill-120b,Steadfast,3062,352,320,stop,4545,5.455534
quill-120b,Steadfast,2714,194,183,stop,3974,4.165188
quill-120b,Coreline,1588,235,218,stop,2289,3.015818
quill-120b,Steadfast,2791,385,361,stop,4245,5.037041
quill-120b,Coreline,2140,431,401,stop,2961,4.432758
quill-120b,Fastori,2269,351,326,stop,1148,3.780504
quill-120b,Coreline,2574,370,342,stop,3042,4.342944
quill-120b,Fastori,2450,304,286,stop,1077,4.285732
quill-120b,Fastori,1778,419,388,stop,1304,3.746104
quill-120b,Steadfast,2372,379,352,stop,4707,4.644746
quill-120b,Fastori,2048,334,312,stop,1356,3.473273
quill-120b,Coreline,2150,263,248,stop,1892,3.789765
quill-120b,Steadfast,3028,254,235,stop,4177,4.726126
quill-120b,Coreline,2192,251,237,stop,2606,3.410636
quill-120b,Coreline,1620,411,382,stop,2080,3.360760
quill-120b,Steadfast,2874,252,236,stop,3856,4.283930
quill-120b,NimbusServe,2987,225,210,stop,5653,4.943683
quill-120b,Coreline,1345,280,264,stop,2513,2.705933
quill-120b,Steadfast,2142,420,386,stop,3586,4.347447
quill-120b,Fastori,3051,343,313,stop,1698,5.166639
quill-120b,Coreline,1560,335,310,stop,2163,2.858624
quill-120b,Steadfast,2979,444,408,stop,4773,5.006285
quill-120b,Coreline,1597,363,333,stop,14474,3.341089
quill-120b,NimbusServe,1944,295,268,stop,80467,3.535412
quill-120b,Fastori,2849,338,314,stop,1589,4.531011
quill-120b,Fastori,1878,468,436,stop,1000,3.732641
quill-120b,Steadfast,2962,294,273,stop,3531,5.161144
quill-120b,Fastori,1576,295,274,stop,1690,2.975878
quill-120b,Fastori,2484,261,244,stop,1461,4.111636
quill-120b,Steadfast,3147,176,165,stop,12287,4.846388
quill-120b,Steadfast,2692,375,349,stop,4837,4.632477
quill-120b,Coreline,2700,276,258,stop,2817,4.384849
quill-120b,Coreline,2556,339,312,stop,1804,4.176118
quill-120b,Steadfast,1706,308,290,stop,20945,3.533746
quill-120b,NimbusServe,2136,363,340,stop,5493,4.114129
quill-120b,Coreline,1527,288,268,stop,2827,2.691300
quill-120b,Steadfast,2402,421,383,stop,3526,4.579829
quill-120b,Steadfast,1573,366,335,stop,4194,3.047848
quill-120b,Fastori,2619,261,242,stop,1391,4.636410
quill-120b,Coreline,1986,270,250,stop,2918,3.802862
quill-120b,Steadfast,2357,427,402,stop,4674,4.623767
quill-120b,Steadfast,1747,340,317,stop,5341,3.500191
quill-120b,Steadfast,1858,282,261,stop,4385,3.600436
quill-120b,Coreline,1226,320,299,stop,2189,2.348274
quill-120b,Coreline,1759,242,224,stop,2687,3.420832
quill-120b,Fastori,2610,337,305,stop,1562,4.802552
quill-120b,Coreline,3247,320,296,stop,3152,5.635160
quill-120b,Coreline,1761,409,378,stop,2477,3.595770
quill-120b,Fastori,1766,388,357,stop,1490,3.433134
quill-120b,Fastori,2235,380,354,stop,10096,4.196994
quill-120b,Coreline,2403,404,365,stop,1984,4.872762
quill-120b,Coreline,2935,290,268,stop,3005,5.131940
quill-120b,Fastori,2988,173,158,stop,1653,4.286615
quill-120b,NimbusServe,1864,329,306,stop,6768,3.515715
quill-120b,Fastori,2776,395,374,stop,1348,5.291878
quill-120b,NimbusServe,2701,237,220,stop,7510,4.073377
quill-120b,Fastori,3051,370,347,stop,1732,5.472895
quill-120b,Coreline,2154,278,258,stop,2320,3.722511
quill-120b,NimbusServe,2322,306,286,stop,7351,4.136342
quill-120b,NimbusServe,2789,264,245,stop,5908,4.797860
quill-120b,NimbusServe,2189,348,327,stop,7392,3.650383
quill-120b,NimbusServe,2683,299,274,stop,6347,4.233438
quill-120b,Coreline,2113,328,304,stop,2095,3.566159
quill-120b,NimbusServe,2457,211,198,stop,7087,3.874392
quill-120b,NimbusServe,1723,426,391,stop,5165,3.792511
quill-120b,Fastori,2054,327,299,stop,1391,4.019892
quill-120b,Fastori,2487,291,270,stop,1302,4.531207
quill-120b,Steadfast,3324,277,258,stop,5150,5.939310
quill-120b,Coreline,2988,293,272,stop,2069,4.674311
quill-120b,Steadfast,1705,326,307,stop,3795,3.330458
quill-120b,Coreline,2979,328,306,stop,2259,4.980244
quill-120b,Coreline,1975,329,304,stop,3524,3.511912
quill-120b,Coreline,2564,241,218,stop,2728,4.492730
quill-120b,Steadfast,2271,359,331,stop,4484,4.013124
quill-120b,Steadfast,1732,336,311,stop,3529,3.428378
quill-120b,Fastori,2061,269,248,stop,1030,3.391646
quill-120b,Steadfast,2484,257,239,stop,3070,4.336852
quill-120b,Steadfast,1811,349,329,stop,4350,3.334160
quill-120b,Coreline,2694,255,231,stop,2512,4.665730
quill-120b,NimbusServe,3236,306,289,stop,6051,5.897107
quill-120b,Coreline,2856,236,223,stop,1731,4.521171
quill-120b,Steadfast,2144,252,234,stop,4024,3.598328
quill-120b,Steadfast,1963,331,307,stop,4787,3.668116
quill-120b,Coreline,1324,383,362,stop,2626,2.813101
quill-120b,Coreline,2602,357,333,stop,2259,4.220829
quill-120b,NimbusServe,2225,322,296,stop,6519,3.756545
quill-120b,Coreline,3265,432,397,stop,2643,6.162713
quill-120b,Steadfast,1953,285,261,stop,3555,3.420208
quill-120b,Steadfast,1785,334,307,stop,4359,3.192305
quill-120b,Fastori,1682,247,234,stop,1216,2.946459
quill-120b,Steadfast,2345,285,267,stop,4495,4.170515
quill-120b,NimbusServe,2730,372,342,stop,7536,4.559331
quill-120b,NimbusServe,2462,212,200,stop,54576,4.282783
quill-120b,Coreline,2865,253,236,stop,2671,4.878094
quill-120b,Steadfast,3415,205,187,stop,3910,4.858636
quill-120b,NimbusServe,2288,278,262,stop,6191,3.653298
quill-120b,Fastori,2255,320,300,stop,1292,4.051856
quill-120b,Steadfast,3337,301,282,stop,2726,5.517514
quill-120b,Steadfast,3000,437,411,stop,3636,5.194377
quill-120b,NimbusServe,2852,359,338,stop,110719,5.092390
quill-120b,Coreline,2794,261,247,stop,2270,4.243389
quill-120b,NimbusServe,1815,361,335,stop,6932,3.699795
quill-120b,Coreline,1904,322,293,stop,1757,3.829812
quill-120b,NimbusServe,2536,349,324,stop,6823,4.402162
quill-120b,Steadfast,1723,398,361,stop,4602,3.296938
quill-120b,Fastori,2033,268,251,stop,1198,3.572351
quill-120b,Steadfast,2586,374,352,stop,3359,4.719180
quill-120b,Fastori,3021,316,293,stop,1446,4.957014
quill-120b,Coreline,2287,280,265,stop,2248,3.996809
quill-120b,NimbusServe,3411,307,285,stop,5643,5.352356
quill-120b,Coreline,2566,326,300,stop,2238,4.651808
quill-120b,Steadfast,2277,327,304,stop,3695,3.923448
quill-120b,NimbusServe,1237,306,282,stop,6023,2.743793
quill-120b,Steadfast,2760,321,292,stop,3709,5.070218
quill-120b,NimbusServe,2449,374,342,stop,6800,4.528570
quill-120b,NimbusServe,3146,422,398,stop,6727,5.891980
quill-120b,Steadfast,1423,333,311,stop,3930,2.786442
quill-120b,Fastori,2970,300,284,stop,1401,5.222666
quill-120b,Steadfast,2369,343,318,stop,4597,4.019387
quill-120b,Coreline,2255,277,259,stop,2296,3.725689
quill-120b,Fastori,2726,406,375,stop,1795,4.746285
quill-120b,Coreline,1930,394,368,stop,2198,3.783331
quill-120b,NimbusServe,2866,334,317,stop,5102,5.230411
quill-120b,Fastori,1948,331,303,stop,1332,3.300541
quill-120b,Fastori,2059,324,299,stop,1272,4.085218
quill-120b,Steadfast,3019,211,192,stop,3556,4.387632
quill-120b,Coreline,2172,363,336,stop,2813,3.856724
quill-120b,NimbusServe,1584,398,384,stop,5137,3.401054
quill-120b,Fastori,2893,286,269,stop,996,4.660965
quill-120b,Coreline,1765,275,259,stop,2933,3.152394
quill-120b,Steadfast,2962,315,292,stop,4223,5.295158
quill-120b,Fastori,2549,254,236,stop,1913,4.065899
quill-120b,Steadfast,3171,329,305,stop,3780,5.173346
quill-120b,NimbusServe,1855,277,253,stop,5515,3.330968
quill-120b,Coreline,2611,374,356,stop,1858,4.851933
quill-120b,NimbusServe,2827,237,219,stop,69734,4.748756
quill-120b,Coreline,1536,304,279,stop,2851,3.047234
quill-120b,Steadfast,1763,378,352,stop,3193,3.677584
quill-120b,Coreline,3107,348,333,stop,2500,4.917585
quill-120b,Fastori,2348,279,257,stop,1467,4.001160
quill-120b,Steadfast,1584,337,314,stop,4380,3.097256
quill-120b,Steadfast,1704,245,226,stop,4696,3.204814
quill-120b,Fastori,2081,367,348,stop,1437,3.921609
quill-120b,NimbusServe,1768,306,276,stop,5578,3.038138
quill-120b,NimbusServe,2361,371,348,stop,5875,4.194714
quill-120b,Steadfast,2816,318,296,stop,4413,4.335341
quill-120b,Fastori,3113,306,288,stop,1204,4.749574
quill-120b,Fastori,1429,365,343,stop,1705,2.697844
quill-120b,Coreline,1892,336,313,stop,3035,3.311669
quill-120b,NimbusServe,2761,265,245,stop,79727,4.623842
quill-120b,NimbusServe,2684,258,237,stop,6134,4.776954
quill-120b,Fastori,2267,391,359,stop,1488,4.539068
quill-120b,Coreline,2471,367,348,stop,16157,4.554683
quill-120b,Steadfast,1364,277,259,stop,3168,2.924198
quill-120b,Coreline,2861,332,307,stop,2738,4.692216
quill-120b,Fastori,2968,328,305,stop,1237,5.058898
quill-120b,Coreline,3354,194,182,stop,2112,5.144083
quill-120b,Steadfast,3145,242,229,stop,4289,5.218832
quill-120b,Coreline,2441,255,245,stop,1961,3.886886
quill-120b,Steadfast,2668,464,430,stop,5032,5.478863
quill-120b,Fastori,1636,244,228,stop,1512,2.815121
quill-120b,Steadfast,2140,291,273,stop,3873,3.932761
quill-120b,NimbusServe,1902,263,245,stop,6811,3.640795
quill-120b,Coreline,1306,334,313,stop,1985,2.657277
quill-120b,Coreline,2612,338,319,stop,1969,4.650583
quill-120b,Coreline,3066,328,302,stop,2510,4.680621
quill-120b,NimbusServe,2701,270,254,stop,7256,4.800184
quill-120b,Fastori,965,355,329,stop,1017,2.531654
quill-120b,Coreline,2649,394,367,stop,2388,5.178186
quill-120b,Coreline,2058,251,232,stop,2421,3.213884
quill-120b,NimbusServe,1851,254,238,stop,86082,3.026420
quill-120b,Steadfast,2212,390,361,stop,4278,3.852001
quill-120b,Coreline,2389,302,279,stop,2936,4.059857
quill-120b,Fastori,2228,386,353,stop,1064,4.450381
quill-120b,NimbusServe,2535,307,289,stop,5173,4.631994
quill-120b,Fastori,2283,250,233,stop,1190,4.125358
quill-120b,Steadfast,3145,357,332,stop,3068,5.398652
quill-120b,Coreline,2645,301,278,stop,2167,4.303629
quill-120b,NimbusServe,2131,331,309,stop,52169,3.890049
quill-120b,Fastori,2100,347,326,stop,1200,4.208014
quill-120b,NimbusServe,1891,307,284,stop,6700,3.240471
quill-120b,Coreline,3286,312,294,stop,2479,5.289621
quill-120b,Fastori,2391,423,406,stop,1674,4.892427
quill-120b,Fastori,2329,207,194,stop,1383,3.796479
quill-120b,Fastori,2759,358,330,stop,1261,5.163948
quill-120b,Fastori,2703,189,177,stop,1643,4.160578
quill-120b,Steadfast,2623,381,357,stop,3883,4.476160
quill-120b,NimbusServe,2125,378,357,stop,6174,3.631683
quill-120b,Steadfast,2106,259,243,stop,3822,3.823504
quill-120b,Coreline,1676,255,236,stop,2543,2.865568
quill-120b,Fastori,2420,278,259,stop,1095,4.222506
quill-120b,Coreline,2690,267,249,stop,2310,4.064851
quill-120b,Coreline,2639,257,237,stop,3228,4.470237
quill-120b,Coreline,2672,264,239,stop,2748,4.488156
quill-120b,Steadfast,1607,186,169,stop,4120,2.694262
quill-120b,Steadfast,3011,410,382,stop,4647,5.678211
quill-120b,NimbusServe,2693,271,249,stop,6232,4.249680
quill-120b,Coreline,2132,338,312,stop,2485,3.797449
quill-120b,NimbusServe,1988,234,219,stop,5209,3.526134
quill-120b,Coreline,2192,355,326,stop,15058,4.164822
quill-120b,Steadfast,2799,206,193,stop,4247,4.439639
quill-120b,Coreline,2734,333,315,stop,2663,4.675112
quill-120b,Coreline,1705,391,372,stop,2415,3.136215
quill-120b,Steadfast,2672,188,173,stop,3341,4.443223
quill-120b,Steadfast,1716,155,145,stop,3904,3.077259
quill-120b,Fastori,1828,244,228,stop,1364,2.955270
quill-120b,Steadfast,2462,314,288,stop,4374,4.424993
quill-120b,Coreline,2720,288,266,stop,2613,4.313221
quill-120b,NimbusServe,3034,245,224,stop,4468,5.169108
quill-120b,Coreline,2353,295,277,stop,2306,4.222135
quill-120b,Fastori,2963,353,332,stop,1364,4.707933
quill-120b,Steadfast,2488,322,301,stop,22427,4.351693
quill-120b,NimbusServe,2894,281,262,stop,51333,4.787881
quill-120b,NimbusServe,2635,320,300,stop,6938,4.330409
quill-120b,Steadfast,2434,272,257,stop,3416,3.930046
quill-120b,Steadfast,2032,377,354,stop,4681,4.050079
quill-120b,Steadfast,2811,258,240,stop,3519,4.745805
quill-120b,Coreline,3157,282,265,stop,2568,4.686532
quill-120b,Steadfast,2308,224,210,stop,4286,3.586667
quill-120b,NimbusServe,2723,358,324,stop,5734,4.327994
quill-120b,Fastori,2086,324,298,stop,1315,3.684035
quill-120b,Steadfast,2313,345,320,stop,3944,3.933065
quill-120b,Fastori,2233,259,239,stop,1080,3.455585
quill-120b,NimbusServe,1985,363,339,stop,6045,3.466848
quill-120b,Steadfast,2298,154,145,stop,5004,3.563828
quill-120b,Steadfast,2204,354,331,stop,4152,4.364280
quill-120b,Fastori,1626,376,347,stop,1032,3.101757
quill-120b,Coreline,3039,382,363,stop,2071,5.189687
quill-120b,Steadfast,2281,316,300,stop,4587,4.266578
quill-120b,Steadfast,2022,255,234,stop,4647,3.242929
quill-120b,NimbusServe,2122,424,386,stop,60523,4.096331
quill-120b,Steadfast,3719,265,248,stop,3258,6.441935
quill-120b,Steadfast,2527,255,236,stop,3929,4.005436
quill-120b,Fastori,1999,322,303,stop,1351,3.469375
quill-120b,Fastori,2646,283,265,stop,1312,4.037208
quill-120b,Fastori,2613,350,328,stop,1210,4.634091
quill-120b,NimbusServe,2247,239,222,stop,6802,3.468952
quill-120b,Steadfast,2432,247,230,stop,3918,4.416401
quill-120b,NimbusServe,2903,249,229,stop,5173,5.146839
quill-120b,Steadfast,1573,227,210,stop,4159,3.079504
quill-120b,Fastori,2478,303,281,stop,1281,4.012897
quill-120b,NimbusServe,1552,277,258,stop,6135,2.724457
quill-120b,NimbusServe,1810,400,370,stop,6622,3.384525
quill-120b,Fastori,2007,480,448,stop,1142,4.140034
quill-120b,Fastori,2336,358,336,stop,1232,4.279397
quill-120b,Steadfast,3650,368,341,stop,4590,6.522727
quill-120b,Fastori,2757,296,272,stop,1597,4.972415
quill-120b,Steadfast,1633,395,366,stop,4089,3.564485
quill-120b,NimbusServe,3139,276,254,stop,5643,5.214089
quill-120b,Steadfast,3377,374,341,stop,11822,6.068510
quill-120b,Fastori,2516,417,391,stop,1507,4.486570
quill-120b,Steadfast,2759,391,354,stop,3901,5.112447
quill-120b,Coreline,1844,273,251,stop,2834,3.001039
quill-120b,Coreline,2109,283,264,stop,2672,3.714815
quill-120b,Coreline,1743,383,361,stop,2380,3.356914
quill-120b,Steadfast,2249,256,240,stop,4069,3.934399
quill-120b,Steadfast,2813,328,306,stop,3106,5.130243
quill-120b,Fastori,2254,465,439,stop,1643,4.496981
quill-120b,NimbusServe,2633,356,335,stop,6001,4.616560
quill-120b,NimbusServe,1809,355,336,stop,5900,3.237567
quill-120b,Steadfast,2371,255,238,stop,3130,3.995756
quill-120b,Coreline,1827,261,242,stop,2842,3.245661
quill-120b,Fastori,2451,296,277,stop,1497,3.989833
quill-120b,Fastori,2210,255,239,stop,1569,3.755828
quill-120b,Fastori,2422,237,225,stop,1534,3.770456
quill-120b,Steadfast,2651,345,317,stop,4384,4.565641
quill-120b,Fastori,3020,364,333,stop,1450,4.832860
quill-120b,Coreline,2632,224,205,stop,2018,4.469829
quill-120b,NimbusServe,1383,372,340,stop,6516,2.907872
quill-120b,NimbusServe,2238,330,306,stop,6454,3.877927
quill-120b,Fastori,2608,323,295,stop,1570,4.953885
quill-120b,NimbusServe,1963,158,150,stop,106261,3.211339
quill-120b,Steadfast,2363,348,323,stop,3872,4.153277
quill-120b,Steadfast,2391,286,266,stop,4242,3.881185
quill-120b,Steadfast,1795,346,316,stop,4543,3.602203
quill-120b,Coreline,2455,346,325,stop,2590,4.614357
quill-120b,Steadfast,2982,300,282,stop,4552,4.883247
quill-120b,NimbusServe,3165,295,270,stop,56659,5.562731
quill-120b,Fastori,2315,347,323,stop,1587,4.488893
quill-120b,NimbusServe,2094,304,281,stop,6347,4.098531
quill-120b,Fastori,2575,284,262,stop,1309,4.589522
quill-120b,Coreline,1927,226,207,stop,2639,3.234173
quill-120b,Steadfast,3222,353,330,stop,4895,5.414498
quill-120b,NimbusServe,2298,246,228,stop,56474,3.597053
quill-120b,Fastori,3425,269,251,stop,1592,6.016464
quill-120b,Coreline,2712,371,345,stop,2105,4.677474
quill-120b,NimbusServe,1192,326,307,stop,6397,2.513593
quill-120b,Steadfast,2460,378,356,stop,4580,4.696098
quill-120b,Steadfast,1900,223,210,stop,3457,3.030010
quill-120b,Steadfast,2350,374,344,stop,3542,4.077804
quill-120b,Fastori,2460,286,266,stop,1131,4.353994
quill-120b,Coreline,2639,244,225,stop,2019,3.949246
quill-120b,Coreline,1971,418,392,stop,2104,3.844942
quill-120b,NimbusServe,1913,326,305,stop,53962,3.881519
quill-120b,NimbusServe,2404,282,265,stop,6326,4.330352
quill-120b,Steadfast,1899,303,286,stop,3230,3.452077
quill-120b,NimbusServe,1982,271,253,stop,4520,3.803677
quill-120b,Steadfast,2715,293,277,stop,4263,4.190844
quill-120b,NimbusServe,2438,247,223,stop,8361,3.799326
quill-120b,Steadfast,2093,341,323,stop,4260,3.609547
quill-120b,Coreline,3323,363,344,stop,2566,5.172887
quill-120b,Coreline,1793,260,245,stop,2725,3.467422
quill-120b,Steadfast,2712,284,262,stop,3661,4.430336
quill-120b,Fastori,2184,238,220,stop,1610,3.549749
quill-120b,Coreline,1968,331,306,stop,1871,3.317471
quill-120b,NimbusServe,2808,178,168,stop,7530,4.041099
quill-120b,NimbusServe,2292,365,336,stop,76155,4.065491
quill-120b,Steadfast,2473,404,379,stop,4220,4.417125
quill-120b,NimbusServe,1904,236,217,stop,4686,3.184913
quill-120b,NimbusServe,2614,334,316,stop,6962,4.867669
quill-120b,Steadfast,1591,325,297,stop,4412,3.158715
quill-120b,Coreline,2838,243,223,stop,2697,4.272705
quill-120b,NimbusServe,2155,217,203,stop,7439,3.850015
quill-120b,Coreline,2634,383,349,stop,2172,4.633876
quill-120b,Steadfast,2155,298,274,stop,4235,4.156299
quill-120b,NimbusServe,2496,374,349,stop,110711,4.934087
quill-120b,Steadfast,3135,265,243,stop,4398,5.113090
quill-120b,Steadfast,3144,357,332,stop,4424,4.998375
quill-120b,Fastori,1759,454,422,stop,1273,3.831461
quill-120b,Fastori,2433,269,247,stop,1302,4.466996
quill-120b,Coreline,2729,338,312,stop,2714,4.920288
quill-120b,NimbusServe,2457,387,363,stop,109610,4.099302
quill-120b,Steadfast,2688,319,300,stop,2791,4.665436
quill-120b,Fastori,2297,308,285,stop,1197,3.816664
quill-120b,Fastori,2976,272,256,stop,1639,5.033647
quill-120b,NimbusServe,2395,311,297,stop,6889,4.551486
quill-120b,Steadfast,3366,268,249,stop,3467,5.767165
quill-120b,Fastori,2422,261,245,stop,1445,4.289129
quill-120b,Steadfast,2319,230,211,stop,4807,4.020040
quill-120b,Fastori,2438,380,347,stop,1301,4.029898
quill-120b,Coreline,1954,386,367,stop,2767,3.496078
quill-120b,Fastori,2622,361,338,stop,1371,4.361262
quill-120b,Coreline,2492,292,273,stop,2943,4.014642
quill-120b,Steadfast,3496,219,205,stop,4358,5.907225
quill-120b,NimbusServe,1460,298,276,stop,8333,2.992068
quill-120b,Steadfast,2072,309,296,stop,3800,3.853370
quill-120b,Coreline,3448,248,231,stop,2113,5.381076
quill-120b,NimbusServe,2417,352,333,stop,6437,4.463730
quill-120b,Steadfast,2537,323,304,stop,3432,4.630412
quill-120b,Fastori,2079,326,301,stop,1596,3.489062
quill-120b,NimbusServe,2496,332,312,stop,7053,4.577378
quill-120b,Fastori,2275,281,263,stop,1601,3.731403
quill-120b,Steadfast,1459,463,430,stop,3495,3.581235
quill-120b,Coreline,1953,398,371,stop,3016,3.597252
quill-120b,Steadfast,2515,271,251,stop,3713,4.304943
quill-120b,NimbusServe,2358,311,287,stop,4847,4.173769
quill-120b,Fastori,2346,265,244,stop,1254,3.690897
quill-120b,Steadfast,2202,279,262,stop,3995,3.659983
quill-120b,Steadfast,2929,306,289,stop,3349,5.218627
quill-120b,NimbusServe,3073,305,284,stop,4668,5.135135
quill-120b,NimbusServe,1415,265,250,stop,6462,2.797694
quill-120b,Steadfast,3072,370,347,stop,12985,5.628878
quill-120b,Steadfast,1689,454,421,stop,4016,3.798122
quill-120b,Steadfast,1937,394,371,stop,3781,3.975400
quill-120b,Coreline,2501,489,450,stop,2904,4.736646
quill-120b,Steadfast,3041,375,354,stop,4918,4.831738
quill-120b,Coreline,1541,257,239,stop,2705,2.749085
quill-120b,Steadfast,2538,268,247,stop,4638,3.885628
quill-120b,Coreline,2894,299,278,stop,2417,4.587742
quill-120b,Fastori,1963,383,362,stop,1582,3.513343
quill-120b,Steadfast,3158,280,257,stop,5292,5.106800
quill-120b,NimbusServe,2234,405,379,stop,4726,4.120974
quill-120b,Steadfast,2202,308,286,stop,4560,4.191343
quill-120b,Fastori,2066,276,254,stop,1283,3.812416
quill-120b,NimbusServe,3290,392,354,stop,6463,5.914264
quill-120b,Coreline,1698,228,216,stop,2038,3.066545
quill-120b,Steadfast,2954,330,307,stop,4303,5.370134
quill-120b,Fastori,3394,403,369,stop,1342,6.342705
quill-120b,NimbusServe,2622,331,313,stop,68667,4.966571
quill-120b,Fastori,1760,330,307,stop,1287,3.557126
quill-120b,Coreline,1947,269,254,stop,14269,3.343603
quill-120b,NimbusServe,2401,358,325,stop,5998,4.049902
quill-120b,Coreline,1591,357,337,stop,2733,2.896601
quill-120b,Steadfast,2995,223,209,stop,3189,4.660264
quill-120b,Fastori,2408,359,326,stop,1568,4.387306
quill-120b,NimbusServe,2507,246,224,stop,83360,4.576968
quill-120b,Fastori,2171,369,348,stop,1385,4.363954
quill-120b,Fastori,2780,313,298,stop,1249,5.091610
quill-120b,NimbusServe,2127,285,267,stop,54296,3.806844
quill-120b,Fastori,2651,318,299,stop,1201,5.018771
quill-120b,NimbusServe,2599,323,300,stop,6162,4.487851
quill-120b,Steadfast,1678,419,383,stop,3490,3.703138
quill-120b,Fastori,3056,366,345,stop,879,5.659828
quill-120b,NimbusServe,2347,274,256,stop,5805,3.830025
quill-120b,NimbusServe,1759,345,320,stop,5745,3.364314
quill-120b,NimbusServe,1542,373,344,stop,6165,3.024389
quill-120b,NimbusServe,2411,389,371,stop,6924,4.795634
quill-120b,Coreline,2137,371,350,stop,2410,4.365856
quill-120b,Fastori,2448,314,286,stop,1282,4.432900
quill-120b,NimbusServe,2287,377,350,stop,5163,4.360166
quill-120b,Fastori,2230,274,260,stop,1417,3.639571
quill-120b,Coreline,1760,331,305,stop,2025,3.598582
quill-120b,NimbusServe,1941,282,264,stop,93139,3.546845
quill-120b,Coreline,2445,268,254,stop,8234,4.038246
quill-120b,Fastori,2213,275,258,stop,1347,4.056439
quill-120b,Steadfast,2616,338,310,stop,3187,4.178910
quill-120b,Steadfast,1871,276,258,stop,3866,3.100631
quill-120b,Fastori,1575,295,269,stop,1073,2.696854
quill-120b,Steadfast,1886,297,278,stop,3625,3.578322
quill-120b,Coreline,3457,332,306,stop,2146,5.224021
quill-120b,NimbusServe,2472,228,205,stop,6414,4.442635
quill-120b,Coreline,2229,258,238,stop,2618,4.135765
quill-120b,Fastori,1787,283,260,stop,6646,3.308688
quill-120b,Coreline,2434,311,280,stop,2340,4.320627
quill-120b,Coreline,1743,380,357,stop,2520,3.560125
quill-120b,NimbusServe,2127,379,359,stop,6959,4.219526
quill-120b,Steadfast,1950,367,341,stop,3330,3.634371
quill-120b,NimbusServe,3267,368,348,stop,5623,5.111576
quill-120b,Fastori,2859,242,225,stop,1544,4.975802
quill-120b,NimbusServe,1684,314,298,stop,7548,3.254808
quill-120b,Steadfast,1761,263,241,stop,4794,2.854676
quill-120b,NimbusServe,3161,380,357,stop,6182,5.070727
quill-120b,Coreline,3179,304,285,stop,2609,4.835500
quill-120b,Coreline,2241,324,304,stop,2716,4.354501
quill-120b,Coreline,2421,422,394,stop,1750,4.093793
quill-120b,NimbusServe,3496,403,377,stop,7017,6.007371
quill-120b,NimbusServe,1554,272,255,stop,6532,2.839921
quill-120b,NimbusServe,2015,314,292,stop,66295,3.676792
quill-120b,NimbusServe,1820,330,302,stop,5944,3.640197
quill-120b,Steadfast,1785,305,283,stop,2992,3.468111
quill-120b,Fastori,3289,320,291,stop,1435,5.961085
quill-120b,Coreline,2416,408,380,stop,2799,4.575951
quill-120b,Steadfast,3120,316,294,stop,4483,5.655847
quill-120b,Coreline,2784,336,306,stop,2959,5.231110
quill-120b,Coreline,2349,409,380,stop,2771,4.080336
quill-120b,NimbusServe,1441,341,317,stop,5372,2.886085
quill-120b,Steadfast,2209,329,307,stop,4266,3.903613
quill-120b,Steadfast,2198,310,292,stop,5125,4.220375
quill-120b,NimbusServe,1854,382,353,stop,65332,3.411905
quill-120b,NimbusServe,3567,178,169,stop,5603,5.054181
quill-120b,NimbusServe,2221,302,278,stop,4299,4.231999
quill-120b,NimbusServe,2179,279,264,stop,5761,3.591917
quill-120b,Fastori,2560,306,288,stop,1512,4.801276
quill-120b,NimbusServe,2279,333,313,stop,6773,4.341486
quill-120b,NimbusServe,2136,335,303,stop,6115,3.896774
quill-120b,NimbusServe,1754,294,278,stop,95948,3.322165
quill-120b,Fastori,3323,332,304,stop,1495,5.623101
quill-120b,NimbusServe,1950,368,342,stop,6879,4.071373
quill-120b,Fastori,1981,423,393,stop,1494,3.774405
quill-120b,Fastori,2819,391,372,stop,1600,4.515339
quill-120b,NimbusServe,2571,421,395,stop,6995,4.432370
quill-120b,Fastori,1936,315,295,stop,1341,3.326781
quill-120b,Steadfast,2141,360,332,stop,3890,3.988580
quill-120b,Fastori,1639,286,266,stop,1512,3.259983
quill-120b,Coreline,1685,310,289,stop,2143,3.051736
quill-120b,Coreline,2168,387,352,stop,2614,4.056396
quill-120b,NimbusServe,2166,253,234,stop,7336,3.490691
quill-120b,Fastori,1954,307,291,stop,1423,3.907942
quill-120b,NimbusServe,1437,397,367,stop,6137,3.308759
quill-120b,NimbusServe,2221,341,324,stop,6771,4.299713
quill-120b,Coreline,2667,429,406,stop,2550,4.973988
quill-120b,Coreline,2557,334,317,stop,2043,4.448804
quill-120b,Fastori,1708,305,293,stop,10763,3.362411
quill-120b,Fastori,2002,331,307,stop,1144,3.809921
quill-120b,Steadfast,2763,319,294,stop,3255,5.021909
quill-120b,Coreline,2990,383,345,stop,2486,4.757646
quill-120b,Steadfast,3515,252,236,stop,4136,5.639745
quill-120b,Steadfast,2004,388,360,stop,4075,4.070238
quill-120b,NimbusServe,1761,308,286,stop,109372,3.147482
quill-120b,Fastori,2803,214,199,stop,1693,4.639853
quill-120b,Fastori,1978,244,229,stop,1351,3.634543
quill-120b,NimbusServe,3123,375,349,stop,5665,5.488437
quill-120b,NimbusServe,2533,281,263,stop,63646,3.982303
